$MeshFormat
4.1 0 8
$EndMeshFormat
$PhysicalNames
4
0 1 "Initial nodes"
1 1 "Outer border"
1 2 "All lines"
2 1 "Material 1"
$EndPhysicalNames
$Entities
4 4 1 0
1 -1 -1 0 1 1 
2 1 -1 0 1 1 
3 1 1 0 1 1 
4 -1 1 0 1 1 
1 -1 -1 0 1 -1 0 2 1 2 2 1 -2 
2 1 -1 0 1 1 0 2 1 2 2 2 -3 
3 -1 1 0 1 1 0 2 1 2 2 3 -4 
4 -1 -1 0 -1 1 0 2 1 2 2 4 -1 
1 -1 -1 0 1 1 0 1 1 4 1 2 3 4 
$EndEntities
$Nodes
9 6561 1 6561
0 1 0 1
1
-1 -1 0
0 2 0 1
2
1 -1 0
0 3 0 1
3
1 1 0
0 4 0 1
4
-1 1 0
1 1 0 79
5
6
7
8
9
10
11
12
13
14
15
16
17
18
19
20
21
22
23
24
25
26
27
28
29
30
31
32
33
34
35
36
37
38
39
40
41
42
43
44
45
46
47
48
49
50
51
52
53
54
55
56
57
58
59
60
61
62
63
64
65
66
67
68
69
70
71
72
73
74
75
76
77
78
79
80
81
82
83
-0.9750000000000597 -1 0
-0.950000000000111 -1 0
-0.9250000000001857 -1 0
-0.9000000000002774 -1 0
-0.8750000000003543 -1 0
-0.8500000000004283 -1 0
-0.8250000000004916 -1 0
-0.8000000000005548 -1 0
-0.7750000000006259 -1 0
-0.7500000000006787 -1 0
-0.7250000000007555 -1 0
-0.7000000000008322 -1 0
-0.6750000000009015 -1 0
-0.6500000000009709 -1 0
-0.6250000000010403 -1 0
-0.6000000000011096 -1 0
-0.575000000001179 -1 0
-0.5500000000012484 -1 0
-0.5250000000013176 -1 0
-0.500000000001387 -1 0
-0.4750000000014564 -1 0
-0.4500000000015256 -1 0
-0.425000000001595 -1 0
-0.4000000000016644 -1 0
-0.3750000000017337 -1 0
-0.3500000000018031 -1 0
-0.3250000000018725 -1 0
-0.3000000000019418 -1 0
-0.2750000000020112 -1 0
-0.2500000000020806 -1 0
-0.2250000000021499 -1 0
-0.2000000000022192 -1 0
-0.1750000000022885 -1 0
-0.1500000000023578 -1 0
-0.1250000000024272 -1 0
-0.1000000000024964 -1 0
-0.07500000000256046 -1 0
-0.05000000000262439 -1 0
-0.02500000000268832 -1 0
-2.752242878045763e-12 -1 0
0.02499999999731184 -1 0
0.0499999999973757 -1 0
0.07499999999743956 -1 0
0.09999999999750342 -1 0
0.1249999999975728 -1 0
0.1499999999976422 -1 0
0.1749999999977114 -1 0
0.1999999999977808 -1 0
0.2249999999978503 -1 0
0.2499999999979194 -1 0
0.2749999999979889 -1 0
0.2999999999980583 -1 0
0.3249999999981275 -1 0
0.3499999999981969 -1 0
0.3749999999982663 -1 0
0.3999999999983355 -1 0
0.4249999999984049 -1 0
0.4499999999984743 -1 0
0.4749999999985435 -1 0
0.4999999999986129 -1 0
0.5249999999986823 -1 0
0.5499999999987515 -1 0
0.5749999999988209 -1 0
0.5999999999988903 -1 0
0.6249999999989597 -1 0
0.6499999999990291 -1 0
0.6749999999990985 -1 0
0.699999999999168 -1 0
0.7249999999992374 -1 0
0.7499999999993068 -1 0
0.774999999999376 -1 0
0.7999999999994454 -1 0
0.8249999999995148 -1 0
0.849999999999584 -1 0
0.8749999999996532 -1 0
0.8999999999997226 -1 0
0.924999999999792 -1 0
0.9499999999998612 -1 0
0.9749999999999306 -1 0
1 2 0 79
84
85
86
87
88
89
90
91
92
93
94
95
96
97
98
99
100
101
102
103
104
105
106
107
108
109
110
111
112
113
114
115
116
117
118
119
120
121
122
123
124
125
126
127
128
129
130
131
132
133
134
135
136
137
138
139
140
141
142
143
144
145
146
147
148
149
150
151
152
153
154
155
156
157
158
159
160
161
162
1 -0.9750000000000597 0
1 -0.950000000000111 0
1 -0.9250000000001857 0
1 -0.9000000000002774 0
1 -0.8750000000003543 0
1 -0.8500000000004283 0
1 -0.8250000000004916 0
1 -0.8000000000005548 0
1 -0.7750000000006259 0
1 -0.7500000000006787 0
1 -0.7250000000007555 0
1 -0.7000000000008322 0
1 -0.6750000000009015 0
1 -0.6500000000009709 0
1 -0.6250000000010403 0
1 -0.6000000000011096 0
1 -0.575000000001179 0
1 -0.5500000000012484 0
1 -0.5250000000013176 0
1 -0.500000000001387 0
1 -0.4750000000014564 0
1 -0.4500000000015256 0
1 -0.425000000001595 0
1 -0.4000000000016644 0
1 -0.3750000000017337 0
1 -0.3500000000018031 0
1 -0.3250000000018725 0
1 -0.3000000000019418 0
1 -0.2750000000020112 0
1 -0.2500000000020806 0
1 -0.2250000000021499 0
1 -0.2000000000022192 0
1 -0.1750000000022885 0
1 -0.1500000000023578 0
1 -0.1250000000024272 0
1 -0.1000000000024964 0
1 -0.07500000000256046 0
1 -0.05000000000262439 0
1 -0.02500000000268832 0
1 -2.752242878045763e-12 0
1 0.02499999999731184 0
1 0.0499999999973757 0
1 0.07499999999743956 0
1 0.09999999999750342 0
1 0.1249999999975728 0
1 0.1499999999976422 0
1 0.1749999999977114 0
1 0.1999999999977808 0
1 0.2249999999978503 0
1 0.2499999999979194 0
1 0.2749999999979889 0
1 0.2999999999980583 0
1 0.3249999999981275 0
1 0.3499999999981969 0
1 0.3749999999982663 0
1 0.3999999999983355 0
1 0.4249999999984049 0
1 0.4499999999984743 0
1 0.4749999999985435 0
1 0.4999999999986129 0
1 0.5249999999986823 0
1 0.5499999999987515 0
1 0.5749999999988209 0
1 0.5999999999988903 0
1 0.6249999999989597 0
1 0.6499999999990291 0
1 0.6749999999990985 0
1 0.699999999999168 0
1 0.7249999999992374 0
1 0.7499999999993068 0
1 0.774999999999376 0
1 0.7999999999994454 0
1 0.8249999999995148 0
1 0.849999999999584 0
1 0.8749999999996532 0
1 0.8999999999997226 0
1 0.924999999999792 0
1 0.9499999999998612 0
1 0.9749999999999306 0
1 3 0 79
163
164
165
166
167
168
169
170
171
172
173
174
175
176
177
178
179
180
181
182
183
184
185
186
187
188
189
190
191
192
193
194
195
196
197
198
199
200
201
202
203
204
205
206
207
208
209
210
211
212
213
214
215
216
217
218
219
220
221
222
223
224
225
226
227
228
229
230
231
232
233
234
235
236
237
238
239
240
241
0.9750000000000597 1 0
0.950000000000111 1 0
0.9250000000001857 1 0
0.9000000000002774 1 0
0.8750000000003543 1 0
0.8500000000004283 1 0
0.8250000000004916 1 0
0.8000000000005548 1 0
0.7750000000006259 1 0
0.7500000000006787 1 0
0.7250000000007555 1 0
0.7000000000008322 1 0
0.6750000000009015 1 0
0.6500000000009709 1 0
0.6250000000010403 1 0
0.6000000000011096 1 0
0.575000000001179 1 0
0.5500000000012484 1 0
0.5250000000013176 1 0
0.500000000001387 1 0
0.4750000000014564 1 0
0.4500000000015256 1 0
0.425000000001595 1 0
0.4000000000016644 1 0
0.3750000000017337 1 0
0.3500000000018031 1 0
0.3250000000018725 1 0
0.3000000000019418 1 0
0.2750000000020112 1 0
0.2500000000020806 1 0
0.2250000000021499 1 0
0.2000000000022192 1 0
0.1750000000022885 1 0
0.1500000000023578 1 0
0.1250000000024272 1 0
0.1000000000024964 1 0
0.07500000000256046 1 0
0.05000000000262439 1 0
0.02500000000268832 1 0
2.752242878045763e-12 1 0
-0.02499999999731184 1 0
-0.0499999999973757 1 0
-0.07499999999743956 1 0
-0.09999999999750342 1 0
-0.1249999999975728 1 0
-0.1499999999976422 1 0
-0.1749999999977114 1 0
-0.1999999999977808 1 0
-0.2249999999978503 1 0
-0.2499999999979194 1 0
-0.2749999999979889 1 0
-0.2999999999980583 1 0
-0.3249999999981275 1 0
-0.3499999999981969 1 0
-0.3749999999982663 1 0
-0.3999999999983355 1 0
-0.4249999999984049 1 0
-0.4499999999984743 1 0
-0.4749999999985435 1 0
-0.4999999999986129 1 0
-0.5249999999986823 1 0
-0.5499999999987515 1 0
-0.5749999999988209 1 0
-0.5999999999988903 1 0
-0.6249999999989597 1 0
-0.6499999999990291 1 0
-0.6749999999990985 1 0
-0.699999999999168 1 0
-0.7249999999992374 1 0
-0.7499999999993068 1 0
-0.774999999999376 1 0
-0.7999999999994454 1 0
-0.8249999999995148 1 0
-0.849999999999584 1 0
-0.8749999999996532 1 0
-0.8999999999997226 1 0
-0.924999999999792 1 0
-0.9499999999998612 1 0
-0.9749999999999306 1 0
1 4 0 79
242
243
244
245
246
247
248
249
250
251
252
253
254
255
256
257
258
259
260
261
262
263
264
265
266
267
268
269
270
271
272
273
274
275
276
277
278
279
280
281
282
283
284
285
286
287
288
289
290
291
292
293
294
295
296
297
298
299
300
301
302
303
304
305
306
307
308
309
310
311
312
313
314
315
316
317
318
319
320
-1 0.9750000000000597 0
-1 0.950000000000111 0
-1 0.9250000000001857 0
-1 0.9000000000002774 0
-1 0.8750000000003543 0
-1 0.8500000000004283 0
-1 0.8250000000004916 0
-1 0.8000000000005548 0
-1 0.7750000000006259 0
-1 0.7500000000006787 0
-1 0.7250000000007555 0
-1 0.7000000000008322 0
-1 0.6750000000009015 0
-1 0.6500000000009709 0
-1 0.6250000000010403 0
-1 0.6000000000011096 0
-1 0.575000000001179 0
-1 0.5500000000012484 0
-1 0.5250000000013176 0
-1 0.500000000001387 0
-1 0.4750000000014564 0
-1 0.4500000000015256 0
-1 0.425000000001595 0
-1 0.4000000000016644 0
-1 0.3750000000017337 0
-1 0.3500000000018031 0
-1 0.3250000000018725 0
-1 0.3000000000019418 0
-1 0.2750000000020112 0
-1 0.2500000000020806 0
-1 0.2250000000021499 0
-1 0.2000000000022192 0
-1 0.1750000000022885 0
-1 0.1500000000023578 0
-1 0.1250000000024272 0
-1 0.1000000000024964 0
-1 0.07500000000256046 0
-1 0.05000000000262439 0
-1 0.02500000000268832 0
-1 2.752242878045763e-12 0
-1 -0.02499999999731184 0
-1 -0.0499999999973757 0
-1 -0.07499999999743956 0
-1 -0.09999999999750342 0
-1 -0.1249999999975728 0
-1 -0.1499999999976422 0
-1 -0.1749999999977114 0
-1 -0.1999999999977808 0
-1 -0.2249999999978503 0
-1 -0.2499999999979194 0
-1 -0.2749999999979889 0
-1 -0.2999999999980583 0
-1 -0.3249999999981275 0
-1 -0.3499999999981969 0
-1 -0.3749999999982663 0
-1 -0.3999999999983355 0
-1 -0.4249999999984049 0
-1 -0.4499999999984743 0
-1 -0.4749999999985435 0
-1 -0.4999999999986129 0
-1 -0.5249999999986823 0
-1 -0.5499999999987515 0
-1 -0.5749999999988209 0
-1 -0.5999999999988903 0
-1 -0.6249999999989597 0
-1 -0.6499999999990291 0
-1 -0.6749999999990985 0
-1 -0.699999999999168 0
-1 -0.7249999999992374 0
-1 -0.7499999999993068 0
-1 -0.774999999999376 0
-1 -0.7999999999994454 0
-1 -0.8249999999995148 0
-1 -0.849999999999584 0
-1 -0.8749999999996532 0
-1 -0.8999999999997226 0
-1 -0.924999999999792 0
-1 -0.9499999999998612 0
-1 -0.9749999999999306 0
2 1 0 6241
321
322
323
324
325
326
327
328
329
330
331
332
333
334
335
336
337
338
339
340
341
342
343
344
345
346
347
348
349
350
351
352
353
354
355
356
357
358
359
360
361
362
363
364
365
366
367
368
369
370
371
372
373
374
375
376
377
378
379
380
381
382
383
384
385
386
387
388
389
390
391
392
393
394
395
396
397
398
399
400
401
402
403
404
405
406
407
408
409
410
411
412
413
414
415
416
417
418
419
420
421
422
423
424
425
426
427
428
429
430
431
432
433
434
435
436
437
438
439
440
441
442
443
444
445
446
447
448
449
450
451
452
453
454
455
456
457
458
459
460
461
462
463
464
465
466
467
468
469
470
471
472
473
474
475
476
477
478
479
480
481
482
483
484
485
486
487
488
489
490
491
492
493
494
495
496
497
498
499
500
501
502
503
504
505
506
507
508
509
510
511
512
513
514
515
516
517
518
519
520
521
522
523
524
525
526
527
528
529
530
531
532
533
534
535
536
537
538
539
540
541
542
543
544
545
546
547
548
549
550
551
552
553
554
555
556
557
558
559
560
561
562
563
564
565
566
567
568
569
570
571
572
573
574
575
576
577
578
579
580
581
582
583
584
585
586
587
588
589
590
591
592
593
594
595
596
597
598
599
600
601
602
603
604
605
606
607
608
609
610
611
612
613
614
615
616
617
618
619
620
621
622
623
624
625
626
627
628
629
630
631
632
633
634
635
636
637
638
639
640
641
642
643
644
645
646
647
648
649
650
651
652
653
654
655
656
657
658
659
660
661
662
663
664
665
666
667
668
669
670
671
672
673
674
675
676
677
678
679
680
681
682
683
684
685
686
687
688
689
690
691
692
693
694
695
696
697
698
699
700
701
702
703
704
705
706
707
708
709
710
711
712
713
714
715
716
717
718
719
720
721
722
723
724
725
726
727
728
729
730
731
732
733
734
735
736
737
738
739
740
741
742
743
744
745
746
747
748
749
750
751
752
753
754
755
756
757
758
759
760
761
762
763
764
765
766
767
768
769
770
771
772
773
774
775
776
777
778
779
780
781
782
783
784
785
786
787
788
789
790
791
792
793
794
795
796
797
798
799
800
801
802
803
804
805
806
807
808
809
810
811
812
813
814
815
816
817
818
819
820
821
822
823
824
825
826
827
828
829
830
831
832
833
834
835
836
837
838
839
840
841
842
843
844
845
846
847
848
849
850
851
852
853
854
855
856
857
858
859
860
861
862
863
864
865
866
867
868
869
870
871
872
873
874
875
876
877
878
879
880
881
882
883
884
885
886
887
888
889
890
891
892
893
894
895
896
897
898
899
900
901
902
903
904
905
906
907
908
909
910
911
912
913
914
915
916
917
918
919
920
921
922
923
924
925
926
927
928
929
930
931
932
933
934
935
936
937
938
939
940
941
942
943
944
945
946
947
948
949
950
951
952
953
954
955
956
957
958
959
960
961
962
963
964
965
966
967
968
969
970
971
972
973
974
975
976
977
978
979
980
981
982
983
984
985
986
987
988
989
990
991
992
993
994
995
996
997
998
999
1000
1001
1002
1003
1004
1005
1006
1007
1008
1009
1010
1011
1012
1013
1014
1015
1016
1017
1018
1019
1020
1021
1022
1023
1024
1025
1026
1027
1028
1029
1030
1031
1032
1033
1034
1035
1036
1037
1038
1039
1040
1041
1042
1043
1044
1045
1046
1047
1048
1049
1050
1051
1052
1053
1054
1055
1056
1057
1058
1059
1060
1061
1062
1063
1064
1065
1066
1067
1068
1069
1070
1071
1072
1073
1074
1075
1076
1077
1078
1079
1080
1081
1082
1083
1084
1085
1086
1087
1088
1089
1090
1091
1092
1093
1094
1095
1096
1097
1098
1099
1100
1101
1102
1103
1104
1105
1106
1107
1108
1109
1110
1111
1112
1113
1114
1115
1116
1117
1118
1119
1120
1121
1122
1123
1124
1125
1126
1127
1128
1129
1130
1131
1132
1133
1134
1135
1136
1137
1138
1139
1140
1141
1142
1143
1144
1145
1146
1147
1148
1149
1150
1151
1152
1153
1154
1155
1156
1157
1158
1159
1160
1161
1162
1163
1164
1165
1166
1167
1168
1169
1170
1171
1172
1173
1174
1175
1176
1177
1178
1179
1180
1181
1182
1183
1184
1185
1186
1187
1188
1189
1190
1191
1192
1193
1194
1195
1196
1197
1198
1199
1200
1201
1202
1203
1204
1205
1206
1207
1208
1209
1210
1211
1212
1213
1214
1215
1216
1217
1218
1219
1220
1221
1222
1223
1224
1225
1226
1227
1228
1229
1230
1231
1232
1233
1234
1235
1236
1237
1238
1239
1240
1241
1242
1243
1244
1245
1246
1247
1248
1249
1250
1251
1252
1253
1254
1255
1256
1257
1258
1259
1260
1261
1262
1263
1264
1265
1266
1267
1268
1269
1270
1271
1272
1273
1274
1275
1276
1277
1278
1279
1280
1281
1282
1283
1284
1285
1286
1287
1288
1289
1290
1291
1292
1293
1294
1295
1296
1297
1298
1299
1300
1301
1302
1303
1304
1305
1306
1307
1308
1309
1310
1311
1312
1313
1314
1315
1316
1317
1318
1319
1320
1321
1322
1323
1324
1325
1326
1327
1328
1329
1330
1331
1332
1333
1334
1335
1336
1337
1338
1339
1340
1341
1342
1343
1344
1345
1346
1347
1348
1349
1350
1351
1352
1353
1354
1355
1356
1357
1358
1359
1360
1361
1362
1363
1364
1365
1366
1367
1368
1369
1370
1371
1372
1373
1374
1375
1376
1377
1378
1379
1380
1381
1382
1383
1384
1385
1386
1387
1388
1389
1390
1391
1392
1393
1394
1395
1396
1397
1398
1399
1400
1401
1402
1403
1404
1405
1406
1407
1408
1409
1410
1411
1412
1413
1414
1415
1416
1417
1418
1419
1420
1421
1422
1423
1424
1425
1426
1427
1428
1429
1430
1431
1432
1433
1434
1435
1436
1437
1438
1439
1440
1441
1442
1443
1444
1445
1446
1447
1448
1449
1450
1451
1452
1453
1454
1455
1456
1457
1458
1459
1460
1461
1462
1463
1464
1465
1466
1467
1468
1469
1470
1471
1472
1473
1474
1475
1476
1477
1478
1479
1480
1481
1482
1483
1484
1485
1486
1487
1488
1489
1490
1491
1492
1493
1494
1495
1496
1497
1498
1499
1500
1501
1502
1503
1504
1505
1506
1507
1508
1509
1510
1511
1512
1513
1514
1515
1516
1517
1518
1519
1520
1521
1522
1523
1524
1525
1526
1527
1528
1529
1530
1531
1532
1533
1534
1535
1536
1537
1538
1539
1540
1541
1542
1543
1544
1545
1546
1547
1548
1549
1550
1551
1552
1553
1554
1555
1556
1557
1558
1559
1560
1561
1562
1563
1564
1565
1566
1567
1568
1569
1570
1571
1572
1573
1574
1575
1576
1577
1578
1579
1580
1581
1582
1583
1584
1585
1586
1587
1588
1589
1590
1591
1592
1593
1594
1595
1596
1597
1598
1599
1600
1601
1602
1603
1604
1605
1606
1607
1608
1609
1610
1611
1612
1613
1614
1615
1616
1617
1618
1619
1620
1621
1622
1623
1624
1625
1626
1627
1628
1629
1630
1631
1632
1633
1634
1635
1636
1637
1638
1639
1640
1641
1642
1643
1644
1645
1646
1647
1648
1649
1650
1651
1652
1653
1654
1655
1656
1657
1658
1659
1660
1661
1662
1663
1664
1665
1666
1667
1668
1669
1670
1671
1672
1673
1674
1675
1676
1677
1678
1679
1680
1681
1682
1683
1684
1685
1686
1687
1688
1689
1690
1691
1692
1693
1694
1695
1696
1697
1698
1699
1700
1701
1702
1703
1704
1705
1706
1707
1708
1709
1710
1711
1712
1713
1714
1715
1716
1717
1718
1719
1720
1721
1722
1723
1724
1725
1726
1727
1728
1729
1730
1731
1732
1733
1734
1735
1736
1737
1738
1739
1740
1741
1742
1743
1744
1745
1746
1747
1748
1749
1750
1751
1752
1753
1754
1755
1756
1757
1758
1759
1760
1761
1762
1763
1764
1765
1766
1767
1768
1769
1770
1771
1772
1773
1774
1775
1776
1777
1778
1779
1780
1781
1782
1783
1784
1785
1786
1787
1788
1789
1790
1791
1792
1793
1794
1795
1796
1797
1798
1799
1800
1801
1802
1803
1804
1805
1806
1807
1808
1809
1810
1811
1812
1813
1814
1815
1816
1817
1818
1819
1820
1821
1822
1823
1824
1825
1826
1827
1828
1829
1830
1831
1832
1833
1834
1835
1836
1837
1838
1839
1840
1841
1842
1843
1844
1845
1846
1847
1848
1849
1850
1851
1852
1853
1854
1855
1856
1857
1858
1859
1860
1861
1862
1863
1864
1865
1866
1867
1868
1869
1870
1871
1872
1873
1874
1875
1876
1877
1878
1879
1880
1881
1882
1883
1884
1885
1886
1887
1888
1889
1890
1891
1892
1893
1894
1895
1896
1897
1898
1899
1900
1901
1902
1903
1904
1905
1906
1907
1908
1909
1910
1911
1912
1913
1914
1915
1916
1917
1918
1919
1920
1921
1922
1923
1924
1925
1926
1927
1928
1929
1930
1931
1932
1933
1934
1935
1936
1937
1938
1939
1940
1941
1942
1943
1944
1945
1946
1947
1948
1949
1950
1951
1952
1953
1954
1955
1956
1957
1958
1959
1960
1961
1962
1963
1964
1965
1966
1967
1968
1969
1970
1971
1972
1973
1974
1975
1976
1977
1978
1979
1980
1981
1982
1983
1984
1985
1986
1987
1988
1989
1990
1991
1992
1993
1994
1995
1996
1997
1998
1999
2000
2001
2002
2003
2004
2005
2006
2007
2008
2009
2010
2011
2012
2013
2014
2015
2016
2017
2018
2019
2020
2021
2022
2023
2024
2025
2026
2027
2028
2029
2030
2031
2032
2033
2034
2035
2036
2037
2038
2039
2040
2041
2042
2043
2044
2045
2046
2047
2048
2049
2050
2051
2052
2053
2054
2055
2056
2057
2058
2059
2060
2061
2062
2063
2064
2065
2066
2067
2068
2069
2070
2071
2072
2073
2074
2075
2076
2077
2078
2079
2080
2081
2082
2083
2084
2085
2086
2087
2088
2089
2090
2091
2092
2093
2094
2095
2096
2097
2098
2099
2100
2101
2102
2103
2104
2105
2106
2107
2108
2109
2110
2111
2112
2113
2114
2115
2116
2117
2118
2119
2120
2121
2122
2123
2124
2125
2126
2127
2128
2129
2130
2131
2132
2133
2134
2135
2136
2137
2138
2139
2140
2141
2142
2143
2144
2145
2146
2147
2148
2149
2150
2151
2152
2153
2154
2155
2156
2157
2158
2159
2160
2161
2162
2163
2164
2165
2166
2167
2168
2169
2170
2171
2172
2173
2174
2175
2176
2177
2178
2179
2180
2181
2182
2183
2184
2185
2186
2187
2188
2189
2190
2191
2192
2193
2194
2195
2196
2197
2198
2199
2200
2201
2202
2203
2204
2205
2206
2207
2208
2209
2210
2211
2212
2213
2214
2215
2216
2217
2218
2219
2220
2221
2222
2223
2224
2225
2226
2227
2228
2229
2230
2231
2232
2233
2234
2235
2236
2237
2238
2239
2240
2241
2242
2243
2244
2245
2246
2247
2248
2249
2250
2251
2252
2253
2254
2255
2256
2257
2258
2259
2260
2261
2262
2263
2264
2265
2266
2267
2268
2269
2270
2271
2272
2273
2274
2275
2276
2277
2278
2279
2280
2281
2282
2283
2284
2285
2286
2287
2288
2289
2290
2291
2292
2293
2294
2295
2296
2297
2298
2299
2300
2301
2302
2303
2304
2305
2306
2307
2308
2309
2310
2311
2312
2313
2314
2315
2316
2317
2318
2319
2320
2321
2322
2323
2324
2325
2326
2327
2328
2329
2330
2331
2332
2333
2334
2335
2336
2337
2338
2339
2340
2341
2342
2343
2344
2345
2346
2347
2348
2349
2350
2351
2352
2353
2354
2355
2356
2357
2358
2359
2360
2361
2362
2363
2364
2365
2366
2367
2368
2369
2370
2371
2372
2373
2374
2375
2376
2377
2378
2379
2380
2381
2382
2383
2384
2385
2386
2387
2388
2389
2390
2391
2392
2393
2394
2395
2396
2397
2398
2399
2400
2401
2402
2403
2404
2405
2406
2407
2408
2409
2410
2411
2412
2413
2414
2415
2416
2417
2418
2419
2420
2421
2422
2423
2424
2425
2426
2427
2428
2429
2430
2431
2432
2433
2434
2435
2436
2437
2438
2439
2440
2441
2442
2443
2444
2445
2446
2447
2448
2449
2450
2451
2452
2453
2454
2455
2456
2457
2458
2459
2460
2461
2462
2463
2464
2465
2466
2467
2468
2469
2470
2471
2472
2473
2474
2475
2476
2477
2478
2479
2480
2481
2482
2483
2484
2485
2486
2487
2488
2489
2490
2491
2492
2493
2494
2495
2496
2497
2498
2499
2500
2501
2502
2503
2504
2505
2506
2507
2508
2509
2510
2511
2512
2513
2514
2515
2516
2517
2518
2519
2520
2521
2522
2523
2524
2525
2526
2527
2528
2529
2530
2531
2532
2533
2534
2535
2536
2537
2538
2539
2540
2541
2542
2543
2544
2545
2546
2547
2548
2549
2550
2551
2552
2553
2554
2555
2556
2557
2558
2559
2560
2561
2562
2563
2564
2565
2566
2567
2568
2569
2570
2571
2572
2573
2574
2575
2576
2577
2578
2579
2580
2581
2582
2583
2584
2585
2586
2587
2588
2589
2590
2591
2592
2593
2594
2595
2596
2597
2598
2599
2600
2601
2602
2603
2604
2605
2606
2607
2608
2609
2610
2611
2612
2613
2614
2615
2616
2617
2618
2619
2620
2621
2622
2623
2624
2625
2626
2627
2628
2629
2630
2631
2632
2633
2634
2635
2636
2637
2638
2639
2640
2641
2642
2643
2644
2645
2646
2647
2648
2649
2650
2651
2652
2653
2654
2655
2656
2657
2658
2659
2660
2661
2662
2663
2664
2665
2666
2667
2668
2669
2670
2671
2672
2673
2674
2675
2676
2677
2678
2679
2680
2681
2682
2683
2684
2685
2686
2687
2688
2689
2690
2691
2692
2693
2694
2695
2696
2697
2698
2699
2700
2701
2702
2703
2704
2705
2706
2707
2708
2709
2710
2711
2712
2713
2714
2715
2716
2717
2718
2719
2720
2721
2722
2723
2724
2725
2726
2727
2728
2729
2730
2731
2732
2733
2734
2735
2736
2737
2738
2739
2740
2741
2742
2743
2744
2745
2746
2747
2748
2749
2750
2751
2752
2753
2754
2755
2756
2757
2758
2759
2760
2761
2762
2763
2764
2765
2766
2767
2768
2769
2770
2771
2772
2773
2774
2775
2776
2777
2778
2779
2780
2781
2782
2783
2784
2785
2786
2787
2788
2789
2790
2791
2792
2793
2794
2795
2796
2797
2798
2799
2800
2801
2802
2803
2804
2805
2806
2807
2808
2809
2810
2811
2812
2813
2814
2815
2816
2817
2818
2819
2820
2821
2822
2823
2824
2825
2826
2827
2828
2829
2830
2831
2832
2833
2834
2835
2836
2837
2838
2839
2840
2841
2842
2843
2844
2845
2846
2847
2848
2849
2850
2851
2852
2853
2854
2855
2856
2857
2858
2859
2860
2861
2862
2863
2864
2865
2866
2867
2868
2869
2870
2871
2872
2873
2874
2875
2876
2877
2878
2879
2880
2881
2882
2883
2884
2885
2886
2887
2888
2889
2890
2891
2892
2893
2894
2895
2896
2897
2898
2899
2900
2901
2902
2903
2904
2905
2906
2907
2908
2909
2910
2911
2912
2913
2914
2915
2916
2917
2918
2919
2920
2921
2922
2923
2924
2925
2926
2927
2928
2929
2930
2931
2932
2933
2934
2935
2936
2937
2938
2939
2940
2941
2942
2943
2944
2945
2946
2947
2948
2949
2950
2951
2952
2953
2954
2955
2956
2957
2958
2959
2960
2961
2962
2963
2964
2965
2966
2967
2968
2969
2970
2971
2972
2973
2974
2975
2976
2977
2978
2979
2980
2981
2982
2983
2984
2985
2986
2987
2988
2989
2990
2991
2992
2993
2994
2995
2996
2997
2998
2999
3000
3001
3002
3003
3004
3005
3006
3007
3008
3009
3010
3011
3012
3013
3014
3015
3016
3017
3018
3019
3020
3021
3022
3023
3024
3025
3026
3027
3028
3029
3030
3031
3032
3033
3034
3035
3036
3037
3038
3039
3040
3041
3042
3043
3044
3045
3046
3047
3048
3049
3050
3051
3052
3053
3054
3055
3056
3057
3058
3059
3060
3061
3062
3063
3064
3065
3066
3067
3068
3069
3070
3071
3072
3073
3074
3075
3076
3077
3078
3079
3080
3081
3082
3083
3084
3085
3086
3087
3088
3089
3090
3091
3092
3093
3094
3095
3096
3097
3098
3099
3100
3101
3102
3103
3104
3105
3106
3107
3108
3109
3110
3111
3112
3113
3114
3115
3116
3117
3118
3119
3120
3121
3122
3123
3124
3125
3126
3127
3128
3129
3130
3131
3132
3133
3134
3135
3136
3137
3138
3139
3140
3141
3142
3143
3144
3145
3146
3147
3148
3149
3150
3151
3152
3153
3154
3155
3156
3157
3158
3159
3160
3161
3162
3163
3164
3165
3166
3167
3168
3169
3170
3171
3172
3173
3174
3175
3176
3177
3178
3179
3180
3181
3182
3183
3184
3185
3186
3187
3188
3189
3190
3191
3192
3193
3194
3195
3196
3197
3198
3199
3200
3201
3202
3203
3204
3205
3206
3207
3208
3209
3210
3211
3212
3213
3214
3215
3216
3217
3218
3219
3220
3221
3222
3223
3224
3225
3226
3227
3228
3229
3230
3231
3232
3233
3234
3235
3236
3237
3238
3239
3240
3241
3242
3243
3244
3245
3246
3247
3248
3249
3250
3251
3252
3253
3254
3255
3256
3257
3258
3259
3260
3261
3262
3263
3264
3265
3266
3267
3268
3269
3270
3271
3272
3273
3274
3275
3276
3277
3278
3279
3280
3281
3282
3283
3284
3285
3286
3287
3288
3289
3290
3291
3292
3293
3294
3295
3296
3297
3298
3299
3300
3301
3302
3303
3304
3305
3306
3307
3308
3309
3310
3311
3312
3313
3314
3315
3316
3317
3318
3319
3320
3321
3322
3323
3324
3325
3326
3327
3328
3329
3330
3331
3332
3333
3334
3335
3336
3337
3338
3339
3340
3341
3342
3343
3344
3345
3346
3347
3348
3349
3350
3351
3352
3353
3354
3355
3356
3357
3358
3359
3360
3361
3362
3363
3364
3365
3366
3367
3368
3369
3370
3371
3372
3373
3374
3375
3376
3377
3378
3379
3380
3381
3382
3383
3384
3385
3386
3387
3388
3389
3390
3391
3392
3393
3394
3395
3396
3397
3398
3399
3400
3401
3402
3403
3404
3405
3406
3407
3408
3409
3410
3411
3412
3413
3414
3415
3416
3417
3418
3419
3420
3421
3422
3423
3424
3425
3426
3427
3428
3429
3430
3431
3432
3433
3434
3435
3436
3437
3438
3439
3440
3441
3442
3443
3444
3445
3446
3447
3448
3449
3450
3451
3452
3453
3454
3455
3456
3457
3458
3459
3460
3461
3462
3463
3464
3465
3466
3467
3468
3469
3470
3471
3472
3473
3474
3475
3476
3477
3478
3479
3480
3481
3482
3483
3484
3485
3486
3487
3488
3489
3490
3491
3492
3493
3494
3495
3496
3497
3498
3499
3500
3501
3502
3503
3504
3505
3506
3507
3508
3509
3510
3511
3512
3513
3514
3515
3516
3517
3518
3519
3520
3521
3522
3523
3524
3525
3526
3527
3528
3529
3530
3531
3532
3533
3534
3535
3536
3537
3538
3539
3540
3541
3542
3543
3544
3545
3546
3547
3548
3549
3550
3551
3552
3553
3554
3555
3556
3557
3558
3559
3560
3561
3562
3563
3564
3565
3566
3567
3568
3569
3570
3571
3572
3573
3574
3575
3576
3577
3578
3579
3580
3581
3582
3583
3584
3585
3586
3587
3588
3589
3590
3591
3592
3593
3594
3595
3596
3597
3598
3599
3600
3601
3602
3603
3604
3605
3606
3607
3608
3609
3610
3611
3612
3613
3614
3615
3616
3617
3618
3619
3620
3621
3622
3623
3624
3625
3626
3627
3628
3629
3630
3631
3632
3633
3634
3635
3636
3637
3638
3639
3640
3641
3642
3643
3644
3645
3646
3647
3648
3649
3650
3651
3652
3653
3654
3655
3656
3657
3658
3659
3660
3661
3662
3663
3664
3665
3666
3667
3668
3669
3670
3671
3672
3673
3674
3675
3676
3677
3678
3679
3680
3681
3682
3683
3684
3685
3686
3687
3688
3689
3690
3691
3692
3693
3694
3695
3696
3697
3698
3699
3700
3701
3702
3703
3704
3705
3706
3707
3708
3709
3710
3711
3712
3713
3714
3715
3716
3717
3718
3719
3720
3721
3722
3723
3724
3725
3726
3727
3728
3729
3730
3731
3732
3733
3734
3735
3736
3737
3738
3739
3740
3741
3742
3743
3744
3745
3746
3747
3748
3749
3750
3751
3752
3753
3754
3755
3756
3757
3758
3759
3760
3761
3762
3763
3764
3765
3766
3767
3768
3769
3770
3771
3772
3773
3774
3775
3776
3777
3778
3779
3780
3781
3782
3783
3784
3785
3786
3787
3788
3789
3790
3791
3792
3793
3794
3795
3796
3797
3798
3799
3800
3801
3802
3803
3804
3805
3806
3807
3808
3809
3810
3811
3812
3813
3814
3815
3816
3817
3818
3819
3820
3821
3822
3823
3824
3825
3826
3827
3828
3829
3830
3831
3832
3833
3834
3835
3836
3837
3838
3839
3840
3841
3842
3843
3844
3845
3846
3847
3848
3849
3850
3851
3852
3853
3854
3855
3856
3857
3858
3859
3860
3861
3862
3863
3864
3865
3866
3867
3868
3869
3870
3871
3872
3873
3874
3875
3876
3877
3878
3879
3880
3881
3882
3883
3884
3885
3886
3887
3888
3889
3890
3891
3892
3893
3894
3895
3896
3897
3898
3899
3900
3901
3902
3903
3904
3905
3906
3907
3908
3909
3910
3911
3912
3913
3914
3915
3916
3917
3918
3919
3920
3921
3922
3923
3924
3925
3926
3927
3928
3929
3930
3931
3932
3933
3934
3935
3936
3937
3938
3939
3940
3941
3942
3943
3944
3945
3946
3947
3948
3949
3950
3951
3952
3953
3954
3955
3956
3957
3958
3959
3960
3961
3962
3963
3964
3965
3966
3967
3968
3969
3970
3971
3972
3973
3974
3975
3976
3977
3978
3979
3980
3981
3982
3983
3984
3985
3986
3987
3988
3989
3990
3991
3992
3993
3994
3995
3996
3997
3998
3999
4000
4001
4002
4003
4004
4005
4006
4007
4008
4009
4010
4011
4012
4013
4014
4015
4016
4017
4018
4019
4020
4021
4022
4023
4024
4025
4026
4027
4028
4029
4030
4031
4032
4033
4034
4035
4036
4037
4038
4039
4040
4041
4042
4043
4044
4045
4046
4047
4048
4049
4050
4051
4052
4053
4054
4055
4056
4057
4058
4059
4060
4061
4062
4063
4064
4065
4066
4067
4068
4069
4070
4071
4072
4073
4074
4075
4076
4077
4078
4079
4080
4081
4082
4083
4084
4085
4086
4087
4088
4089
4090
4091
4092
4093
4094
4095
4096
4097
4098
4099
4100
4101
4102
4103
4104
4105
4106
4107
4108
4109
4110
4111
4112
4113
4114
4115
4116
4117
4118
4119
4120
4121
4122
4123
4124
4125
4126
4127
4128
4129
4130
4131
4132
4133
4134
4135
4136
4137
4138
4139
4140
4141
4142
4143
4144
4145
4146
4147
4148
4149
4150
4151
4152
4153
4154
4155
4156
4157
4158
4159
4160
4161
4162
4163
4164
4165
4166
4167
4168
4169
4170
4171
4172
4173
4174
4175
4176
4177
4178
4179
4180
4181
4182
4183
4184
4185
4186
4187
4188
4189
4190
4191
4192
4193
4194
4195
4196
4197
4198
4199
4200
4201
4202
4203
4204
4205
4206
4207
4208
4209
4210
4211
4212
4213
4214
4215
4216
4217
4218
4219
4220
4221
4222
4223
4224
4225
4226
4227
4228
4229
4230
4231
4232
4233
4234
4235
4236
4237
4238
4239
4240
4241
4242
4243
4244
4245
4246
4247
4248
4249
4250
4251
4252
4253
4254
4255
4256
4257
4258
4259
4260
4261
4262
4263
4264
4265
4266
4267
4268
4269
4270
4271
4272
4273
4274
4275
4276
4277
4278
4279
4280
4281
4282
4283
4284
4285
4286
4287
4288
4289
4290
4291
4292
4293
4294
4295
4296
4297
4298
4299
4300
4301
4302
4303
4304
4305
4306
4307
4308
4309
4310
4311
4312
4313
4314
4315
4316
4317
4318
4319
4320
4321
4322
4323
4324
4325
4326
4327
4328
4329
4330
4331
4332
4333
4334
4335
4336
4337
4338
4339
4340
4341
4342
4343
4344
4345
4346
4347
4348
4349
4350
4351
4352
4353
4354
4355
4356
4357
4358
4359
4360
4361
4362
4363
4364
4365
4366
4367
4368
4369
4370
4371
4372
4373
4374
4375
4376
4377
4378
4379
4380
4381
4382
4383
4384
4385
4386
4387
4388
4389
4390
4391
4392
4393
4394
4395
4396
4397
4398
4399
4400
4401
4402
4403
4404
4405
4406
4407
4408
4409
4410
4411
4412
4413
4414
4415
4416
4417
4418
4419
4420
4421
4422
4423
4424
4425
4426
4427
4428
4429
4430
4431
4432
4433
4434
4435
4436
4437
4438
4439
4440
4441
4442
4443
4444
4445
4446
4447
4448
4449
4450
4451
4452
4453
4454
4455
4456
4457
4458
4459
4460
4461
4462
4463
4464
4465
4466
4467
4468
4469
4470
4471
4472
4473
4474
4475
4476
4477
4478
4479
4480
4481
4482
4483
4484
4485
4486
4487
4488
4489
4490
4491
4492
4493
4494
4495
4496
4497
4498
4499
4500
4501
4502
4503
4504
4505
4506
4507
4508
4509
4510
4511
4512
4513
4514
4515
4516
4517
4518
4519
4520
4521
4522
4523
4524
4525
4526
4527
4528
4529
4530
4531
4532
4533
4534
4535
4536
4537
4538
4539
4540
4541
4542
4543
4544
4545
4546
4547
4548
4549
4550
4551
4552
4553
4554
4555
4556
4557
4558
4559
4560
4561
4562
4563
4564
4565
4566
4567
4568
4569
4570
4571
4572
4573
4574
4575
4576
4577
4578
4579
4580
4581
4582
4583
4584
4585
4586
4587
4588
4589
4590
4591
4592
4593
4594
4595
4596
4597
4598
4599
4600
4601
4602
4603
4604
4605
4606
4607
4608
4609
4610
4611
4612
4613
4614
4615
4616
4617
4618
4619
4620
4621
4622
4623
4624
4625
4626
4627
4628
4629
4630
4631
4632
4633
4634
4635
4636
4637
4638
4639
4640
4641
4642
4643
4644
4645
4646
4647
4648
4649
4650
4651
4652
4653
4654
4655
4656
4657
4658
4659
4660
4661
4662
4663
4664
4665
4666
4667
4668
4669
4670
4671
4672
4673
4674
4675
4676
4677
4678
4679
4680
4681
4682
4683
4684
4685
4686
4687
4688
4689
4690
4691
4692
4693
4694
4695
4696
4697
4698
4699
4700
4701
4702
4703
4704
4705
4706
4707
4708
4709
4710
4711
4712
4713
4714
4715
4716
4717
4718
4719
4720
4721
4722
4723
4724
4725
4726
4727
4728
4729
4730
4731
4732
4733
4734
4735
4736
4737
4738
4739
4740
4741
4742
4743
4744
4745
4746
4747
4748
4749
4750
4751
4752
4753
4754
4755
4756
4757
4758
4759
4760
4761
4762
4763
4764
4765
4766
4767
4768
4769
4770
4771
4772
4773
4774
4775
4776
4777
4778
4779
4780
4781
4782
4783
4784
4785
4786
4787
4788
4789
4790
4791
4792
4793
4794
4795
4796
4797
4798
4799
4800
4801
4802
4803
4804
4805
4806
4807
4808
4809
4810
4811
4812
4813
4814
4815
4816
4817
4818
4819
4820
4821
4822
4823
4824
4825
4826
4827
4828
4829
4830
4831
4832
4833
4834
4835
4836
4837
4838
4839
4840
4841
4842
4843
4844
4845
4846
4847
4848
4849
4850
4851
4852
4853
4854
4855
4856
4857
4858
4859
4860
4861
4862
4863
4864
4865
4866
4867
4868
4869
4870
4871
4872
4873
4874
4875
4876
4877
4878
4879
4880
4881
4882
4883
4884
4885
4886
4887
4888
4889
4890
4891
4892
4893
4894
4895
4896
4897
4898
4899
4900
4901
4902
4903
4904
4905
4906
4907
4908
4909
4910
4911
4912
4913
4914
4915
4916
4917
4918
4919
4920
4921
4922
4923
4924
4925
4926
4927
4928
4929
4930
4931
4932
4933
4934
4935
4936
4937
4938
4939
4940
4941
4942
4943
4944
4945
4946
4947
4948
4949
4950
4951
4952
4953
4954
4955
4956
4957
4958
4959
4960
4961
4962
4963
4964
4965
4966
4967
4968
4969
4970
4971
4972
4973
4974
4975
4976
4977
4978
4979
4980
4981
4982
4983
4984
4985
4986
4987
4988
4989
4990
4991
4992
4993
4994
4995
4996
4997
4998
4999
5000
5001
5002
5003
5004
5005
5006
5007
5008
5009
5010
5011
5012
5013
5014
5015
5016
5017
5018
5019
5020
5021
5022
5023
5024
5025
5026
5027
5028
5029
5030
5031
5032
5033
5034
5035
5036
5037
5038
5039
5040
5041
5042
5043
5044
5045
5046
5047
5048
5049
5050
5051
5052
5053
5054
5055
5056
5057
5058
5059
5060
5061
5062
5063
5064
5065
5066
5067
5068
5069
5070
5071
5072
5073
5074
5075
5076
5077
5078
5079
5080
5081
5082
5083
5084
5085
5086
5087
5088
5089
5090
5091
5092
5093
5094
5095
5096
5097
5098
5099
5100
5101
5102
5103
5104
5105
5106
5107
5108
5109
5110
5111
5112
5113
5114
5115
5116
5117
5118
5119
5120
5121
5122
5123
5124
5125
5126
5127
5128
5129
5130
5131
5132
5133
5134
5135
5136
5137
5138
5139
5140
5141
5142
5143
5144
5145
5146
5147
5148
5149
5150
5151
5152
5153
5154
5155
5156
5157
5158
5159
5160
5161
5162
5163
5164
5165
5166
5167
5168
5169
5170
5171
5172
5173
5174
5175
5176
5177
5178
5179
5180
5181
5182
5183
5184
5185
5186
5187
5188
5189
5190
5191
5192
5193
5194
5195
5196
5197
5198
5199
5200
5201
5202
5203
5204
5205
5206
5207
5208
5209
5210
5211
5212
5213
5214
5215
5216
5217
5218
5219
5220
5221
5222
5223
5224
5225
5226
5227
5228
5229
5230
5231
5232
5233
5234
5235
5236
5237
5238
5239
5240
5241
5242
5243
5244
5245
5246
5247
5248
5249
5250
5251
5252
5253
5254
5255
5256
5257
5258
5259
5260
5261
5262
5263
5264
5265
5266
5267
5268
5269
5270
5271
5272
5273
5274
5275
5276
5277
5278
5279
5280
5281
5282
5283
5284
5285
5286
5287
5288
5289
5290
5291
5292
5293
5294
5295
5296
5297
5298
5299
5300
5301
5302
5303
5304
5305
5306
5307
5308
5309
5310
5311
5312
5313
5314
5315
5316
5317
5318
5319
5320
5321
5322
5323
5324
5325
5326
5327
5328
5329
5330
5331
5332
5333
5334
5335
5336
5337
5338
5339
5340
5341
5342
5343
5344
5345
5346
5347
5348
5349
5350
5351
5352
5353
5354
5355
5356
5357
5358
5359
5360
5361
5362
5363
5364
5365
5366
5367
5368
5369
5370
5371
5372
5373
5374
5375
5376
5377
5378
5379
5380
5381
5382
5383
5384
5385
5386
5387
5388
5389
5390
5391
5392
5393
5394
5395
5396
5397
5398
5399
5400
5401
5402
5403
5404
5405
5406
5407
5408
5409
5410
5411
5412
5413
5414
5415
5416
5417
5418
5419
5420
5421
5422
5423
5424
5425
5426
5427
5428
5429
5430
5431
5432
5433
5434
5435
5436
5437
5438
5439
5440
5441
5442
5443
5444
5445
5446
5447
5448
5449
5450
5451
5452
5453
5454
5455
5456
5457
5458
5459
5460
5461
5462
5463
5464
5465
5466
5467
5468
5469
5470
5471
5472
5473
5474
5475
5476
5477
5478
5479
5480
5481
5482
5483
5484
5485
5486
5487
5488
5489
5490
5491
5492
5493
5494
5495
5496
5497
5498
5499
5500
5501
5502
5503
5504
5505
5506
5507
5508
5509
5510
5511
5512
5513
5514
5515
5516
5517
5518
5519
5520
5521
5522
5523
5524
5525
5526
5527
5528
5529
5530
5531
5532
5533
5534
5535
5536
5537
5538
5539
5540
5541
5542
5543
5544
5545
5546
5547
5548
5549
5550
5551
5552
5553
5554
5555
5556
5557
5558
5559
5560
5561
5562
5563
5564
5565
5566
5567
5568
5569
5570
5571
5572
5573
5574
5575
5576
5577
5578
5579
5580
5581
5582
5583
5584
5585
5586
5587
5588
5589
5590
5591
5592
5593
5594
5595
5596
5597
5598
5599
5600
5601
5602
5603
5604
5605
5606
5607
5608
5609
5610
5611
5612
5613
5614
5615
5616
5617
5618
5619
5620
5621
5622
5623
5624
5625
5626
5627
5628
5629
5630
5631
5632
5633
5634
5635
5636
5637
5638
5639
5640
5641
5642
5643
5644
5645
5646
5647
5648
5649
5650
5651
5652
5653
5654
5655
5656
5657
5658
5659
5660
5661
5662
5663
5664
5665
5666
5667
5668
5669
5670
5671
5672
5673
5674
5675
5676
5677
5678
5679
5680
5681
5682
5683
5684
5685
5686
5687
5688
5689
5690
5691
5692
5693
5694
5695
5696
5697
5698
5699
5700
5701
5702
5703
5704
5705
5706
5707
5708
5709
5710
5711
5712
5713
5714
5715
5716
5717
5718
5719
5720
5721
5722
5723
5724
5725
5726
5727
5728
5729
5730
5731
5732
5733
5734
5735
5736
5737
5738
5739
5740
5741
5742
5743
5744
5745
5746
5747
5748
5749
5750
5751
5752
5753
5754
5755
5756
5757
5758
5759
5760
5761
5762
5763
5764
5765
5766
5767
5768
5769
5770
5771
5772
5773
5774
5775
5776
5777
5778
5779
5780
5781
5782
5783
5784
5785
5786
5787
5788
5789
5790
5791
5792
5793
5794
5795
5796
5797
5798
5799
5800
5801
5802
5803
5804
5805
5806
5807
5808
5809
5810
5811
5812
5813
5814
5815
5816
5817
5818
5819
5820
5821
5822
5823
5824
5825
5826
5827
5828
5829
5830
5831
5832
5833
5834
5835
5836
5837
5838
5839
5840
5841
5842
5843
5844
5845
5846
5847
5848
5849
5850
5851
5852
5853
5854
5855
5856
5857
5858
5859
5860
5861
5862
5863
5864
5865
5866
5867
5868
5869
5870
5871
5872
5873
5874
5875
5876
5877
5878
5879
5880
5881
5882
5883
5884
5885
5886
5887
5888
5889
5890
5891
5892
5893
5894
5895
5896
5897
5898
5899
5900
5901
5902
5903
5904
5905
5906
5907
5908
5909
5910
5911
5912
5913
5914
5915
5916
5917
5918
5919
5920
5921
5922
5923
5924
5925
5926
5927
5928
5929
5930
5931
5932
5933
5934
5935
5936
5937
5938
5939
5940
5941
5942
5943
5944
5945
5946
5947
5948
5949
5950
5951
5952
5953
5954
5955
5956
5957
5958
5959
5960
5961
5962
5963
5964
5965
5966
5967
5968
5969
5970
5971
5972
5973
5974
5975
5976
5977
5978
5979
5980
5981
5982
5983
5984
5985
5986
5987
5988
5989
5990
5991
5992
5993
5994
5995
5996
5997
5998
5999
6000
6001
6002
6003
6004
6005
6006
6007
6008
6009
6010
6011
6012
6013
6014
6015
6016
6017
6018
6019
6020
6021
6022
6023
6024
6025
6026
6027
6028
6029
6030
6031
6032
6033
6034
6035
6036
6037
6038
6039
6040
6041
6042
6043
6044
6045
6046
6047
6048
6049
6050
6051
6052
6053
6054
6055
6056
6057
6058
6059
6060
6061
6062
6063
6064
6065
6066
6067
6068
6069
6070
6071
6072
6073
6074
6075
6076
6077
6078
6079
6080
6081
6082
6083
6084
6085
6086
6087
6088
6089
6090
6091
6092
6093
6094
6095
6096
6097
6098
6099
6100
6101
6102
6103
6104
6105
6106
6107
6108
6109
6110
6111
6112
6113
6114
6115
6116
6117
6118
6119
6120
6121
6122
6123
6124
6125
6126
6127
6128
6129
6130
6131
6132
6133
6134
6135
6136
6137
6138
6139
6140
6141
6142
6143
6144
6145
6146
6147
6148
6149
6150
6151
6152
6153
6154
6155
6156
6157
6158
6159
6160
6161
6162
6163
6164
6165
6166
6167
6168
6169
6170
6171
6172
6173
6174
6175
6176
6177
6178
6179
6180
6181
6182
6183
6184
6185
6186
6187
6188
6189
6190
6191
6192
6193
6194
6195
6196
6197
6198
6199
6200
6201
6202
6203
6204
6205
6206
6207
6208
6209
6210
6211
6212
6213
6214
6215
6216
6217
6218
6219
6220
6221
6222
6223
6224
6225
6226
6227
6228
6229
6230
6231
6232
6233
6234
6235
6236
6237
6238
6239
6240
6241
6242
6243
6244
6245
6246
6247
6248
6249
6250
6251
6252
6253
6254
6255
6256
6257
6258
6259
6260
6261
6262
6263
6264
6265
6266
6267
6268
6269
6270
6271
6272
6273
6274
6275
6276
6277
6278
6279
6280
6281
6282
6283
6284
6285
6286
6287
6288
6289
6290
6291
6292
6293
6294
6295
6296
6297
6298
6299
6300
6301
6302
6303
6304
6305
6306
6307
6308
6309
6310
6311
6312
6313
6314
6315
6316
6317
6318
6319
6320
6321
6322
6323
6324
6325
6326
6327
6328
6329
6330
6331
6332
6333
6334
6335
6336
6337
6338
6339
6340
6341
6342
6343
6344
6345
6346
6347
6348
6349
6350
6351
6352
6353
6354
6355
6356
6357
6358
6359
6360
6361
6362
6363
6364
6365
6366
6367
6368
6369
6370
6371
6372
6373
6374
6375
6376
6377
6378
6379
6380
6381
6382
6383
6384
6385
6386
6387
6388
6389
6390
6391
6392
6393
6394
6395
6396
6397
6398
6399
6400
6401
6402
6403
6404
6405
6406
6407
6408
6409
6410
6411
6412
6413
6414
6415
6416
6417
6418
6419
6420
6421
6422
6423
6424
6425
6426
6427
6428
6429
6430
6431
6432
6433
6434
6435
6436
6437
6438
6439
6440
6441
6442
6443
6444
6445
6446
6447
6448
6449
6450
6451
6452
6453
6454
6455
6456
6457
6458
6459
6460
6461
6462
6463
6464
6465
6466
6467
6468
6469
6470
6471
6472
6473
6474
6475
6476
6477
6478
6479
6480
6481
6482
6483
6484
6485
6486
6487
6488
6489
6490
6491
6492
6493
6494
6495
6496
6497
6498
6499
6500
6501
6502
6503
6504
6505
6506
6507
6508
6509
6510
6511
6512
6513
6514
6515
6516
6517
6518
6519
6520
6521
6522
6523
6524
6525
6526
6527
6528
6529
6530
6531
6532
6533
6534
6535
6536
6537
6538
6539
6540
6541
6542
6543
6544
6545
6546
6547
6548
6549
6550
6551
6552
6553
6554
6555
6556
6557
6558
6559
6560
6561
0.09999999999724768 -0.9000000000000001 0
-0.9000000000000001 2.496503004323358e-12 0
2.762956530233396e-12 0.9000000000002666 0
0.9000000000000001 -2.496503004323358e-12 0
-0.39999999999828 0.8999999999997588 0
0.8999999999997228 0.2999999999980583 0
0.9000000000002775 -0.4000000000016644 0
-0.8999999999997228 -0.2999999999980583 0
-0.3000000000019326 -0.9000000000002681 0
0.3000000000019202 0.9000000000002624 0
-0.9000000000002775 0.4000000000016644 0
0.4999999999985461 -0.8999999999997714 0
-0.6999999999993192 0.8999999999998324 0
0.9000000000002775 -0.7000000000008322 0
-0.8999999999997226 -0.5999999999988905 0
0.8999999999997226 0.5999999999988905 0
-0.7000000000008322 -0.9000000000002775 0
0.7000000000008322 0.9000000000002775 0
-0.9000000000002775 0.8000000000005547 0
0.8999999999997649 -0.8999999999999631 0
-0.8999999999997228 -0.7999999999994454 0
0.8999999999997228 0.7999999999994454 0
-0.8000000000005548 -0.9000000000002775 0
0.8000000000005548 0.9000000000002775 0
0.2999999999980582 -0.8999999999997227 0
-0.19999999999777 0.8999999999997335 0
-2.54166826474389e-12 -0.9000000000002202 0
0.9000000000002772 -0.2000000000022191 0
-0.9000000000002772 0.2000000000022191 0
-0.8999999999997227 -0.3999999999983356 0
0.7999999999994563 -0.8999999999997548 0
0.8999999999997335 0.0999999999975143 0
-0.8999999999997335 -0.0999999999975143 0
0.8999999999997227 0.3999999999983356 0
0.6999999999991467 -0.8999999999997925 0
-0.5999999999988903 0.8999999999997226 0
-0.1000000000024965 -0.9000000000002772 0
-0.4000000000016644 -0.9000000000002774 0
0.1000000000024965 0.9000000000002772 0
0.4000000000016644 0.9000000000002774 0
-0.9000000000002774 0.6000000000011096 0
0.9000000000002774 -0.6000000000011096 0
-0.5000000000013871 -0.9000000000002774 0
0.5000000000013871 0.9000000000002774 0
-0.9000000000000199 0.9000000000001124 0
-0.9000000000000001 -0.9000000000000001 0
0.9000000000000001 0.9000000000000001 0
-2.501293278351759e-12 -0.8000000000004925 0
0.8000000000001893 -2.296510204224944e-12 0
0.1000000000025121 0.8000000000005281 0
-0.8000000000001992 2.286608402624069e-12 0
0.7999999999996286 0.2999999999981861 0
0.4000000000015877 0.800000000000478 0
-0.7999999999996821 -0.2999999999982345 0
-0.3000000000018681 -0.8000000000004697 0
-0.6999999999990933 0.7999999999995195 0
0.8000000000004774 -0.7000000000009097 0
-0.8000000000002971 0.8000000000000198 0
0.1999999999972585 -0.8999999999999891 0
-0.09999999999723698 0.9 0
-0.8999999999999325 -0.1999999999975818 0
0.8999999999999225 0.1999999999975917 0
0.3999999999981951 -0.8999999999998488 0
0.9000000000002568 -0.1000000000024613 0
-0.2999999999979103 0.8999999999998569 0
-0.9000000000002366 0.1000000000024276 0
-0.8999999999998015 -0.4999999999985341 0
0.599999999998844 -0.8999999999997688 0
-0.8999999999997664 -0.6999999999991241 0
0.8999999999997623 0.6999999999991282 0
0.8999999999997804 0.4999999999985553 0
-0.4999999999985861 0.8999999999997493 0
0.9000000000002762 -0.3000000000019406 0
0.9000000000002462 -0.5000000000013558 0
-0.200000000002196 -0.9000000000002543 0
0.2000000000021934 0.9000000000002516 0
-0.4000000000015654 -0.8000000000004486 0
-0.9000000000002357 0.3000000000019 0
-0.6000000000010512 -0.9000000000002191 0
0.6000000000010502 0.9000000000002181 0
-0.9000000000002168 0.5000000000013265 0
-0.9000000000001981 0.7000000000007528 0
-0.7999999999998219 0.8999999999998217 0
0.9000000000000772 -0.7999999999998 0
-0.7000000000006849 -0.8000000000004075 0
-0.7999999999997028 -0.8000000000002574 0
0.7000000000006832 0.8000000000004059 0
0.7999999999997013 0.800000000000256 0
0.7999999999993014 -0.799999999999589 0
-0.299999999997814 0.7999999999998253 0
-0.8000000000004791 0.4000000000016984 0
0.3999999999980779 -0.7999999999998594 0
0.80000000000055 -0.400000000001668 0
-0.3000000000017761 -0.7000000000006842 0
-0.7999999999996554 -0.4999999999986858 0
0.7999999999996155 0.4999999999986733 0
-0.7999999999998966 -0.1999999999978672 0
0.7999999999998268 0.1999999999978587 0
-0.1000000000022528 -0.8000000000005241 0
0.2000000000022735 0.8000000000004902 0
0.5000000000014022 0.8000000000004629 0
-0.500000000001412 -0.8000000000004571 0
0.700000000000513 -0.6999999999996246 0
-0.7999999999991282 0.699999999999985 0
0.1999999999981486 -0.8000000000000795 0
0.09999999999746201 -0.8000000000002717 0
-0.8000000000000489 -0.09999999999765696 0
-0.0999999999978459 0.8000000000000759 0
2.760777717547569e-12 0.8000000000005152 0
0.7999999999998632 0.09999999999757384 0
0.5999999999987876 -0.7999999999995938 0
-0.4999999999985552 0.7999999999995296 0
-0.8000000000004985 0.1000000000020391 0
-0.7999999999996812 -0.3999999999983728 0
0.8000000000004106 -0.1000000000022175 0
0.7999999999996299 0.3999999999983597 0
-0.5999999999989467 0.7999999999995759 0
-0.7999999999995893 -0.6999999999990678 0
0.7999999999995786 0.6999999999990743 0
0.8000000000005073 -0.6000000000011259 0
-0.2000000000021078 -0.8000000000004754 0
0.6999999999992208 -0.7999999999996419 0
0.8000000000005004 -0.2000000000021407 0
-0.8000000000004943 0.2000000000021172 0
0.3000000000018793 0.8000000000004631 0
0.6000000000007965 0.8000000000003313 0
-0.6000000000008018 -0.800000000000336 0
-0.800000000000443 0.6000000000011608 0
0.7000000000005766 -0.1000000000021613 0
0.1000000000023121 0.7000000000007299 0
-0.700000000000743 0.1000000000020421 0
0.09999999999800868 -0.7000000000004699 0
0.6999999999998265 0.1999999999979286 0
-0.6999999999999666 -0.199999999997955 0
-0.6999999999996949 -0.3999999999984793 0
-0.5000000000009115 -0.7000000000005668 0
0.4000000000013502 0.7000000000006084 0
0.6999999999995544 0.3999999999986422 0
0.6000000000004013 -0.6999999999996599 0
-0.599999999998608 0.6999999999995232 0
-0.700000000000501 0.6000000000000429 0
-0.1000000000022591 -0.7000000000007646 0
2.141024791320267e-12 0.7000000000005825 0
0.4999999999981333 -0.7999999999996673 0
-0.3999999999979247 0.7999999999996121 0
0.7000000000006412 -0.5999999999997584 0
-0.7999999999996135 -0.5999999999988274 0
0.7999999999995933 0.5999999999988309 0
0.2999999999980498 -0.7999999999998215 0
-0.1999999999977769 0.7999999999998024 0
-0.7000000000004115 2.27291796495166e-12 0
-0.8000000000004265 0.3000000000018893 0
0.7000000000002936 -2.306513941481503e-12 0
0.8000000000005141 -0.3000000000019253 0
-0.2000000000019746 -0.7000000000006739 0
0.8000000000004541 -0.5000000000013338 0
-0.8000000000003449 0.5000000000012889 0
0.2000000000020002 0.7000000000007003 0
0.5000000000009114 0.7000000000005777 0
-0.6999999999991027 0.699999999999494 0
-0.4000000000013483 -0.700000000000609 0
-0.6999999999995923 -0.7000000000004106 0
0.6999999999995743 0.7000000000004016 0
0.1000000000018743 0.6000000000008476 0
-0.6000000000009688 0.1000000000020472 0
-0.1000000000021596 -0.6000000000009496 0
0.6000000000007311 -0.100000000002185 0
0.6000000000007705 -0.5999999999997653 0
-0.6000000000005434 0.5999999999995657 0
-0.3000000000014958 -0.6000000000008215 0
0.3999999999979533 -0.6999999999999558 0
-0.2999999999978831 0.6999999999998107 0
0.4000000000010501 0.6000000000007742 0
-0.6999999999995981 -0.6000000000003952 0
0.6999999999995624 0.6000000000003707 0
-0.4999999999985943 0.6999999999995159 0
0.7000000000006834 -0.400000000000901 0
-0.7000000000005747 0.4000000000011427 0
0.5000000000006235 -0.6999999999997355 0
-0.6999999999996406 -0.4999999999986858 0
0.6999999999995679 0.4999999999986658 0
-2.47769860184377e-12 -0.7000000000007379 0
-0.700000000000208 -0.09999999999775169 0
0.700000000000049 0.09999999999772011 0
-0.6999999999997861 -0.2999999999982448 0
0.6999999999996563 0.2999999999982819 0
-0.7000000000006975 0.2000000000020924 0
0.7000000000007117 -0.2000000000019814 0
0.1999999999981195 -0.7000000000002318 0
-0.09999999999785797 0.7000000000002157 0
0.3000000000016252 0.7000000000006408 0
-0.4000000000010573 -0.6000000000007562 0
-0.5999999999996422 -0.7000000000003858 0
0.5999999999996203 0.7000000000003773 0
-0.7000000000004936 0.5000000000005631 0
0.7000000000006378 -0.5000000000002511 0
-0.600000000000104 -0.1999999999981281 0
-0.3000000000009682 -0.5000000000009763 0
0.5999999999998857 0.1999999999983462 0
-0.5000000000005832 0.5999999999995556 0
0.09999999999833767 -0.6000000000006208 0
-0.6000000000009033 0.2000000000018415 0
0.6000000000008593 -0.2000000000020401 0
0.200000000001646 0.6000000000008379 0
-0.5999999999996851 -0.3999999999987294 0
-0.59999999999967 -0.5000000000004247 0
0.5999999999995923 0.6000000000004072 0
0.5000000000008129 -0.5999999999998877 0
0.5999999999995788 0.4999999999986313 0
-2.21687709761571e-12 -0.6000000000008957 0
-0.3999999999982448 0.6999999999996582 0
0.5999999999996922 0.2999999999985835 0
-0.5000000000009207 -0.6000000000006943 0
-0.199999999997869 0.6999999999999976 0
0.2999999999980092 -0.6999999999999666 0
0.7000000000007054 -0.3000000000015424 0
0.6000000000004279 -2.281725734280352e-12 0
-0.6000000000006459 2.218222133754111e-12 0
2.005306965453746e-12 0.6000000000007157 0
-0.700000000000591 0.3000000000018713 0
-0.2000000000019405 -0.6000000000008447 0
0.3000000000011979 0.6000000000008091 0
-0.5999999999996418 -0.6000000000004295 0
0.5000000000009315 0.6000000000006964 0
0.6000000000009287 -0.4000000000000947 0
0.600000000000765 -0.4999999999998991 0
-0.6000000000007816 0.4000000000002614 0
-0.6000000000005187 0.4999999999996408 0
0.1000000000016503 0.5000000000009801 0
-1.666997393298278e-12 -0.5000000000010382 0
-0.5000000000011704 0.1000000000020547 0
0.5000000000009921 -0.200000000002055 0
-0.1999999999979598 0.6000000000000727 0
0.4999999999999994 0.1999999999987544 0
0.3000000000011779 0.5000000000009369 0
-0.4000000000006412 0.5999999999996949 0
-0.400000000000492 -0.5000000000008207 0
0.2999999999983503 -0.600000000000132 0
0.4000000000007406 -0.6000000000000657 0
-0.6000000000003501 -0.09999999999785791 0
0.6000000000001087 0.0999999999978171 0
-0.5999999999998531 -0.2999999999984001 0
-0.09999999999794619 0.6000000000003907 0
0.1999999999981629 -0.6000000000004329 0
0.5999999999996011 0.3999999999986195 0
0.5000000000010593 -0.4000000000000297 0
0.5000000000009002 -0.4999999999999736 0
0.5000000000008811 -0.1000000000021858 0
-0.5000000000008893 0.3999999999997486 0
-0.500000000000595 0.4999999999996319 0
-0.1000000000016799 -0.5000000000010676 0
-0.2000000000013673 -0.5000000000010184 0
-0.4999999999997669 -0.4000000000005065 0
-0.4999999999997617 -0.5000000000007859 0
-0.6000000000007906 0.3000000000009508 0
0.4000000000010345 0.5000000000008772 0
0.4999999999996445 0.5000000000007621 0
0.6000000000008604 -0.3000000000002438 0
-0.1000000000013019 -0.4000000000013125 0
0.4000000000011297 -0.2000000000020482 0
-0.5000000000004731 -0.09999999999849173 0
0.1999999999982469 -0.5000000000005892 0
0.3000000000011507 0.4000000000010532 0
-0.4999999999999459 -0.300000000000635 0
0.5000000000002525 0.09999999999819217 0
-0.09999999999810616 0.5000000000004932 0
0.4999999999997222 0.299999999998861 0
-0.5000000000010897 0.2000000000018682 0
0.2999999999996581 -0.5000000000003579 0
-0.2999999999981696 0.5999999999999065 0
0.3999999999997336 0.4000000000009662 0
0.5000000000005621 -2.161216807368878e-12 0
-0.5000000000008226 2.061816396941649e-12 0
-0.2000000000013668 -0.4000000000011915 0
1.849333517011162e-12 0.5000000000008579 0
0.4000000000011927 -0.4000000000001039 0
-0.400000000000938 0.3999999999998083 0
-0.4000000000006846 0.4999999999997846 0
0.0999999999983399 -0.5000000000007999 0
0.4999999999996709 0.4000000000008319 0
0.4000000000007745 -0.5000000000001308 0
0.200000000001314 0.5000000000010034 0
-0.3999999999999024 -0.4000000000010776 0
0.5000000000009979 -0.3000000000019175 0
-0.5000000000008804 0.2999999999998897 0
1.734669121307893e-12 0.4000000000009634 0
-0.4000000000013583 0.1000000000020586 0
-0.1000000000015449 -0.3000000000014906 0
-0.4000000000001223 -0.3000000000011432 0
0.4000000000002903 0.09999999999887048 0
0.09999999999841452 -0.4000000000009675 0
0.3000000000013422 -0.4000000000003955 0
-0.4000000000010216 0.2999999999998845 0
-0.5000000000002763 -0.1999999999983213 0
-0.4000000000009956 1.325196896662106e-12 0
-0.3000000000010525 0.4000000000000083 0
-0.199999999998276 0.5000000000001393 0
-0.3000000000007898 0.5000000000000162 0
-1.482987344036957e-12 -0.400000000001292 0
0.4000000000001057 0.1999999999987643 0
0.2999999999998521 0.3000000000011717 0
0.1000000000013493 0.4000000000010927 0
0.399999999999796 0.3000000000010711 0
0.4000000000010208 -0.1000000000021879 0
0.2000000000012815 0.4000000000011342 0
-0.3000000000000613 -0.4000000000011535 0
0.4000000000011573 -0.3000000000011774 0
-0.3000000000015365 0.100000000001147 0
-0.2000000000012582 0.400000000000245 0
0.3000000000012459 -0.2000000000014906 0
-0.4000000000004191 -0.2000000000008161 0
-0.3000000000012178 0.3000000000002693 0
-0.300000000000251 -0.3000000000013114 0
0.1000000000008807 0.3000000000012415 0
-0.09999999999812306 0.4000000000006151 0
0.1999999999989318 -0.40000000000074 0
-0.4000000000006527 -0.09999999999849518 0
0.3000000000004694 0.09999999999979596 0
0.3000000000002194 0.2000000000011161 0
0.4000000000006834 -2.025729451907022e-12 0
-1.4145143389932e-12 -0.300000000001463 0
-0.200000000001369 -0.3000000000013675 0
0.3000000000012896 -0.3000000000005447 0
0.1999999999999817 0.3000000000012639 0
-0.4000000000012487 0.2000000000000435 0
-0.1000000000012403 -0.2000000000016648 0
0.3000000000008118 -8.024865494338229e-13 0
-0.3000000000008352 -0.1000000000011619 0
-0.1000000000006981 0.3000000000007764 0
1.738852117849632e-12 0.3000000000012399 0
-0.3000000000011696 1.32101274363805e-12 0
0.2000000000005479 0.1000000000014289 0
0.3000000000011349 -0.1000000000019021 0
0.08479017742712915 0.2017969801494104 0
-0.2000000000004174 -0.2000000000015339 0
0.2000000000003621 0.2000000000013958 0
-0.3000000000005993 -0.2000000000014744 0
-0.200000000001311 0.3000000000003901 0
0.0999999999988459 -0.3000000000011483 0
0.200000000001445 -0.30000000000091 0
-0.300000000001415 0.2000000000009807 0
0.1211324865407274 0.1211324865416728 0
-0.2000000000017063 0.1000000000011512 0
0.2000000000013067 -0.100000000000835 0
-0.2000000000013456 -2.225835256849014e-13 0
0.2000000000009563 1.56894636171856e-12 0
-0.005998012420408021 0.2052997178349389 0
0.1000000000005792 -0.2000000000013243 0
-1.411898375991427e-12 -0.2000000000016346 0
-0.1000000000005891 -0.1000000000018365 0
-0.2000000000008822 -0.1000000000013721 0
0.2000000000014255 -0.2000000000010632 0
-0.10099966873791 0.2008832863065408 0
-0.2000000000015691 0.2000000000005443 0
0.005382694849099284 0.1080544969424135 0
0.1000000000014617 -0.1000000000014526 0
0.1044420326421692 0.0320266350716521 0
-0.1000000000015068 -2.003106014392131e-12 0
-7.553818681671487e-13 -0.1000000000018009 0
-0.1000000000018645 0.1000000000010623 0
-1.663669202400797e-12 1.689572093344083e-12 0
0.1022210163218154 -0.03398668246490026 0
0.05222101632025275 0.01601331753667084 0
0.049999999999899 -0.04999999999988152 0
0.150000000001209 -0.04999999999994184 0
0.1522210163215627 0.01601331753661052 0
0.06325759069491335 0.1145934917420431 0
0.05491236374563423 0.07004056600703279 0
0.1127872595914483 0.07657956080666245 0
0.1029613319839283 0.1614647333455416 0
0.04508643613811422 0.154925738545912 0
0.002691347423717808 0.05402724847205152 0
0.9499999999998613 -0.9500000000001387 0
-0.0500000000011311 -0.050000000001902 0
-1.209525535283973e-12 -0.05000000000005567 0
-0.05000000000158525 -1.567669605240241e-13 0
0.05000000000035314 -0.1000000000016268 0
-0.04999999999947963 0.3000000000010081 0
-0.05299900621055308 0.2526498589178577 0
-0.002999006209334585 0.2526498589180894 0
-0.09999999999941059 0.3500000000006958 0
-0.04999999999819211 0.3500000000009275 0
-0.1499999999996906 0.4000000000004301 0
-0.1500000000009782 0.3500000000005107 0
-0.1999999999997671 0.4500000000001922 0
-0.1499999999981995 0.4500000000003772 0
0.2500000000001371 -0.4000000000005677 0
0.2500000000013937 -0.3500000000006527 0
0.2000000000001884 -0.350000000000825 0
0.3000000000005002 -0.4500000000003767 0
0.249999999999295 -0.450000000000549 0
-0.1500000000014262 -1.112844770038516e-12 0
-0.1000000000016857 0.04999999999952958 0
-0.150000000001605 0.05000000000041984 0
-0.05000000000176409 0.05000000000137592 0
0.1499999999988889 -0.3500000000009442 0
0.1500000000001455 -0.3000000000010292 0
0.1500000000010121 -0.2500000000011171 0
0.09999999999971255 -0.2500000000012363 0
0.04999999999958366 -0.2000000000014794 0
0.049999999998717 -0.2500000000013914 0
0.04999999999991191 -0.1500000000015626 0
-1.083640122079288e-12 -0.1500000000017178 0
0.2000000000011315 -0.04999999999963303 0
0.1500000000013842 -0.1000000000011438 0
0.3499999999995455 -0.6000000000000989 0
0.3500000000001994 -0.5500000000002119 0
0.2999999999990042 -0.550000000000245 0
0.2499999999989525 -0.5000000000004736 0
0.1999999999985894 -0.4500000000006646 0
-0.4000000000005359 -0.1499999999996556 0
-0.3500000000006271 -0.150000000000989 0
-0.3500000000007439 -0.09999999999982856 0
0.2499999999982986 -0.5500000000003606 0
-0.4500000000003477 -0.1999999999995687 0
-0.4500000000004645 -0.1499999999984082 0
0.3499999999981518 -0.6500000000000439 0
0.399999999999347 -0.6500000000000108 0
-0.3000000000010024 -0.04999999999992046 0
-0.3500000000009111 -0.04999999999858708 0
-0.2500000000010904 -0.05000000000069225 0
-0.2500000000012576 5.492146089765744e-13 0
-0.250000000001438 0.05000000000123611 0
-0.200000000001526 0.05000000000046431 0
-0.1500000000017854 0.1000000000011067 0
-0.2499999999995329 0.5000000000000777 0
-0.250000000001024 0.4500000000001306 0
-0.2499999999982228 0.5500000000000229 0
-0.2999999999994797 0.5499999999999614 0
-0.3499999999994054 0.5999999999998007 0
-0.3500000000007155 0.5499999999998555 0
-0.399999999999443 0.6499999999996766 0
-0.3499999999982072 0.6499999999997823 0
0.4499999999992884 -0.6999999999998456 0
0.4500000000006821 -0.6499999999999007 0
0.4499999999980433 -0.7499999999998115 0
0.4999999999993784 -0.7499999999997014 0
0.2500000000010593 -0.05000000000081874 0
0.2500000000008841 3.832299061423683e-13 0
0.3000000000003444 0.150000000000456 0
0.2500000000003837 0.1500000000012725 0
0.2500000000005087 0.1000000000006124 0
0.3500000000002876 0.1499999999992801 0
0.3500000000001626 0.1999999999999402 0
0.1000000000010204 -0.1500000000013885 0
-0.5000000000001111 -0.2499999999994781 0
-0.4500000000001825 -0.2500000000007255 0
-0.5499999999998995 -0.2999999999995175 0
-0.5500000000000647 -0.2499999999983607 0
0.3999999999999508 0.2499999999999177 0
0.3500000000000077 0.2500000000010936 0
0.449999999999914 0.2499999999988126 0
0.4499999999997591 0.2999999999999661 0
0.4999999999996966 0.3499999999998464 0
0.4499999999997334 0.3500000000009515 0
0.5499999999996616 0.3499999999987402 0
0.549999999999636 0.3999999999997257 0
0.03939608250336056 0.2035483489921747 0
-0.0003076587856543685 0.1566771073886762 0
-0.05349884057915902 0.2030915020707398 0
-0.04780848694440536 0.1544688916244771 0
-0.1004998343693041 0.2504416431536586 0
0.5999999999995855 0.5499999999995193 0
0.5499999999996183 0.5500000000005847 0
0.5499999999996117 0.4999999999996967 0
0.64999999999958 0.5499999999995365 0
0.6499999999995734 0.4999999999986486 0
-0.5999999999996776 -0.449999999999577 0
-0.5499999999997185 -0.4500000000004656 0
-0.549999999999726 -0.3999999999996179 0
-0.6499999999996628 -0.4499999999987075 0
-0.6499999999996553 -0.4999999999995552 0
0.6999999999995652 0.5499999999995182 0
0.6499999999995774 0.6000000000003889 0
-0.6999999999996194 -0.5499999999995405 0
-0.649999999999634 -0.5500000000004099 0
-0.7499999999996058 -0.5999999999996113 0
-0.749999999999627 -0.5499999999987566 0
0.7499999999995779 0.5999999999996009 0
0.7499999999995806 0.5499999999987484 0
0.3000000000009734 -0.0500000000013523 0
0.2500000000012208 -0.1000000000013685 0
0.3500000000007476 -1.414108000670423e-12 0
0.3500000000009091 -0.05000000000196392 0
0.4000000000004869 0.04999999999842238 0
0.3500000000005511 0.049999999999034 0
0.4500000000002714 0.09999999999853132 0
0.4500000000004679 0.04999999999808322 0
0.5000000000004072 0.04999999999801548 0
0.4500000000006227 -2.09347312963795e-12 0
0.5500000000001806 0.09999999999800463 0
0.5500000000003353 0.04999999999782794 0
-0.7499999999996952 0.7999999999997697 0
-0.7999999999997127 0.7500000000000024 0
-0.7499999999991107 0.7499999999997522 0
-0.7999999999996461 -0.7499999999996626 0
-0.7499999999996476 -0.750000000000334 0
-0.7499999999995908 -0.6999999999997393 0
-0.8499999999996631 0.7000000000003689 0
-0.8500000000003205 0.6500000000009568 0
-0.7999999999997855 0.6500000000005729 0
0.7999999999996399 0.7499999999996652 0
0.7499999999996378 0.7500000000003288 0
0.7499999999995764 0.6999999999997379 0
-0.8500000000002477 0.7500000000003864 0
-0.6999999999992063 0.8499999999996759 0
-0.7499999999998082 0.8499999999999261 0
-0.8499999999997128 -0.7999999999998514 0
-0.849999999999656 -0.7499999999992566 0
0.8499999999997121 0.7999999999998506 0
0.8499999999996507 0.7499999999992598 0
0.1499999999978053 -0.8000000000001757 0
0.1499999999980786 -0.7500000000002747 0
0.09999999999773534 -0.7500000000003708 0
0.1999999999977035 -0.8500000000000343 0
0.1499999999973602 -0.8500000000001304 0
-0.7499999999995706 0.899999999999827 0
-0.8000000000000596 0.8499999999999208 0
0.04999999999776549 -0.7000000000006039 0
0.04999999999749215 -0.7500000000005048 0
0.0499999999978959 -0.6500000000006828 0
-2.34728784972974e-12 -0.6500000000008168 0
-0.600000000000227 -0.149999999997993 0
-0.5500000000002885 -0.1499999999983099 0
-0.5500000000004116 -0.09999999999817483 0
-0.6500000000000353 -0.1999999999980415 0
-0.6500000000001585 -0.1499999999979064 0
-0.5000000000006478 -0.04999999999821496 0
-0.4500000000007344 -0.04999999999858326 0
-0.4500000000009091 1.693506646801878e-12 0
-0.5500000000005864 -0.04999999999789805 0
-0.1000000000010479 -0.0500000000019198 0
-0.05000000000067223 -0.1000000000018187 0
0.2499999999976583 -0.8999999999998559 0
0.2499999999981034 -0.8499999999999011 0
-0.4500000000010904 0.0500000000020602 0
-0.400000000001177 0.05000000000169189 0
-0.3500000000012661 0.05000000000123612 0
-0.3500000000014474 0.1000000000016028 0
-0.7000000000000873 -0.1499999999978533 0
-0.650000000000279 -0.0999999999978048 0
-0.7999999999999727 -0.1499999999977621 0
-0.7500000000000523 -0.1499999999978094 0
-0.7500000000001285 -0.09999999999770433 0
0.09999999999817318 -0.6500000000005454 0
0.04999999999806039 -0.6000000000007583 0
-0.7499999999999316 -0.1999999999979111 0
0.04999999999833533 -0.5500000000008295 0
-1.941937245456994e-12 -0.5500000000009669 0
-0.8499999999999146 -0.1999999999977245 0
-0.8499999999999908 -0.1499999999976194 0
-0.05000000000167346 -0.5000000000010529 0
-0.0500000000019484 -0.5500000000009817 0
-0.05000000000148443 -0.4500000000011753 0
-0.1000000000014909 -0.4500000000011901 0
0.8500000000002773 -0.7500000000003548 0
0.7999999999998895 -0.7500000000002494 0
0.8499999999996892 -0.7999999999996945 0
-0.8500000000001389 -0.8499999999998614 0
-0.8000000000001288 -0.8500000000002674 0
0.8500000000001389 0.8499999999998614 0
0.8000000000001281 0.8500000000002668 0
-0.8999999999998615 -0.8499999999997228 0
-0.8500000000002774 -0.9000000000001388 0
0.8999999999998615 0.8499999999997228 0
0.8500000000002774 0.9000000000001388 0
0.2499999999979195 -0.9499999999998614 0
0.1999999999975197 -0.9499999999999946 0
-0.04999999999754256 0.8000000000002956 0
-0.04999999999785244 0.7500000000003292 0
2.450901254433918e-12 0.7500000000005489 0
-0.4499999999984196 0.6999999999995871 0
-0.4499999999996178 0.6499999999996053 0
-0.09999999999754144 0.8500000000000379 0
-0.0499999999972381 0.8500000000002577 0
0.8499999999997667 -0.8499999999997774 0
0.7999999999993788 -0.8499999999996719 0
0.5999999999999972 0.1499999999980816 0
0.5500000000000691 0.1499999999982692 0
-0.4999999999985748 0.7499999999995228 0
-0.4499999999984 0.7499999999995939 0
0.6499999999998561 0.1999999999981374 0
0.6499999999999676 0.1499999999978729 0
0.5499999999984605 -0.7999999999996306 0
0.5499999999997056 -0.7499999999996647 0
0.05000000000253642 0.7500000000006226 0
0.05000000000222654 0.7000000000006562 0
0.05000000000200765 0.6500000000007151 0
0.1000000000020932 0.6500000000007888 0
0.6999999999999378 0.1499999999978244 0
0.6500000000000788 0.0999999999977686 0
-0.4499999999982399 0.7999999999995708 0
-0.3999999999980847 0.7499999999996352 0
-0.5999999999997692 -0.3499999999985647 0
-0.5499999999998155 -0.3499999999996822 0
0.7999999999998451 0.1499999999977162 0
0.7499999999999379 0.1499999999977894 0
0.749999999999956 0.09999999999764697 0
0.7499999999998267 0.1999999999978936 0
-0.1499999999975035 0.8999999999998667 0
-0.1499999999978079 0.8499999999999046 0
-0.6499999999996899 -0.3999999999986044 0
-0.649999999999774 -0.3499999999984397 0
0.8499999999998746 0.1999999999977252 0
0.8499999999998928 0.1499999999975828 0
0.5499999999986669 -0.8499999999996826 0
0.4999999999983397 -0.8499999999997194 0
-0.6999999999997405 -0.3499999999983621 0
-0.6499999999998196 -0.2999999999983225 0
-0.4500000000001294 -0.4500000000006635 0
-0.4000000000001972 -0.4500000000009491 0
-0.4499999999998346 -0.4000000000007921 0
-0.1500000000005033 -0.1500000000016852 0
-0.1500000000007357 -0.1000000000016043 0
-0.2000000000006498 -0.150000000001453 0
-0.1500000000011945 -0.05000000000168758 0
-0.4999999999997643 -0.4500000000006462 0
-0.4500000000001269 -0.5000000000008034 0
0.8499999999996106 -0.8999999999998589 0
0.8999999999999211 -0.8499999999998815 0
0.5999999999997889 0.2499999999984648 0
0.5499999999998458 0.2499999999986689 0
0.5499999999999425 0.1999999999985503 0
-0.4499999999984176 0.8499999999996442 0
-0.3999999999981023 0.8499999999996855 0
-0.749999999999688 -0.3999999999984261 0
-0.7499999999997337 -0.3499999999983088 0
0.649999999999771 0.249999999998314 0
0.6499999999996743 0.2999999999984326 0
0.6999999999996054 0.349999999998462 0
0.6499999999996233 0.3499999999986128 0
-0.6499999999988553 0.6999999999995086 0
-0.6499999999998231 0.6499999999995298 0
-0.5999999999995758 0.6499999999995445 0
-0.1499999999976367 0.9499999999998667 0
-0.09999999999737019 0.95 0
-0.8999999999998276 -0.24999999999782 0
-0.8499999999998097 -0.2499999999979627 0
0.7499999999995921 0.3999999999985009 0
0.7499999999996432 0.3499999999983208 0
-0.5999999999987773 0.7499999999995496 0
-0.6499999999990247 0.749999999999535 0
0.6499999999990043 -0.7999999999996179 0
0.6499999999998111 -0.7499999999996509 0
0.5999999999995944 -0.7499999999996269 0
-0.7499999999993823 0.9499999999999162 0
-0.7999999999996337 0.9499999999999109 0
-0.7999999999996683 -0.4499999999985293 0
-0.7499999999996751 -0.4499999999985826 0
0.9499999999998825 -0.850000000000259 0
0.9499999999998825 -0.9000000000001203 0
0.8999999999998227 0.249999999997825 0
0.8499999999997748 0.2499999999979585 0
-0.04730865257638261 0.1040272484717379 0
-0.1004998343698873 0.1504416431538015 0
-0.9499999999998614 -0.849999999999584 0
-0.9500000000000001 -0.8999999999998614 0
0.9499999999998614 0.849999999999584 0
0.9500000000000001 0.8999999999998614 0
0.1423950887137456 0.2008984900754031 0
0.1605662432705448 0.1605662432715343 0
0.09239508871400495 0.2508984900753259 0
0.1500000000006214 0.2500000000013187 0
-0.5499999999997158 -0.5000000000006053 0
0.2000000000013661 -0.1500000000009491 0
0.1500000000014436 -0.1500000000012579 0
0.2500000000012801 -0.1500000000014827 0
0.7999999999996227 0.4499999999985165 0
0.749999999999585 0.4499999999986577 0
0.5999999999988158 -0.8499999999996812 0
0.6499999999990325 -0.8499999999997053 0
-0.5500000000002954 -0.5500000000005595 0
-0.5000000000003412 -0.5500000000007401 0
-0.9499999999998614 -0.2999999999980583 0
-0.9499999999999662 -0.24999999999782 0
-0.5499999999987509 0.7999999999995528 0
-0.5499999999985816 0.7499999999995264 0
-0.8499999999997285 -0.49999999999861 0
-0.8499999999997414 -0.4499999999984534 0
0.4499999999983706 -0.8999999999998101 0
0.4499999999981642 -0.8499999999997581 0
-0.5999999999996559 -0.550000000000427 0
-0.5500000000002813 -0.6000000000005619 0
-0.2000000000008932 -0.2500000000014507 0
-0.2500000000005084 -0.2000000000015042 0
-0.2500000000009842 -0.250000000001421 0
-0.2500000000007408 -0.1500000000014232 0
0.04999999999748088 -0.9500000000001101 0
-2.646955571394827e-12 -0.9500000000001101 0
0.09999999999737555 -0.9500000000000001 0
0.04999999999735301 -0.9000000000001102 0
0.9500000000000001 0.04999999999750346 0
0.9500000000000001 -2.624372941184561e-12 0
-0.9500000000000001 -0.04999999999750346 0
-0.9500000000000001 2.624372941184561e-12 0
0.9500000000000386 -0.8000000000001775 0
0.9499999999998614 0.2999999999980583 0
0.9499999999999613 0.249999999997825 0
-0.3499999999980951 0.8999999999998078 0
-0.3499999999979175 0.8499999999997345 0
-0.9499999999998667 -0.09999999999750886 0
-0.8999999999998668 -0.0499999999975089 0
0.8500000000003337 -0.1000000000023394 0
0.8000000000004555 -0.1500000000021791 0
0.8500000000003787 -0.150000000002301 0
0.8499999999996979 0.4999999999986143 0
0.8499999999997052 0.4499999999984575 0
-0.8000000000004964 0.1500000000020781 0
-0.7500000000006208 0.1000000000020406 0
-0.7500000000006186 0.1500000000020796 0
0.9499999999998667 0.09999999999750886 0
0.8999999999998668 0.0499999999975089 0
-0.8500000000003676 0.1000000000022334 0
-0.8500000000003655 0.1500000000022724 0
-0.1000000000014234 -0.3500000000014016 0
-0.05000000000135818 -0.3500000000013878 0
-0.05000000000147971 -0.3000000000014768 0
-0.05000000000132741 -0.2500000000015639 0
-0.1000000000013926 -0.2500000000015777 0
-0.9499999999999662 -0.1999999999976813 0
-0.04999999999724237 0.95 0
-0.7000000000007203 0.1500000000020673 0
-0.750000000000596 0.2000000000021048 0
-0.5499999999987227 0.8499999999996262 0
-0.5999999999989185 0.8499999999996493 0
0.7500000000005611 -0.1500000000020995 0
0.7500000000006061 -0.2000000000020611 0
0.9499999999999613 0.1999999999976863 0
0.6499999999989954 -0.8999999999997806 0
0.6999999999991837 -0.8499999999997172 0
-0.1504998343697396 0.2004416431535425 0
-0.1500000000017168 0.1500000000008033 0
0.04999999999737319 -0.8500000000002463 0
-2.521480771547825e-12 -0.8500000000003564 0
-0.1504998343696105 0.2504416431534655 0
-0.2000000000014401 0.2500000000004672 0
-0.6500000000006781 0.400000000000702 0
-0.6000000000006501 0.4499999999999511 0
-0.6500000000005467 0.4500000000003918 0
-0.8999999999997446 -0.7499999999992848 0
-0.8499999999996779 -0.699999999999096 0
-0.6500000000008231 0.1500000000019418 0
-0.6500000000008004 0.200000000001967 0
0.9000000000001285 -0.05000000000247889 0
0.9500000000001284 -0.05000000000260676 0
0.4499999999981056 -0.7999999999997633 0
0.3999999999980156 -0.7499999999999076 0
0.4499999999984408 -0.9499999999998857 0
0.3999999999982653 -0.9499999999999245 0
0.4000000000009836 -0.4500000000001174 0
0.3500000000012675 -0.4000000000002497 0
0.3500000000010584 -0.4500000000002631 0
-0.7000000000005342 0.4500000000008529 0
-0.6500000000005062 0.5000000000001019 0
-0.9500000000000099 0.9500000000000561 0
-0.8999999999998712 0.9500000000000561 0
-0.9000000000001184 0.05000000000246206 0
-0.9500000000001183 0.05000000000258993 0
-0.249999999997876 0.6999999999999041 0
-0.2499999999979214 0.6499999999999417 0
-0.1999999999979144 0.6500000000000352 0
-0.9500000000000001 -0.9500000000000001 0
0.9500000000000001 0.9500000000000001 0
0.8999999999997426 0.7499999999992868 0
0.8499999999996705 0.6999999999991012 0
-0.149999999997953 0.6000000000002317 0
-0.149999999998033 0.5500000000002829 0
-0.09999999999802617 0.5500000000004419 0
0.4500000000010465 -0.4500000000000388 0
0.4500000000008373 -0.5000000000000522 0
-0.3000000000009211 0.4500000000000123 0
-0.2500000000011553 0.4000000000001267 0
-0.1500000000013343 -0.400000000001252 0
-0.1500000000015234 -0.4500000000011296 0
-0.1500000000014559 -0.3500000000013411 0
-0.04999999999812842 0.5000000000006755 0
-0.04999999999818575 0.4500000000007283 0
1.792001319159528e-12 0.4500000000009107 0
-0.9499999999999662 -0.1499999999975426 0
-0.8999999999998329 -0.1499999999975481 0
0.8999999999997437 -0.9499999999999815 0
-0.04999999999804843 0.5500000000006242 0
-0.1499999999979076 0.6500000000001942 0
-0.3499999999981691 0.9499999999998794 0
-0.2999999999979843 0.9499999999999285 0
-0.3500000000008686 0.4499999999998965 0
-0.3500000000007372 0.4999999999999004 0
-0.8999999999997621 -0.5499999999987123 0
-0.849999999999689 -0.5499999999987881 0
-0.4500000000010557 0.2500000000008763 0
-0.4500000000011692 0.2000000000009558 0
-0.4000000000011351 0.249999999999964 0
-0.8499999999999663 -0.04999999999761384 0
-0.8500000000000997 2.391555703473713e-12 0
-0.500000000000985 0.2500000000008789 0
-0.450000000000951 0.2999999999998871 0
0.3999999999981365 -0.8499999999998541 0
0.8500000000002054 -0.05000000000235699 0
0.9499999999999613 0.1499999999975476 0
0.899999999999828 0.149999999997553 0
-0.7999999999996014 -0.6499999999989476 0
-0.7499999999995937 -0.6499999999997315 0
-0.8500000000002493 0.05000000000226779 0
-0.2999999999978621 0.8499999999998411 0
-0.3499999999978693 0.7999999999997187 0
2.757599704139579e-12 0.9500000000001333 0
-0.04999999999723701 0.9000000000001334 0
0.1499999999972531 -0.8999999999999946 0
0.09999999999735484 -0.850000000000136 0
-0.2999999999978485 0.7499999999998179 0
-0.2499999999978415 0.7499999999999114 0
-0.8999999999997228 -0.3499999999981969 0
-0.8499999999997023 -0.349999999998285 0
-0.8499999999997024 -0.2999999999981464 0
0.7999999999995859 0.6499999999989525 0
0.7499999999995706 0.6499999999997225 0
2.761867123890482e-12 0.8500000000003909 0
-0.5500000000009965 0.2000000000018548 0
-0.5500000000008918 0.2500000000008656 0
0.8999999999997514 0.5499999999987228 0
0.849999999999669 0.5499999999987819 0
0.5000000000011569 0.7500000000005203 0
0.5500000000002658 0.7000000000004776 0
0.5500000000005112 0.7500000000004201 0
-0.600000000000847 0.2500000000013961 0
-0.5500000000008355 0.3000000000004203 0
0.7499999999993014 -0.8999999999997736 0
0.7499999999992241 -0.8499999999996908 0
0.8499999999999615 0.04999999999760889 0
0.8500000000000947 -2.396506604274151e-12 0
-0.8499999999998912 -0.09999999999758563 0
0.5500000000010994 0.8000000000003971 0
0.6000000000002084 0.7500000000003544 0
-0.5499999999987382 0.8999999999997359 0
-0.4999999999985707 0.8499999999996395 0
-0.5000000000011617 -0.750000000000512 0
-0.5500000000002768 -0.7000000000004762 0
-0.5500000000005271 -0.7500000000004214 0
-0.7500000000005269 0.4000000000014206 0
-0.7500000000004863 0.4500000000011308 0
0.2999999999980582 -0.9499999999998614 0
0.3499999999981267 -0.9499999999999245 0
0.3499999999981266 -0.8999999999997857 0
-0.8000000000004119 0.4500000000014936 0
-0.7500000000004192 0.5000000000009259 0
-0.4000000000008114 0.4499999999997965 0
-0.3500000000009953 0.3999999999999083 0
-0.5500000000011069 -0.8000000000003966 0
-0.6000000000002219 -0.7500000000003608 0
-0.9500000000000099 0.9000000000001949 0
0.8999999999997228 0.3499999999981969 0
0.8499999999996757 0.3499999999982608 0
0.8499999999996757 0.2999999999981222 0
-0.9000000000001387 -0.9500000000000001 0
0.9000000000001387 0.9500000000000001 0
-0.4500000000007665 0.4499999999997201 0
-0.4500000000006398 0.4999999999997082 0
0.7000000000006605 -0.4500000000005761 0
0.6500000000007242 -0.4500000000004001 0
0.6500000000007014 -0.5000000000000751 0
-0.2500000000008587 -0.100000000001267 0
-0.2000000000011139 -0.05000000000079732 0
-0.9499999999998613 -0.5999999999988904 0
-0.9499999999999007 -0.5499999999987122 0
0.149999999997381 -0.9499999999999946 0
-0.8499999999996559 -0.6499999999989792 0
-0.849999999999668 -0.599999999998859 0
0.400000000000384 0.4500000000009217 0
0.4499999999997022 0.400000000000899 0
0.4500000000003527 0.4500000000008545 0
0.650000000000806 -0.4000000000004978 0
0.6000000000008469 -0.4499999999999969 0
-0.1999999999977754 0.9499999999998667 0
-0.2499999999978456 0.9499999999999285 0
-0.2499999999978401 0.8999999999997952 0
-0.8999999999997621 -0.4499999999984349 0
-0.8499999999997019 -0.3999999999983542 0
0.8499999999997983 0.09999999999754407 0
-0.650000000000744 0.2500000000015216 0
0.8499999999996506 0.6499999999989824 0
0.8499999999996579 0.5999999999988608 0
0.7500000000005101 -0.6500000000003752 0
0.7500000000005742 -0.6000000000004422 0
0.700000000000577 -0.6499999999996915 0
0.3499999999980639 -0.7999999999998404 0
0.3499999999980016 -0.7499999999998886 0
0.4500000000003395 0.5000000000008196 0
0.4999999999996577 0.450000000000797 0
-0.7000000000006443 0.2500000000019819 0
-0.6500000000006908 0.300000000001411 0
0.3499999999980681 -0.849999999999791 0
-0.7999999999996344 -0.5499999999987566 0
-0.7499999999996481 -0.4999999999986858 0
0.8999999999997516 0.4499999999984454 0
0.8499999999996763 0.3999999999983476 0
-0.2500000000016214 0.1000000000011491 0
-0.2000000000016377 0.1500000000008477 0
-0.2500000000015528 0.1500000000008457 0
-0.1500000000008289 -0.2000000000015994 0
-0.1500000000009812 -0.2500000000015122 0
-0.4000000000007746 -0.5500000000007884 0
-0.4500000000004095 -0.550000000000771 0
-0.1500000000014569 -0.300000000001429 0
-0.3000000000014758 0.1500000000010639 0
-0.2500000000014921 0.2000000000007625 0
0.6499999999990185 -0.9499999999998963 0
0.5999999999988672 -0.9499999999998844 0
0.7500000000001923 0.8000000000003309 0
0.7000000000001287 0.7500000000004038 0
-0.3499999999979039 0.7499999999997113 0
0.7999999999996044 0.5499999999987522 0
0.7499999999995917 0.4999999999986696 0
-0.9499999999998614 -0.7499999999993067 0
-0.9499999999998832 -0.699999999999146 0
0.9499999999998614 0.7499999999993067 0
0.9499999999998812 0.6999999999991481 0
-0.6499999999991047 0.8999999999997774 0
-0.6499999999991329 0.8499999999997041 0
0.1500000000010023 -0.2000000000011938 0
-0.4500000000009891 -0.6000000000007253 0
-0.9499999999999007 -0.4999999999985735 0
0.9500000000000386 -0.7500000000003161 0
-0.7500000000001938 -0.8000000000003324 0
-0.7000000000001385 -0.750000000000409 0
-0.1500000000015236 -0.5000000000010429 0
-0.200000000001367 -0.450000000001105 0
0.9499999999998613 0.5999999999988904 0
0.9499999999998903 0.5499999999987228 0
-0.9499999999998614 -0.3499999999981969 0
-0.9499999999998614 -0.3999999999983355 0
0.8000000000005021 -0.4500000000015009 0
0.750000000000594 -0.4500000000009595 0
0.750000000000546 -0.5000000000007925 0
-0.8500000000001585 0.850000000000066 0
-0.8499999999999208 0.899999999999967 0
-0.7999999999996816 -0.3499999999983036 0
-0.7499999999997341 -0.2999999999982397 0
0.7500000000004952 -0.7000000000002671 0
0.8000000000004923 -0.6500000000010178 0
-0.1000000000019197 -0.5500000000010086 0
-0.1500000000017634 -0.5500000000009839 0
0.4000000000010423 0.5500000000008257 0
0.4500000000003473 0.5500000000007681 0
-0.15000000000205 -0.6000000000008971 0
-0.2000000000016539 -0.5500000000009315 0
0.5499999999986951 -0.8999999999997701 0
0.200000000000455 0.1500000000014124 0
0.1605662432706377 0.1105662432715508 0
0.7999999999996292 0.3499999999982729 0
0.7499999999996425 0.299999999998234 0
0.4500000000009908 0.6000000000007353 0
0.500000000000288 0.5500000000007292 0
-0.2499999999977954 0.7999999999998139 0
-0.199999999997823 0.7499999999999001 0
-0.9500000000001387 0.850000000000416 0
-0.9000000000001487 0.8500000000003336 0
-0.64999999999902 0.7999999999995477 0
0.3000000000005014 0.3500000000011124 0
0.349999999999824 0.3000000000011214 0
0.3500000000004734 0.3500000000010621 0
0.2999999999980539 -0.849999999999772 0
-0.699999999999098 0.7499999999995068 0
0.2500000000002908 0.200000000001256 0
0.8499999999996051 -0.9499999999999815 0
0.7999999999994508 -0.9499999999998774 0
-0.249999999997792 0.8499999999997794 0
-0.7999999999997893 -0.2499999999980508 0
0.7500000000006167 -0.4000000000012845 0
0.5500000000012186 0.9000000000002477 0
0.5500000000010918 0.8500000000003043 0
0.6000000000009234 0.8500000000002748 0
0.7499999999999072 -0.7499999999996068 0
0.699999999999867 -0.7499999999996332 0
0.749999999999261 -0.7999999999996155 0
-0.8999999999997446 -0.6499999999990074 0
0.3500000000004422 0.4000000000010097 0
0.3999999999997648 0.3500000000010187 0
-0.4500000000012644 0.1000000000020566 0
-0.4000000000013035 0.150000000001051 0
-0.4500000000012095 0.1500000000010491 0
0.1500000000004312 0.3000000000012527 0
0.2000000000001719 0.2500000000013298 0
-0.5500000000012192 -0.9000000000002482 0
-0.5500000000010945 -0.8500000000003067 0
-0.6000000000009265 -0.8500000000002775 0
0.7499999999993121 -0.9499999999998774 0
0.6999999999991573 -0.9499999999998963 0
-0.50000000000113 0.1500000000019614 0
-0.8500000000004161 -0.9500000000001387 0
0.8999999999997425 0.6499999999990094 0
0.8500000000004161 0.9500000000001387 0
-0.9499999999999007 -0.4499999999984348 0
0.2500000000005668 0.3500000000011529 0
0.2000000000006316 0.350000000001199 0
0.2499999999999169 0.3000000000012177 0
0.3000000000011643 0.450000000000995 0
0.3500000000004557 0.4500000000009515 0
-0.7500000000006934 -0.9000000000002775 0
-0.7500000000002676 -0.8500000000002674 0
0.7500000000006934 0.9000000000002775 0
0.7500000000002667 0.8500000000002668 0
-0.3000000000007172 -0.1500000000013182 0
0.2500000000012161 0.4000000000010937 0
-0.449999999998433 0.8999999999997541 0
0.100000000001115 0.3500000000011671 0
0.1500000000006655 0.3500000000011783 0
0.9499999999998903 0.4999999999985841 0
-0.4000000000012028 -0.6500000000006826 0
-0.4500000000011345 -0.6500000000006516 0
-0.3500000000005092 -0.2000000000011453 0
0.7999999999997277 0.2499999999980224 0
0.1500000000013154 0.4000000000011135 0
0.9500000000001387 -0.7000000000008322 0
0.9000000000001773 -0.7500000000003161 0
-0.4500000000011299 -0.7000000000005879 0
-0.5000000000009162 -0.6500000000006305 0
0.5000000000013947 0.8500000000003701 0
0.2499999999982566 -0.6000000000002824 0
0.1999999999982049 -0.550000000000511 0
-0.1000000000023746 -0.8500000000004007 0
-0.1500000000021803 -0.8000000000004998 0
-0.1500000000023022 -0.8500000000003763 0
0.3499999999979813 -0.6999999999999612 0
0.2999999999981797 -0.6500000000000493 0
0.3500000000011062 0.5000000000009071 0
0.9499999999998614 0.3499999999981969 0
0.9499999999998614 0.3999999999983355 0
0.1000000000014998 0.4500000000010364 0
0.1500000000014659 0.4500000000010572 0
0.1500000000014821 0.5000000000009918 0
0.2000000000012978 0.4500000000010688 0
0.2499999999980861 -0.6500000000001998 0
-0.5000000000013995 -0.8500000000003672 0
0.5000000000009797 -0.4500000000000016 0
0.450000000001126 -0.4000000000000668 0
0.59999999999959 0.4499999999986254 0
0.5499999999996248 0.4499999999997316 0
-0.7000000000007585 -0.8500000000003425 0
0.6500000000004571 -0.6999999999996422 0
-0.3500000000004353 -0.450000000001027 0
-0.3000000000005147 -0.4500000000010649 0
-0.3499999999999819 -0.4000000000011156 0
0.7000000000007577 0.8500000000003417 0
0.2999999999980295 -0.7499999999998941 0
0.1499999999982934 -0.5000000000006946 0
0.1499999999983307 -0.4500000000007783 0
0.09999999999837722 -0.4500000000008837 0
0.1499999999982514 -0.5500000000006164 0
0.1500000000017601 0.6000000000008427 0
0.1500000000015941 0.5500000000009255 0
0.20000000000148 0.5500000000009206 0
0.1000000000017623 0.5500000000009139 0
-0.8500000000002873 0.8000000000002873 0
-0.9000000000002377 0.7500000000006537 0
0.5500000000009122 -0.4499999999999644 0
0.5500000000008326 -0.4999999999999364 0
0.9499999999998903 0.4499999999984454 0
-0.1999999999977735 0.8499999999997679 0
-0.5999999999988903 0.9499999999998613 0
-0.5499999999987382 0.9499999999998747 0
0.7000000000007085 -0.2500000000017619 0
0.7500000000006029 -0.2500000000018415 0
-0.3500000000007301 -0.5000000000008985 0
0.5500000000009939 -0.4000000000000622 0
0.5500000000009633 -0.3500000000010061 0
0.5000000000010285 -0.3500000000009736 0
0.04999999999846577 -0.4000000000011298 0
0.04999999999842846 -0.450000000001046 0
0.04999999999850001 -0.3500000000012152 0
-1.448750841515078e-12 -0.3500000000013775 0
0.4999999999985795 -0.9499999999998857 0
0.5499999999987284 -0.9499999999998844 0
0.6000000000008945 -0.3500000000001693 0
0.5500000000009291 -0.3000000000010806 0
0.3000000000000358 0.2500000000011439 0
-0.1000000000022559 -0.7500000000006444 0
-0.1500000000021834 -0.7500000000006199 0
-0.9499999999998832 -0.6499999999990071 0
0.250000000001412 0.5500000000008873 0
0.2500000000012459 0.5000000000009701 0
0.250000000001422 0.6000000000008234 0
0.3000000000011879 0.550000000000873 0
0.1500000000021561 0.7000000000007152 0
0.1500000000019791 0.650000000000784 0
0.2000000000018231 0.6500000000007691 0
-0.3000000000012319 -0.5500000000008989 0
-0.3500000000009938 -0.5500000000008212 0
-0.05000000000139242 -0.4000000000013023 0
0.9499999999998812 0.6499999999990093 0
0.4000000000012002 0.6500000000006914 0
0.4500000000011408 0.6500000000006524 0
0.6999999999997415 0.2499999999981052 0
-0.6999999999998764 -0.2499999999980999 0
-0.6499999999999451 -0.2499999999981865 0
0.6500000000006417 -0.6499999999996949 0
0.6000000000005858 -0.6499999999997126 0
-0.1500000000010046 0.3000000000005832 0
-0.8500000000003858 0.2000000000021681 0
-0.8000000000004603 0.2500000000020032 0
-0.8500000000003518 0.2500000000020542 0
-0.4500000000012385 -0.7500000000005077 0
-0.4000000000014569 -0.7500000000005288 0
-0.7499999999998244 -0.2499999999980947 0
-0.9000000000002565 0.2500000000020596 0
-0.8500000000003312 0.3000000000018946 0
-0.25000000000081 -0.3000000000013394 0
-0.3000000000004251 -0.2500000000013929 0
-0.3499999999980639 0.6999999999997344 0
-0.2999999999980263 0.6499999999998586 0
0.4500000000011308 0.700000000000593 0
0.5000000000009215 0.6500000000006371 0
-0.64999999999962 -0.6000000000004124 0
-0.7499999999998146 0.6500000000000139 0
-0.6999999999998019 0.6499999999997685 0
-0.7499999999991154 0.6999999999997395 0
-0.2000000000012846 0.3500000000003176 0
-0.5499999999986012 0.6999999999995196 0
0.6500000000007861 -0.2500000000011126 0
0.6500000000007828 -0.3000000000008931 0
0.6499999999995666 0.4499999999986367 0
0.6499999999995778 0.3999999999986308 0
0.2500000000018127 0.7000000000006705 0
0.2500000000015991 0.6500000000007546 0
0.3000000000014115 0.6500000000007249 0
-0.4500000000014887 -0.8000000000004528 0
0.400000000001469 0.7500000000005431 0
0.4500000000012495 0.7500000000005278 0
0.2499999999980992 -0.7999999999999505 0
0.2499999999980846 -0.7500000000000266 0
0.1999999999981341 -0.7500000000001557 0
0.6500000000007398 0.8000000000003686 0
0.6500000000001853 0.7500000000003665 0
-0.6500000000008559 0.1000000000020447 0
-0.600000000000936 0.1500000000019444 0
-0.5499999999995956 0.6499999999995394 0
-0.4999999999995888 0.6499999999995357 0
0.3000000000013159 -0.3500000000004701 0
0.2500000000013673 -0.3000000000007274 0
-0.300000000001636 -0.6500000000007529 0
-0.3500000000012766 -0.6000000000007888 0
-0.3500000000014167 -0.6500000000007202 0
0.6999999999995683 0.6500000000003862 0
0.6499999999995973 0.7000000000003894 0
0.6499999999995913 0.6500000000003741 0
-0.6499999999991047 0.9499999999999162 0
-0.8000000000003489 0.05000000000216285 0
-0.8499999999997723 0.9499999999999109 0
-0.6500000000007433 -0.8000000000003717 0
-0.6500000000001971 -0.7500000000003733 0
-0.3500000000015622 -0.7000000000006465 0
-0.6999999999996678 -0.4499999999985825 0
-0.6999999999995952 -0.6500000000004029 0
-0.6499999999996171 -0.65000000000042 0
-0.4999999999985995 0.9499999999998747 0
0.6999999999995612 0.449999999998654 0
-0.9499999999998614 -0.7999999999994454 0
0.5500000000005124 -0.6999999999996978 0
0.5500000000006071 -0.6499999999997739 0
0.5000000000007182 -0.6499999999998116 0
0.9499999999998614 0.7999999999994454 0
-0.1500000000021168 -0.7000000000007192 0
-0.2000000000020412 -0.7500000000005747 0
0.450000000001495 0.8000000000004704 0
0.5999999999996466 0.3499999999986015 0
0.5499999999997072 0.2999999999987222 0
0.1500000000023928 0.8000000000005092 0
0.1500000000022562 0.7500000000006142 0
0.2000000000021369 0.7500000000005953 0
0.2499999999980644 -0.7000000000000992 0
-0.4999999999998564 -0.3500000000005707 0
0.8000000000004808 -0.5500000000012298 0
0.7500000000005477 -0.5500000000005461 0
0.5999999999996063 0.6500000000003923 0
0.7500000000004936 -0.1000000000021894 0
0.7000000000006441 -0.1500000000020714 0
0.3500000000014877 0.7000000000006246 0
0.3500000000013377 0.6500000000007076 0
0.650000000000718 -0.1500000000021007 0
0.6500000000007855 -0.2000000000020108 0
-0.3999999999983077 0.9499999999998794 0
-0.4499999999984608 0.9499999999998747 0
-0.5500000000002814 -0.65000000000054 0
-0.5999999999996419 -0.6500000000004076 0
0.7499999999997276 0.2499999999980573 0
-0.1499999999978114 0.7999999999999392 0
-0.1499999999978174 0.7500000000000091 0
-0.09999999999785193 0.7500000000001458 0
-0.1500000000023463 -0.9000000000002657 0
-0.2000000000021519 -0.8500000000003649 0
-0.7500000000004721 0.6000000000006018 0
-0.800000000000394 0.5500000000012248 0
-0.750000000000423 0.550000000000666 0
-0.2500000000007141 -0.4000000000011725 0
-0.2500000000007143 -0.450000000001086 0
-0.2500000000011677 -0.5000000000009974 0
0.1000000000024121 0.7500000000006291 0
-0.6500000000005222 0.5999999999998042 0
-0.7000000000004973 0.550000000000303 0
-0.6500000000005185 0.5500000000000644 0
0.5500000000002758 0.6500000000005368 0
0.5500000000002618 0.6000000000005519 0
0.6500000000006538 -0.1000000000021732 0
0.6000000000007952 -0.1500000000021126 0
0.750000000000383 -0.05000000000222892 0
0.7500000000002415 -2.301512072853224e-12 0
0.7000000000004352 -0.05000000000223392 0
-0.850000000000348 0.4500000000015125 0
-0.8500000000002809 0.5000000000013076 0
0.350000000001124 0.6000000000007917 0
-0.5500000000008354 0.400000000000005 0
-0.6000000000007861 0.350000000000606 0
-0.5500000000008399 0.3500000000003497 0
0.2500000000012297 0.4500000000010356 0
-0.4500000000006122 0.5999999999996253 0
-0.4500000000006339 0.5499999999996701 0
-0.4000000000006629 0.5499999999997398 0
-0.6499999999996172 -0.7000000000003982 0
-0.5500000000007039 0.4499999999996948 0
-0.5000000000007421 0.4499999999996902 0
-0.5500000000005568 0.4999999999996363 0
-0.5500000000005634 0.5999999999995607 0
-0.600000000000531 0.5499999999996033 0
-0.5500000000005509 0.5499999999995981 0
-0.6999999999992436 0.9499999999999162 0
-0.9500000000001084 0.4500000000014954 0
-0.9500000000001084 0.5000000000013567 0
0.2500000000020763 0.8000000000004767 0
0.2500000000019493 0.7500000000005655 0
0.3000000000017522 0.750000000000552 0
-0.2499999999980647 0.5999999999999897 0
-0.1999999999981179 0.550000000000106 0
-0.4500000000009137 0.3999999999997784 0
-0.4500000000009554 0.3499999999998166 0
-0.4000000000009798 0.3499999999998464 0
0.3500000000017335 0.8000000000004706 0
0.3500000000016147 0.7500000000005358 0
-0.3000000000018221 -0.7500000000005769 0
-0.3500000000016082 -0.7500000000005393 0
-0.7000000000005828 0.350000000001507 0
-0.6500000000006863 0.3500000000010663 0
-0.5999999999999786 -0.2499999999982641 0
-0.5500000000001901 -0.1999999999982247 0
-0.1499999999978635 0.7000000000001066 0
-0.09999999999790207 0.6500000000003032 0
-0.2500000000014543 -0.5500000000009105 0
-0.750000000000562 0.2500000000019909 0
-0.7500000000005087 0.3000000000018803 0
-0.7500000000004712 0.05000000000216437 0
-0.7500000000003053 2.279763183787864e-12 0
-0.7000000000005773 0.05000000000215753 0
-0.2500000000017182 -0.6000000000008332 0
0.400000000000198 0.1499999999988174 0
0.3500000000003799 0.09999999999933322 0
0.5000000000001259 0.1499999999984733 0
0.9500000000001231 -0.4500000000015101 0
0.9500000000001231 -0.5000000000013713 0
0.3500000000002162 -0.5000000000002444 0
0.9500000000001387 -0.4000000000016644 0
0.9000000000002618 -0.4500000000015101 0
-0.3500000000010779 0.3500000000000388 0
-0.3000000000011351 0.3500000000001388 0
-0.3500000000017168 -0.8000000000004591 0
-0.5000000000005891 0.5499999999995937 0
0.2500000000020568 0.900000000000257 0
0.2500000000020364 0.8500000000003574 0
0.3000000000018997 0.8500000000003627 0
0.8000000000005072 -0.250000000002033 0
0.7500000000006097 -0.3000000000017338 0
0.8500000000003981 -0.4500000000015119 0
0.8500000000003501 -0.5000000000013448 0
-0.4499999999999446 -0.3500000000008249 0
-0.4500000000000341 -0.3000000000008891 0
-0.250000000001988 -0.8000000000004726 0
-0.2500000000019419 -0.7500000000005798 0
0.1999999999981412 -0.6500000000003323 0
0.350000000001114 0.5500000000008556 0
0.4999999999998608 0.2499999999988077 0
0.4500000000000526 0.1999999999987593 0
0.6000000000002683 0.04999999999776769 0
0.550000000000495 -2.221471270824615e-12 0
0.4500000000001449 0.1499999999988124 0
0.7000000000001714 0.0499999999977068 0
0.6500000000002384 0.04999999999771919 0
0.6500000000003607 -2.294119837880928e-12 0
0.4000000000007575 -0.5500000000000982 0
-0.1500000000020671 -0.6500000000008117 0
-0.2000000000019576 -0.6500000000007593 0
-0.8000000000001241 -0.04999999999768518 0
-0.7500000000002303 -0.04999999999769202 0
0.6500000000007058 -0.5999999999997618 0
0.7000000000006394 -0.5500000000000047 0
0.6500000000007041 -0.5500000000000083 0
0.4500000000007768 -0.5999999999999768 0
-0.1499999999981911 0.5000000000003162 0
-0.09999999999811461 0.4500000000005541 0
0.5000000000009366 -0.1500000000021204 0
0.4500000000010054 -0.150000000002117 0
0.4500000000010609 -0.2000000000020516 0
-0.9000000000002569 0.1500000000023234 0
-0.4000000000000123 -0.3500000000011104 0
0.4500000000007937 -0.5500000000000093 0
0.3000000000006406 0.04999999999949674 0
-0.5000000000008848 0.3499999999998191 0
0.9500000000001284 -0.1000000000024789 0
-0.2500000000018753 -0.700000000000679 0
-0.2500000000017352 -0.6500000000007478 0
-0.4000000000002707 -0.2500000000009797 0
-0.3500000000011197 0.3000000000000769 0
-0.3500000000012183 0.2500000000004326 0
-0.3000000000013164 0.2500000000006251 0
0.5000000000008565 -0.5499999999999307 0
0.5500000000008616 -0.15000000000212 0
0.5500000000008061 -0.1000000000021854 0
-0.3500000000000767 -0.3500000000011945 0
-0.3500000000001866 -0.3000000000012273 0
0.5000000000007216 -0.05000000000217349 0
0.4500000000007914 -0.05000000000217458 0
0.450000000000951 -0.1000000000021869 0
0.4000000000008521 -0.05000000000210684 0
0.3500000000010778 -0.100000000002045 0
0.2000000000007521 0.05000000000149893 0
0.2500000000007129 0.05000000000068245 0
0.4500000000010953 -0.3500000000010107 0
-0.2500000000011817 0.3500000000001992 0
0.5500000000007916 -0.5999999999998264 0
0.5500000000008354 -0.5499999999998695 0
0.2500000000001071 0.2500000000012838 0
-0.9500000000001183 0.100000000002462 0
-0.3000000000001561 -0.3500000000012325 0
-0.2500000000007152 -0.3500000000012605 0
0.4000000000011435 -0.2500000000016128 0
0.4500000000010747 -0.2500000000016162 0
0.5500000000009262 -0.2500000000011494 0
0.500000000000995 -0.2500000000019862 0
-0.2500000000012644 0.3000000000003297 0
-0.2500000000013935 0.2500000000004068 0
0.3500000000011878 -0.2000000000017694 0
0.3000000000012678 -0.2500000000010176 0
0.3500000000012096 -0.2500000000012965 0
0.0500000000013098 0.3000000000012407 0
0.042395088714434 0.2508984900753252 0
0.1522210163213585 0.06601331753654049 0
-0.1000000000022093 -0.650000000000857 0
-0.05000000000236839 -0.7000000000007512 0
-0.05000000000231864 -0.6500000000008437 0
0.3000000000011904 -0.1500000000016964 0
0.2500000000013357 -0.2000000000012769 0
0.4000000000010753 -0.1500000000021181 0
0.3500000000011334 -0.1500000000018393 0
0.3500000000012234 -0.3000000000008611 0
0.4500000000010776 -0.3000000000015475 0
0.8000000000000262 0.04999999999763866 0
0.7500000000000784 0.04999999999763366 0
0.6000000000007677 -0.5499999999998322 0
0.2000000000014353 -0.2500000000009866 0
0.3500000000017923 0.9000000000002699 0
0.3500000000017539 0.8500000000003702 0
0.4000000000016261 0.8500000000003777 0
-0.0499999999981942 0.4000000000007893 0
1.736760619578762e-12 0.3500000000011017 0
0.05000000000262436 0.9500000000001386 0
0.1000000000024965 0.9500000000001386 0
-0.3500000000003608 -0.2500000000013088 0
0.6000000000005794 -0.05000000000223336 0
0.5500000000006544 -0.05000000000223374 0
0.5500000000009257 -0.2000000000020475 0
0.6000000000008598 -0.250000000001142 0
-0.05000000000262436 -0.9500000000001386 0
-0.1000000000024965 -0.9500000000001386 0
0.1499999999980641 -0.7000000000003508 0
0.1499999999982286 -0.6500000000004262 0
-0.04999999999785847 0.7000000000003991 0
-0.04999999999792633 0.6500000000004658 0
2.073165878387007e-12 0.6500000000006492 0
-0.7000000000003097 -0.04999999999773939 0
-0.6500000000004269 -0.04999999999776673 0
-0.6500000000005287 2.245570049352885e-12 0
-0.3000000000019004 -0.8500000000003689 0
-0.2500000000020643 -0.9000000000002613 0
-0.250000000002032 -0.850000000000362 0
0.05000000000154199 0.4000000000010281 0
0.05000000000159933 0.4500000000009753 0
0.05000000000130771 0.3500000000011024 0
-0.600000000000498 -0.04999999999781984 0
-0.5500000000007342 2.14001926534788e-12 0
-0.04999999999797045 0.6000000000005532 0
1.927320241232454e-12 0.5500000000007867 0
-0.5000000000003747 -0.1499999999984065 0
-0.4500000000005629 -0.09999999999849346 0
-0.9500000000001386 0.2500000000020804 0
-0.9500000000001179 0.300000000001921 0
-0.6500000000009417 -0.9000000000002483 0
-0.6500000000008681 -0.8500000000003133 0
-0.7500000000005006 0.350000000001516 0
0.1500000000023578 0.9500000000001386 0
0.150000000002345 0.9000000000002644 0
0.2000000000022063 0.9500000000001259 0
0.05000000000174981 0.500000000000919 0
-0.05000000000218823 -0.6000000000009227 0
0.400000000001175 -0.3500000000006407 0
-0.8500000000003574 0.3500000000017992 0
-0.8000000000004528 0.3500000000017939 0
0.6500000000005124 -0.05000000000224575 0
0.3500000000012498 -0.3500000000007865 0
0.2500000000013455 -0.2500000000012003 0
0.8000000000003 -0.050000000002257 0
0.6500000000009412 0.9000000000002477 0
0.6500000000008668 0.8500000000003121 0
-1.574992368667617e-12 -0.4500000000011651 0
0.9500000000001387 -0.5500000000012484 0
0.9000000000002617 -0.5500000000012327 0
-0.8500000000003299 0.5500000000012437 0
-0.4000000000008241 -0.04999999999858499 0
-0.3500000000010826 1.323104820150078e-12 0
-0.4500000000015257 -0.9000000000002774 0
-0.4500000000015382 -0.8500000000003672 0
0.9500000000001387 -0.3500000000018031 0
0.0500000000018278 0.5500000000008479 0
-0.3000000000013531 0.05000000000123402 0
-0.9500000000001387 0.4000000000016644 0
-0.9000000000002472 0.4500000000014954 0
0.1499999999986732 -0.4000000000008538 0
0.09999999999863021 -0.3500000000010579 0
0.04999999999833645 -0.500000000000919 0
0.0499999999987157 -0.3000000000013057 0
-0.1500000000023578 -0.9500000000001386 0
-0.2000000000022076 -0.9500000000001272 0
-0.1000000000009147 -0.1500000000017507 0
-0.3500000000017985 -0.9000000000002728 0
-0.350000000001749 -0.8500000000003584 0
-0.400000000001615 -0.8500000000003629 0
-0.3500000000013319 0.2000000000005121 0
-0.05000000000100049 -0.1500000000017356 0
-1.413206357492314e-12 -0.2500000000015488 0
-0.05000000000132609 -0.2000000000016497 0
0.9000000000002768 -0.2500000000020799 0
0.8500000000003957 -0.2500000000020722 0
0.8500000000003951 -0.3000000000019329 0
-0.5500000000012484 -0.9500000000001387 0
-0.6000000000010804 -0.9500000000001095 0
-0.2000000000013679 -0.3500000000012795 0
0.9500000000001381 -0.3000000000019412 0
0.9000000000002768 -0.3500000000018025 0
-0.5500000000009082 0.05000000000213645 0
-0.5000000000009965 0.05000000000205824 0
-0.3500000000013926 0.1500000000005953 0
0.8500000000003767 -0.5500000000012408 0
0.09999999999833878 -0.5500000000007104 0
0.05000000000193979 0.6000000000007817 0
0.04999999999748036 -0.8000000000003822 0
-2.489495940097764e-12 -0.7500000000006153 0
0.5500000000012484 0.9500000000001387 0
0.6000000000010799 0.950000000000109 0
0.05000000000262972 0.9000000000002719 0
0.05000000000263755 0.8500000000003973 0
0.1000000000025043 0.8500000000004027 0
-0.05000000000237702 -0.8000000000005083 0
-0.05000000000239721 -0.8500000000003721 0
0.9500000000001386 -0.1500000000023578 0
0.900000000000267 -0.1500000000023402 0
-0.9500000000001386 0.1500000000023578 0
0.1499999999982503 -0.6000000000005268 0
-0.6000000000008073 0.05000000000213271 0
-0.5500000000010696 0.1000000000020509 0
0.9500000000001386 -0.2000000000022192 0
0.9500000000001386 -0.2500000000020804 0
0.650000000000817 -0.3500000000008185 0
-0.6500000000006901 0.05000000000216006 0
0.2500000000020697 0.9500000000001312 0
-0.05000000000251907 -0.9000000000002487 0
-0.2500000000020759 -0.9500000000001341 0
-0.5500000000010368 0.1500000000019481 0
0.1500000000023528 0.8500000000003898 0
0.2000000000022334 0.8500000000003709 0
0.7000000000006944 -0.3500000000012217 0
0.4500000000015257 0.9000000000002774 0
0.4500000000015333 0.8500000000003701 0
-0.9500000000001387 0.6500000000009709 0
-0.9000000000002377 0.6500000000009312 0
-0.950000000000099 0.7000000000007924 0
0.7500000000005987 -0.3500000000014132 0
-0.9500000000001387 0.3500000000018031 0
-0.9000000000002566 0.3500000000017822 0
-0.05000000000238019 -0.7500000000006286 0
-0.8500000000003782 0.4000000000016814 0
-0.6500000000009709 -0.9500000000001387 0
0.8500000000004131 -0.3500000000018043 0
0.8500000000004138 -0.4000000000016661 0
-0.9500000000001387 0.5500000000012484 0
-0.900000000000247 0.5500000000012181 0
0.6500000000009709 0.9500000000001387 0
0.8000000000005321 -0.3500000000017967 0
-0.3000000000019372 -0.9500000000001341 0
0.300000000001931 0.9500000000001312 0
-0.9500000000001386 0.2000000000022192 0
0.8500000000003923 -0.6000000000011178 0
-0.9500000000001387 0.7500000000006934 0
0.9500000000001387 -0.6000000000011096 0
-0.3500000000018031 -0.9500000000001387 0
-0.4000000000016644 -0.9500000000001387 0
-0.4500000000015257 -0.9500000000001387 0
0.05000000000263646 0.8000000000005216 0
0.3500000000018031 0.9500000000001387 0
0.4000000000016644 0.9500000000001387 0
0.4500000000015257 0.9500000000001387 0
-0.5000000000013871 -0.9500000000001387 0
-0.8500000000003602 0.6000000000011352 0
0.5000000000013871 0.9500000000001387 0
0.8500000000003889 -0.2000000000021799 0
0.9500000000001387 -0.6500000000009709 0
-0.7000000000008322 -0.9500000000001387 0
0.9000000000002775 -0.6500000000009709 0
0.8500000000003924 -0.650000000000979 0
0.7000000000008322 0.9500000000001387 0
-0.9500000000001387 0.6000000000011096 0
0.8500000000003775 -0.7000000000008709 0
-0.9500000000001387 0.8000000000005547 0
-0.7500000000006934 -0.9500000000001387 0
-0.8000000000005548 -0.9500000000001387 0
0.7500000000006934 0.9500000000001387 0
0.8000000000005548 0.9500000000001387 0
0.1011105081616386 -0.06699334123317643 0
0.07611050816085721 -0.04199334123239089 0
0.07500000000068033 -0.07500000000066707 0
0.07722101632103409 -0.008986682464114715 0
0.05111050816007588 -0.01699334123160534 0
0.1033315244819923 -0.0009800236966240813 0
0.07833152448121096 0.02401997630416147 0
0.02611050815929454 0.008006658769180204 0
0.02499999999911767 -0.02499999999909597 0
0.1250000000013353 -0.07500000000069723 0
0.1261105081615122 -0.04199334123242105 0
0.1511105081613858 -0.01699334123166566 0
0.1272210163216891 -0.008986682464144868 0
0.1750000000010826 -0.02499999999918645 0
0.1761105081612595 0.008006658769089734 0
0.1283315244818659 0.02401997630413131 0
0.09219503861782039 0.117862989141858 0
0.08802242514318082 0.0955865262743528 0
0.1169598730660878 0.09885602367416763 0
0.05908497722027379 0.09231702887453797 0
0.08384981166854126 0.07331006340684762 0
0.03432014277200632 0.1113239943422283 0
0.03014752929736676 0.08904753147472314 0
0.0796771981939017 0.05103360053934244 0
0.1086146461168087 0.05430309793915727 0
0.1120469092623279 0.1412986099436072 0
0.08310946133942082 0.1380291125437924 0
0.07402388406102126 0.1581952359457268 0
0.05417201341651379 0.1347596151439776 0
0.09387575470552872 0.181630856747476 0
0.06493830678262168 0.1783613593476612 0
0.02523456549360675 0.1314901177441627 0
0.05356669003294349 0.04302694177185181 0
0.02880185558467602 0.06203390723954216 0
0.02745618187198528 0.03502028300436118 0
0.004037021136408546 0.08104087270723251 0
0.001345673711027069 0.02701362423687055 0
0.9749999999999306 -0.9250000000002081 0
0.9749999999999306 -0.9500000000001249 0
0.9499999999998612 -0.9750000000000694 0
0.9749999999999306 -0.9750000000000555 0
0.924999999999792 -0.9750000000000694 0
-0.07500000000131897 -0.02500000000195255 0
-0.05000000000135818 -0.02500000000102939 0
-0.07500000000154604 -1.079936487458077e-12 0
-0.02500000000117032 -0.05000000000097883 0
-0.02500000000139739 -0.02500000000010622 0
-0.02500000000094324 -0.07500000000185145 0
-9.824537017255608e-13 -0.07500000000092828 0
-1.436597368842385e-12 -0.02499999999918305 0
-0.02500000000162446 7.664025664100294e-13 0
0.02499999999979888 -0.1000000000017138 0
0.02499999999957181 -0.07500000000084121 0
0.05000000000012607 -0.07500000000075414 0
0.02499999999934474 -0.0499999999999686 0
0.07500000000090741 -0.1000000000015397 0
-0.02499999999887039 0.300000000001124 0
-0.02649950310440711 0.2763249294595488 0
-0.001499503103797866 0.2763249294596647 0
-0.05149950310501636 0.2763249294594329 0
-0.02799900620994383 0.2526498589179735 0
-0.07500000000008888 0.3000000000008923 0
-0.0764995031056256 0.2763249294593171 0
-0.02949850931548055 0.2289747883763983 0
-0.004498509314871303 0.2289747883765142 0
-0.09999999999876683 0.3750000000006554 0
-0.07499999999880134 0.3500000000008116 0
-0.07499999999815758 0.3750000000007713 0
-0.07499999999944511 0.3250000000008519 0
-0.04999999999883587 0.3250000000009678 0
-0.1000000000000544 0.3250000000007361 0
-0.02499999999822663 0.3250000000010836 0
-0.1249999999989068 0.4000000000005226 0
-0.1249999999995506 0.3750000000005629 0
-0.1500000000003344 0.3750000000004704 0
-0.1250000000001944 0.3500000000006033 0
-0.1750000000004744 0.4000000000003375 0
-0.1750000000011182 0.3750000000003779 0
-0.1250000000008381 0.3250000000006436 0
-0.1999999999990216 0.4750000000001657 0
-0.1749999999989833 0.4500000000002847 0
-0.1749999999982378 0.4750000000002583 0
-0.1749999999997288 0.4250000000003111 0
-0.1499999999989451 0.4250000000004036 0
-0.2000000000005126 0.4250000000002186 0
-0.1249999999981613 0.4250000000004961 0
0.2249999999995345 -0.4000000000006538 0
0.2250000000001627 -0.3750000000006963 0
0.1999999999995601 -0.3750000000007825 0
0.2500000000007654 -0.3750000000006102 0
0.2250000000007911 -0.3500000000007388 0
0.2750000000007397 -0.4000000000004816 0
0.2750000000013679 -0.3750000000005241 0
0.2250000000014193 -0.3250000000007813 0
0.2000000000008167 -0.3250000000008675 0
0.3000000000000791 -0.4750000000003674 0
0.2749999999998975 -0.4500000000004628 0
0.2749999999994766 -0.4750000000004534 0
0.2750000000003187 -0.4250000000004722 0
0.249999999999716 -0.4250000000005584 0
0.3000000000009212 -0.4250000000003861 0
0.2249999999991134 -0.4250000000006445 0
-0.1750000000013859 -6.677141478617088e-13 0
-0.1500000000015156 0.0249999999996535 0
-0.1750000000014753 0.02500000000009863 0
-0.1250000000015559 0.02499999999920837 0
-0.1250000000016454 0.04999999999997471 0
-0.1250000000014665 -1.557975392215324e-12 0
-0.1000000000015963 0.02499999999876324 0
-0.1000000000017751 0.07500000000029593 0
-0.1250000000017348 0.07500000000074106 0
-0.07500000000172488 0.05000000000045275 0
-0.07500000000181431 0.07500000000121909 0
-0.07500000000163545 0.02499999999968641 0
-0.05000000000167467 0.02500000000060958 0
-0.02500000000171388 0.02500000000153275 0
0.1249999999988674 -0.3250000000010462 0
0.1499999999995172 -0.3250000000009867 0
0.1249999999994957 -0.3000000000010887 0
0.1749999999995386 -0.3500000000008846 0
0.175000000000167 -0.3250000000009271 0
0.1749999999989104 -0.3750000000008421 0
0.1750000000007952 -0.3000000000009696 0
0.124999999999929 -0.2750000000011328 0
0.09999999999927922 -0.2750000000011923 0
0.1500000000005788 -0.2750000000010732 0
0.1250000000003623 -0.2500000000011767 0
0.1750000000012286 -0.2750000000010135 0
0.1250000000007957 -0.2250000000012207 0
0.1000000000001459 -0.2250000000012803 0
0.07499999999921478 -0.2500000000013139 0
0.07499999999878146 -0.2750000000012699 0
0.0749999999996481 -0.2250000000013579 0
0.04999999999915033 -0.2250000000014354 0
0.07500000000008143 -0.2000000000014019 0
0.02499999999908588 -0.200000000001557 0
0.02499999999865255 -0.225000000001513 0
0.02499999999925001 -0.1750000000015986 0
-1.247769249035358e-12 -0.1750000000016762 0
0.04999999999974779 -0.175000000001521 0
0.02499999999941414 -0.1500000000016402 0
0.07500000000024556 -0.1750000000014434 0
0.02499999999957827 -0.1250000000016818 0
-9.195109951232183e-13 -0.1250000000017593 0
0.2000000000012191 -0.07500000000023402 0
0.1750000000012578 -0.07500000000038842 0
0.1750000000013455 -0.1000000000009894 0
0.1750000000011702 -0.04999999999978744 0
0.1500000000012966 -0.07500000000054283 0
0.2000000000010439 -0.02499999999903204 0
0.1250000000014229 -0.1000000000012982 0
0.3249999999989479 -0.6000000000001154 0
0.3249999999992748 -0.5750000000001719 0
0.2999999999986772 -0.5750000000001885 0
0.3499999999998724 -0.5750000000001554 0
0.3249999999996018 -0.5500000000002284 0
0.375000000000143 -0.6000000000000822 0
0.37500000000047 -0.5750000000001387 0
0.3249999999999287 -0.5250000000002849 0
0.2999999999993311 -0.5250000000003014 0
0.2249999999985997 -0.5000000000005314 0
0.224999999998771 -0.4750000000005691 0
0.1999999999984182 -0.4750000000006269 0
0.2499999999991237 -0.4750000000005113 0
0.2249999999989422 -0.4500000000006068 0
0.2749999999993053 -0.5000000000004158 0
0.1999999999987606 -0.4250000000007023 0
-0.4000000000005943 -0.1249999999990754 0
-0.3750000000006399 -0.1249999999997421 0
-0.3750000000006983 -0.09999999999916187 0
-0.3750000000005815 -0.1500000000003223 0
-0.3500000000006855 -0.1250000000004088 0
-0.4000000000004775 -0.1750000000002359 0
-0.3750000000005231 -0.1750000000009025 0
-0.3250000000007311 -0.1250000000010755 0
-0.3250000000007895 -0.1000000000004952 0
0.2249999999982727 -0.5250000000004749 0
0.2499999999986255 -0.5250000000004171 0
0.2749999999986514 -0.5500000000003028 0
0.2749999999989783 -0.5250000000003593 0
0.2749999999983244 -0.5750000000002463 0
-0.4750000000003121 -0.199999999998945 0
-0.4500000000004061 -0.1749999999989885 0
-0.4750000000003705 -0.1749999999983648 0
-0.4250000000004418 -0.1749999999996122 0
-0.4250000000005002 -0.1499999999990319 0
-0.4250000000003834 -0.2000000000001924 0
-0.4250000000005586 -0.1249999999984517 0
0.324999999998251 -0.6250000000000879 0
0.3499999999988486 -0.6250000000000714 0
0.3749999999987494 -0.6500000000000273 0
0.3749999999994462 -0.6250000000000548 0
0.3749999999980526 -0.6749999999999998 0
0.3999999999986502 -0.6749999999999833 0
0.4000000000000438 -0.6250000000000382 0
-0.3500000000008275 -0.07499999999920783 0
-0.3750000000007819 -0.07499999999854114 0
-0.3250000000008731 -0.0749999999998745 0
-0.3250000000009567 -0.04999999999925377 0
-0.3000000000009188 -0.07500000000054119 0
-0.300000000001086 -0.02499999999929972 0
-0.3250000000010403 -0.02499999999863304 0
-0.27500000000113 -0.02499999999968562 0
-0.2750000000012136 9.351136763073122e-13 0
-0.2750000000010464 -0.05000000000030635 0
-0.2500000000011739 -0.02500000000007152 0
-0.2750000000009628 -0.07500000000092709 0
-0.2250000000012179 -0.02500000000045742 0
-0.2250000000013016 1.633155416458365e-13 0
-0.2250000000015721 0.07500000000119367 0
-0.225000000001482 0.05000000000085021 0
-0.2000000000016161 0.07500000000080775 0
-0.2500000000013478 0.02500000000089266 0
-0.2250000000013918 0.02500000000050676 0
-0.2750000000013038 0.02500000000127856 0
-0.2000000000014358 0.02500000000012087 0
-0.1750000000016557 0.07500000000078552 0
-0.1750000000017459 0.100000000001129 0
-0.1750000000015655 0.05000000000044208 0
-0.1500000000016952 0.07500000000076329 0
-0.125000000001825 0.1000000000010845 0
-0.2249999999989045 0.5000000000001086 0
-0.22499999999965 0.475000000000135 0
-0.2500000000002784 0.4750000000001042 0
-0.2250000000003955 0.4500000000001614 0
-0.2750000000001613 0.500000000000047 0
-0.2750000000009069 0.4750000000000734 0
-0.2250000000011411 0.4250000000001878 0
-0.2249999999982494 0.5250000000000812 0
-0.2499999999988779 0.5250000000000503 0
-0.2749999999988513 0.5499999999999922 0
-0.2749999999995063 0.5250000000000196 0
-0.2749999999981962 0.5749999999999647 0
-0.2999999999988247 0.574999999999934 0
-0.3000000000001347 0.5249999999999888 0
-0.3249999999987875 0.5999999999998535 0
-0.3249999999994425 0.5749999999998811 0
-0.3500000000000605 0.5749999999998281 0
-0.3250000000000976 0.5499999999999085 0
-0.3750000000000233 0.5999999999997478 0
-0.3750000000006783 0.5749999999997752 0
-0.3250000000007527 0.5249999999999359 0
-0.3999999999988439 0.6749999999996674 0
-0.3749999999988251 0.6499999999997295 0
-0.374999999998226 0.6749999999997203 0
-0.3749999999994242 0.6249999999997387 0
-0.3499999999988063 0.6249999999997915 0
-0.4000000000000421 0.6249999999996858 0
-0.3249999999981884 0.6249999999998443 0
0.4249999999986209 -0.6999999999999007 0
0.4249999999993177 -0.6749999999999282 0
0.4499999999999852 -0.6749999999998731 0
0.4250000000000145 -0.6499999999999557 0
0.474999999999956 -0.6999999999997906 0
0.4750000000006528 -0.6749999999998181 0
0.4250000000007114 -0.6249999999999831 0
0.4249999999979983 -0.7249999999998836 0
0.4499999999986659 -0.7249999999998286 0
0.4749999999987108 -0.7499999999997564 0
0.4749999999993334 -0.7249999999997735 0
0.4749999999980883 -0.7749999999997395 0
0.4999999999987559 -0.7749999999996844 0
0.5000000000000009 -0.7249999999997184 0
0.225000000001183 -0.07500000000082688 0
0.2250000000010954 -0.05000000000022589 0
0.2500000000009717 -0.02500000000021776 0
0.2250000000010078 -0.0249999999996249 0
0.2750000000009356 -0.02500000000081062 0
0.275000000000848 -2.096283216457273e-13 0
0.2250000000009202 9.760881339304639e-13 0
0.3000000000004069 0.125000000000126 0
0.2750000000004266 0.1250000000005342 0
0.2750000000004891 0.1000000000002042 0
0.2750000000003641 0.1500000000008643 0
0.2500000000004462 0.1250000000009425 0
0.3000000000002819 0.1750000000007861 0
0.2750000000003016 0.1750000000011943 0
0.2250000000004658 0.1250000000013507 0
0.2250000000005283 0.1000000000010207 0
0.3250000000003785 0.124999999999538 0
0.325000000000316 0.1499999999998681 0
0.3500000000002251 0.1749999999996102 0
0.3250000000002535 0.1750000000001981 0
0.3750000000001966 0.1749999999990222 0
0.3750000000001341 0.1999999999993523 0
0.325000000000191 0.2000000000005282 0
0.1000000000007998 -0.1750000000013564 0
0.07500000000046618 -0.1500000000014755 0
0.0750000000006868 -0.1250000000015076 0
0.05000000000013253 -0.1250000000015947 0
0.1000000000012411 -0.1250000000014205 0
-0.5000000000001937 -0.2249999999988997 0
-0.4750000000002295 -0.2249999999995234 0
-0.4750000000001469 -0.2500000000001018 0
-0.4500000000002651 -0.2250000000001471 0
-0.5000000000000285 -0.2750000000000565 0
-0.4750000000000643 -0.2750000000006803 0
-0.4250000000003008 -0.2250000000007708 0
-0.5749999999998763 -0.2999999999989588 0
-0.5499999999999821 -0.2749999999989391 0
-0.5749999999999589 -0.2749999999983804 0
-0.5250000000000052 -0.2749999999994979 0
-0.5250000000000878 -0.2499999999989194 0
-0.5249999999999226 -0.3000000000000763 0
-0.5250000000001704 -0.224999999998341 0
0.4000000000000283 0.224999999999341 0
0.3750000000000567 0.224999999999929 0
0.3749999999999792 0.2500000000005057 0
0.3500000000000851 0.2250000000005169 0
0.3999999999998734 0.2750000000004944 0
0.3749999999999019 0.2750000000010824 0
0.3250000000001135 0.2250000000011049 0
0.4250000000000098 0.2249999999987884 0
0.4249999999999324 0.2499999999993652 0
0.4499999999998365 0.2749999999993893 0
0.4249999999998549 0.2749999999999419 0
0.4749999999998181 0.2749999999988368 0
0.4749999999997406 0.2999999999994135 0
0.4249999999997776 0.3000000000005186 0
0.4999999999997094 0.3249999999993537 0
0.4749999999997279 0.3249999999999063 0
0.474999999999715 0.350000000000399 0
0.4499999999997463 0.3250000000004588 0
0.4999999999996837 0.3750000000003392 0
0.4749999999997021 0.3750000000008917 0
0.4249999999997647 0.3250000000010113 0
0.5249999999996919 0.3249999999988006 0
0.5249999999996791 0.3499999999992933 0
0.5499999999996488 0.3749999999992329 0
0.5249999999996663 0.3749999999997861 0
0.5749999999996314 0.3749999999986798 0
0.5749999999996185 0.3999999999991726 0
0.5249999999996534 0.4000000000002788 0
0.06209312996524485 0.2026726645707926 0
0.04224125932073738 0.1792370437690433 0
0.0195442118588531 0.1801127281904255 0
0.02238938867622992 0.1558014229672941 0
0.01669903504147627 0.2044240334135568 0
-0.003152835603031195 0.1809884126118076 0
0.002537518031722458 0.1323658021655448 0
-0.02974842649978352 0.2041956099528394 0
-0.02690324968240669 0.179884304729708 0
-0.05065366376178219 0.1787801968476085 0
-0.02405807286502987 0.1555729995065767 0
-0.07724925465853452 0.2019873941886403 0
-0.07440407784115768 0.177676088965509 0
-0.02121289604765304 0.1312616942834453 0
-0.05324892339485605 0.2278706804942988 0
-0.07674942028992857 0.2515457510357582 0
-0.07699933747423154 0.2267665726121992 0
-0.1002499171850011 0.2752208215772175 0
-0.100749751553607 0.2256624647300997 0
0.5999999999995822 0.5249999999990753 0
0.5749999999995986 0.524999999999608 0
0.5749999999995952 0.499999999999164 0
0.5749999999996019 0.550000000000052 0
0.549999999999615 0.5250000000001407 0
0.5999999999995889 0.5749999999999633 0
0.5749999999996054 0.575000000000496 0
0.5249999999996314 0.5250000000006734 0
0.5249999999996281 0.5000000000002294 0
0.6749999999995739 0.5249999999991012 0
0.6499999999995767 0.5249999999990925 0
0.6749999999995706 0.4999999999986572 0
0.6249999999995828 0.549999999999528 0
0.6249999999995794 0.524999999999084 0
0.6249999999995861 0.5749999999999719 0
0.6249999999995761 0.49999999999864 0
-0.5999999999996813 -0.4249999999991532 0
-0.5749999999997017 -0.4249999999995975 0
-0.5749999999997055 -0.3999999999991736 0
-0.574999999999698 -0.4500000000000213 0
-0.5499999999997223 -0.4250000000000417 0
-0.5999999999996738 -0.4750000000000009 0
-0.5749999999996942 -0.4750000000004451 0
-0.5249999999997427 -0.425000000000486 0
-0.5249999999997464 -0.4000000000000622 0
-0.624999999999674 -0.4249999999987185 0
-0.6249999999996703 -0.4499999999991423 0
-0.6499999999996591 -0.4749999999991314 0
-0.6249999999996665 -0.4749999999995661 0
-0.6749999999996517 -0.4749999999986967 0
-0.6749999999996479 -0.4999999999991205 0
-0.6249999999996627 -0.49999999999999 0
0.6999999999995665 0.524999999999092 0
0.6749999999995726 0.5499999999995273 0
0.6749999999995713 0.5749999999999535 0
0.6499999999995787 0.5749999999999627 0
0.6999999999995639 0.5749999999999444 0
0.6749999999995699 0.6000000000003798 0
0.6249999999995848 0.600000000000398 0
-0.69999999999963 -0.5249999999991132 0
-0.6749999999996373 -0.5249999999995478 0
-0.6749999999996267 -0.5499999999999752 0
-0.6499999999996446 -0.5249999999999826 0
-0.6999999999996087 -0.5749999999999679 0
-0.674999999999616 -0.5750000000004025 0
-0.6249999999996521 -0.5250000000004174 0
-0.7749999999996096 -0.5999999999992194 0
-0.7499999999996163 -0.5749999999991839 0
-0.7749999999996202 -0.574999999998792 0
-0.7249999999996126 -0.5749999999995759 0
-0.7249999999996232 -0.5499999999991485 0
-0.724999999999602 -0.6000000000000032 0
-0.7249999999996337 -0.5249999999987212 0
0.7749999999995856 0.5999999999992158 0
0.7499999999995792 0.5749999999991746 0
0.7749999999995869 0.5749999999987896 0
0.7249999999995715 0.5749999999995595 0
0.7249999999995729 0.5499999999991333 0
0.7249999999995702 0.5999999999999858 0
0.7249999999995742 0.5249999999987072 0
0.3000000000010541 -0.07500000000162721 0
0.2750000000010971 -0.07500000000136042 0
0.2750000000011779 -0.1000000000016353 0
0.2750000000010163 -0.05000000000108552 0
0.25000000000114 -0.07500000000109365 0
0.3000000000008926 -0.02500000000107739 0
0.2250000000012637 -0.1000000000011018 0
0.3750000000007155 -1.719918726288722e-12 0
0.3500000000008284 -0.02500000000168901 0
0.3750000000007963 -0.02500000000199482 0
0.3250000000008605 -0.0250000000013832 0
0.3250000000009413 -0.05000000000165811 0
0.3250000000007797 -1.108297275052123e-12 0
0.325000000001022 -0.07500000000193302 0
0.4000000000005851 0.02499999999819832 0
0.3750000000006172 0.02499999999850414 0
0.375000000000519 0.04999999999872819 0
0.3500000000006493 0.02499999999880995 0
0.4000000000003886 0.07499999999864643 0
0.3750000000004207 0.07499999999895224 0
0.3250000000006815 0.02499999999911576 0
0.4750000000002619 0.09999999999836175 0
0.4500000000003697 0.07499999999830727 0
0.4750000000003602 0.0749999999981377 0
0.4250000000003791 0.07499999999847684 0
0.4250000000004774 0.0499999999982528 0
0.4250000000002809 0.09999999999870091 0
0.4250000000005756 0.02499999999802874 0
0.5000000000004847 0.02499999999792713 0
0.475000000000515 0.024999999997961 0
0.4750000000005924 -2.127344968503414e-12 0
0.4750000000004376 0.04999999999804935 0
0.4500000000005453 0.02499999999799488 0
0.5000000000003298 0.07499999999810383 0
0.4250000000006531 -2.059601290772486e-12 0
0.5750000000001446 0.09999999999791087 0
0.5500000000002579 0.07499999999791629 0
0.575000000000222 0.07499999999782252 0
0.5250000000002939 0.07499999999801005 0
0.5250000000003713 0.04999999999792171 0
0.5250000000002165 0.0999999999980984 0
0.5250000000004487 0.02499999999783336 0
-0.7249999999993944 0.7999999999996446 0
-0.7499999999994029 0.774999999999761 0
-0.724999999999102 0.7749999999996359 0
-0.7749999999997039 0.774999999999886 0
-0.7749999999994117 0.7499999999998773 0
-0.7749999999999961 0.7999999999998948 0
-0.8000000000000049 0.7750000000000111 0
-0.7999999999994205 0.7249999999999936 0
-0.7749999999991195 0.7249999999998686 0
-0.7999999999996177 -0.7249999999993653 0
-0.7749999999996184 -0.724999999999701 0
-0.77499999999959 -0.6999999999994035 0
-0.7749999999996469 -0.7499999999999982 0
-0.7499999999996192 -0.7250000000000366 0
-0.7999999999996745 -0.7749999999999599 0
-0.7749999999996753 -0.7750000000002957 0
-0.7249999999996199 -0.7250000000003722 0
-0.7249999999995915 -0.700000000000075 0
-0.8249999999993957 0.7000000000001769 0
-0.8249999999997244 0.6750000000004709 0
-0.7999999999994569 0.6750000000002789 0
-0.8499999999999919 0.6750000000006628 0
-0.825000000000053 0.6500000000007649 0
-0.8749999999999306 0.7000000000005608 0
-0.8750000000002593 0.6750000000008548 0
-0.8250000000003818 0.6250000000010588 0
-0.8000000000001143 0.6250000000008669 0
0.7999999999996092 0.7249999999993697 0
0.7749999999996082 0.7249999999997015 0
0.7749999999995776 0.6999999999994061 0
0.7749999999996389 0.749999999999997 0
0.7499999999996072 0.7250000000000334 0
0.7999999999996705 0.7749999999999606 0
0.7749999999996695 0.7750000000002923 0
0.7249999999996061 0.7250000000003652 0
0.7249999999995753 0.7000000000000698 0
-0.8250000000002724 0.7750000000002031 0
-0.8249999999999802 0.7500000000001944 0
-0.8499999999999555 0.7250000000003776 0
-0.824999999999688 0.7250000000001857 0
-0.8750000000002229 0.7250000000005696 0
-0.6999999999991497 0.8249999999995977 0
-0.7249999999994508 0.8249999999997228 0
-0.7249999999995071 0.849999999999801 0
-0.7499999999997518 0.8249999999998479 0
-0.6999999999992628 0.8749999999997542 0
-0.7249999999995637 0.8749999999998792 0
-0.7750000000000526 0.824999999999973 0
-0.8749999999997178 -0.7999999999996483 0
-0.8499999999996843 -0.774999999999554 0
-0.8749999999996894 -0.774999999999351 0
-0.8249999999996794 -0.774999999999757 0
-0.8249999999996511 -0.7499999999994595 0
-0.8249999999997077 -0.8000000000000544 0
-0.8249999999996227 -0.7249999999991622 0
0.8749999999997174 0.799999999999648 0
0.8499999999996815 0.7749999999995552 0
0.8749999999996867 0.7749999999993527 0
0.824999999999676 0.7749999999997579 0
0.8249999999996454 0.7499999999994624 0
0.8249999999997066 0.8000000000000533 0
0.8249999999996147 0.724999999999167 0
0.1249999999976337 -0.8000000000002236 0
0.1249999999977703 -0.7750000000002732 0
0.09999999999759868 -0.7750000000003212 0
0.149999999997942 -0.7750000000002252 0
0.124999999997907 -0.7500000000003227 0
0.1749999999979769 -0.8000000000001276 0
0.1749999999981136 -0.7750000000001771 0
0.1249999999980437 -0.7250000000003722 0
0.09999999999787201 -0.7250000000004204 0
0.199999999997481 -0.8750000000000118 0
0.1749999999975319 -0.8500000000000824 0
0.1749999999973094 -0.8750000000000597 0
0.1749999999977544 -0.825000000000105 0
0.1499999999975828 -0.8250000000001531 0
0.1999999999979261 -0.8250000000000569 0
0.1249999999974111 -0.8250000000002011 0
-0.7749999999999339 0.8499999999999235 0
-0.8000000000001783 0.8249999999999703 0
-0.7499999999996894 0.8749999999998765 0
-0.7749999999998151 0.8749999999998739 0
-0.7249999999994449 0.8999999999998297 0
-0.7749999999996962 0.8999999999998244 0
-0.7999999999999408 0.8749999999998712 0
0.07499999999761375 -0.7500000000004379 0
0.07499999999747708 -0.7750000000003883 0
0.07499999999775042 -0.7250000000004874 0
0.04999999999762882 -0.7250000000005543 0
0.07499999999788709 -0.7000000000005369 0
0.0249999999976439 -0.700000000000671 0
0.02499999999750723 -0.7250000000006214 0
0.0249999999977091 -0.6750000000007104 0
-2.412493225786755e-12 -0.6750000000007774 0
0.0499999999978307 -0.6750000000006433 0
0.02499999999777431 -0.6500000000007498 0
0.07499999999795229 -0.6750000000005764 0
0.02499999999783951 -0.6250000000007893 0
-2.282082473672725e-12 -0.6250000000008562 0
-0.6000000000002885 -0.1249999999979255 0
-0.5750000000003193 -0.1249999999980839 0
-0.5750000000003809 -0.09999999999801637 0
-0.5750000000002577 -0.1499999999981515 0
-0.55000000000035 -0.1249999999982424 0
-0.6000000000001655 -0.1749999999980606 0
-0.5750000000001962 -0.174999999998219 0
-0.5250000000003807 -0.1249999999984008 0
-0.5250000000004423 -0.09999999999833328 0
-0.6750000000000009 -0.1999999999979983 0
-0.6500000000000969 -0.174999999997974 0
-0.6750000000000625 -0.1749999999979307 0
-0.6250000000001312 -0.1749999999980173 0
-0.6250000000001927 -0.1499999999979497 0
-0.6250000000000697 -0.1999999999980848 0
-0.6250000000002542 -0.1249999999978822 0
-0.5000000000007352 -0.02499999999807657 0
-0.4750000000007785 -0.02499999999826073 0
-0.4750000000008658 1.877661521871763e-12 0
-0.4750000000006911 -0.04999999999839911 0
-0.4500000000008217 -0.02499999999844488 0
-0.5000000000005604 -0.07499999999835334 0
-0.4750000000006037 -0.07499999999853749 0
-0.425000000000865 -0.02499999999862903 0
-0.4250000000009524 1.509351771731992e-12 0
-0.550000000000499 -0.07499999999803644 0
-0.5750000000004682 -0.07499999999787799 0
-0.5250000000005297 -0.0749999999981949 0
-0.5250000000006171 -0.0499999999980565 0
-0.5250000000007045 -0.02499999999791812 0
-0.1000000000012774 -0.02500000000196145 0
-0.07500000000108953 -0.0500000000019109 0
-0.07500000000086009 -0.07500000000186924 0
-0.05000000000090167 -0.07500000000186034 0
-0.1000000000008185 -0.07500000000187815 0
-0.07500000000063065 -0.1000000000018276 0
-0.02500000000071381 -0.1000000000018098 0
0.2249999999974584 -0.8999999999999225 0
0.2249999999976809 -0.8749999999999452 0
0.2499999999978809 -0.8749999999998785 0
0.2249999999979035 -0.8499999999999677 0
0.2749999999978582 -0.8999999999997893 0
0.2749999999980808 -0.8749999999998119 0
0.224999999998126 -0.8249999999999903 0
-0.4250000000012244 0.07500000000205939 0
-0.4250000000011337 0.05000000000187604 0
-0.4000000000012677 0.07500000000187523 0
-0.4500000000009998 0.02500000000187685 0
-0.425000000001043 0.0250000000016927 0
-0.4750000000009565 0.02500000000206101 0
-0.4000000000010863 0.02500000000150854 0
-0.3750000000013122 0.07500000000164735 0
-0.3750000000014029 0.1000000000018307 0
-0.3750000000012215 0.05000000000146401 0
-0.3500000000013567 0.07500000000141946 0
-0.3750000000011309 0.02500000000128066 0
-0.3250000000014013 0.07500000000119157 0
-0.3250000000014919 0.1000000000013749 0
-0.7000000000001476 -0.1249999999978025 0
-0.6750000000001832 -0.1249999999978291 0
-0.6750000000002435 -0.09999999999777825 0
-0.6750000000001228 -0.1499999999978799 0
-0.6500000000002187 -0.1249999999978556 0
-0.700000000000027 -0.1749999999979041 0
-0.6250000000003146 -0.09999999999783135 0
-0.8000000000000108 -0.1249999999977095 0
-0.7750000000000505 -0.1249999999977332 0
-0.7750000000000887 -0.09999999999768064 0
-0.7750000000000126 -0.1499999999977857 0
-0.7500000000000904 -0.1249999999977569 0
-0.7999999999999347 -0.1749999999978146 0
-0.7749999999999744 -0.1749999999978383 0
-0.7250000000001302 -0.1249999999977806 0
-0.7250000000001682 -0.09999999999772802 0
0.09999999999809092 -0.6750000000005076 0
0.07499999999803454 -0.6500000000006141 0
0.07499999999811678 -0.6250000000006518 0
0.04999999999797815 -0.6250000000007205 0
0.09999999999825543 -0.6250000000005831 0
0.07499999999819904 -0.6000000000006895 0
0.02499999999792176 -0.600000000000827 0
-0.7749999999999141 -0.1999999999978891 0
-0.749999999999992 -0.1749999999978603 0
-0.7250000000000094 -0.1749999999978822 0
-0.7250000000000698 -0.1499999999978314 0
-0.7249999999999491 -0.199999999997933 0
0.02499999999805923 -0.5750000000008626 0
-2.079407171536352e-12 -0.5750000000009313 0
0.04999999999819786 -0.5750000000007939 0
0.0249999999981967 -0.5500000000008982 0
0.07499999999833651 -0.5750000000007252 0
0.02499999999833417 -0.5250000000009338 0
-1.804467319377636e-12 -0.5250000000010026 0
-0.8749999999999236 -0.1999999999976532 0
-0.8499999999999527 -0.174999999997672 0
-0.8749999999999616 -0.1749999999976006 0
-0.8249999999999437 -0.1749999999977433 0
-0.8249999999999817 -0.1499999999976907 0
-0.8249999999999056 -0.1999999999977958 0
-0.8250000000000198 -0.1249999999976382 0
-0.02500000000194516 -0.5500000000009744 0
-0.02500000000208264 -0.5750000000009388 0
-0.02500000000180769 -0.52500000000101 0
-0.05000000000181093 -0.5250000000010173 0
-0.02500000000167022 -0.5000000000010456 0
-0.07500000000167668 -0.5000000000010603 0
-0.07500000000181416 -0.5250000000010246 0
-0.07500000000158216 -0.4750000000011215 0
-0.1000000000015854 -0.4750000000011289 0
-0.05000000000157894 -0.4750000000011141 0
-0.07500000000148765 -0.4500000000011827 0
-0.02500000000157571 -0.4750000000011068 0
-0.07500000000139315 -0.4250000000012439 0
-0.1000000000013964 -0.4250000000012513 0
0.8750000000001772 -0.7750000000000774 0
0.8499999999999832 -0.7750000000000247 0
0.8749999999998832 -0.7999999999997472 0
0.8250000000000834 -0.7500000000003021 0
0.8249999999997893 -0.7749999999999719 0
0.8250000000003774 -0.7250000000006322 0
0.8000000000001835 -0.7250000000005795 0
0.7999999999995955 -0.7749999999999192 0
0.8249999999994952 -0.7999999999996418 0
-0.8749999999999308 -0.8249999999996533 0
-0.8499999999999258 -0.8249999999998564 0
-0.8250000000001338 -0.8500000000000645 0
-0.8249999999999208 -0.8250000000000595 0
-0.8250000000003468 -0.8750000000000695 0
-0.8000000000003418 -0.8750000000002724 0
-0.7999999999999159 -0.8250000000002624 0
0.8749999999999308 0.8249999999996533 0
0.8499999999999255 0.8249999999998561 0
0.8250000000001334 0.850000000000064 0
0.82499999999992 0.8250000000000587 0
0.8250000000003468 0.8750000000000695 0
0.8000000000003414 0.8750000000002721 0
0.7999999999999147 0.8250000000002613 0
-0.8500000000002081 -0.8750000000000001 0
-0.8250000000004161 -0.9000000000002082 0
-0.8750000000000002 -0.849999999999792 0
-0.8750000000000695 -0.8749999999999307 0
-0.8999999999997921 -0.8249999999995841 0
-0.8999999999999309 -0.8749999999998614 0
-0.8750000000001388 -0.9000000000000694 0
0.8500000000002081 0.8750000000000001 0
0.8250000000004161 0.9000000000002082 0
0.8750000000000002 0.849999999999792 0
0.8750000000000695 0.8749999999999307 0
0.8999999999997921 0.8249999999995841 0
0.8999999999999309 0.8749999999998614 0
0.8750000000001388 0.9000000000000694 0
0.2249999999978502 -0.9749999999999307 0
0.2249999999977196 -0.949999999999928 0
0.1999999999976503 -0.9749999999999973 0
0.2499999999977889 -0.9249999999998586 0
0.224999999997589 -0.9249999999999252 0
0.2749999999979889 -0.924999999999792 0
0.1999999999973891 -0.9249999999999918 0
-0.02499999999739089 0.8000000000004054 0
-0.02499999999754583 0.7750000000004222 0
2.605839485990743e-12 0.775000000000532 0
-0.0499999999976975 0.7750000000003123 0
-0.02499999999770077 0.750000000000439 0
-0.07499999999769423 0.8000000000001857 0
-0.07499999999784916 0.7750000000002025 0
-0.02499999999785571 0.7250000000004558 0
2.295963022877093e-12 0.7250000000005656 0
-0.4249999999983322 0.6999999999996227 0
-0.4249999999989313 0.6749999999996319 0
-0.4499999999990186 0.6749999999995961 0
-0.4249999999995304 0.649999999999641 0
-0.4749999999985069 0.6999999999995514 0
-0.474999999999106 0.6749999999995606 0
-0.4250000000001295 0.6249999999996501 0
-0.09999999999738921 0.875000000000019 0
-0.07499999999738977 0.8500000000001477 0
-0.07499999999723754 0.8750000000001288 0
-0.07499999999754201 0.8250000000001667 0
-0.04999999999739033 0.8250000000002766 0
-0.09999999999769367 0.8250000000000569 0
-0.02499999999723866 0.8250000000003864 0
0.8249999999996115 -0.8749999999997661 0
0.8249999999995727 -0.8499999999997246 0
0.7999999999994175 -0.8749999999997133 0
0.849999999999728 -0.8249999999997359 0
0.824999999999534 -0.8249999999996832 0
0.874999999999922 -0.8249999999997887 0
0.7999999999993401 -0.8249999999996305 0
0.6000000000000529 0.1249999999979494 0
0.5750000000000889 0.1249999999980431 0
0.5750000000000332 0.1499999999981754 0
0.5500000000001248 0.1249999999981369 0
0.5999999999999415 0.1749999999982139 0
0.5749999999999774 0.1749999999983077 0
0.5250000000001608 0.1249999999982307 0
-0.499999999998565 0.7749999999995263 0
-0.4749999999984874 0.7499999999995584 0
-0.4749999999984776 0.7749999999995618 0
-0.4749999999984972 0.7249999999995549 0
-0.4499999999984098 0.7249999999995904 0
-0.4999999999985845 0.7249999999995194 0
-0.4249999999983224 0.7249999999996261 0
0.6749999999998413 0.199999999998033 0
0.6499999999999119 0.1749999999980051 0
0.674999999999897 0.1749999999979007 0
0.6249999999999267 0.1749999999981095 0
0.6249999999999825 0.1499999999979773 0
0.624999999999871 0.1999999999982418 0
0.6250000000000382 0.124999999997845 0
0.5249999999982969 -0.799999999999649 0
0.5249999999989194 -0.774999999999666 0
0.549999999999083 -0.7749999999996476 0
0.5249999999995421 -0.749999999999683 0
0.5749999999986241 -0.7999999999996121 0
0.5749999999992466 -0.7749999999996293 0
0.5250000000001646 -0.7249999999997001 0
0.07500000000242424 0.7250000000006762 0
0.05000000000238148 0.7250000000006394 0
0.07500000000226931 0.7000000000006931 0
0.02500000000249366 0.7500000000005858 0
0.02500000000233872 0.7250000000006025 0
0.0250000000026486 0.7750000000005689 0
0.02500000000218378 0.7000000000006193 0
0.07500000000215985 0.6750000000007226 0
0.1000000000022026 0.6750000000007594 0
0.05000000000211709 0.6750000000006857 0
0.0750000000020504 0.650000000000752 0
0.02500000000207434 0.6750000000006489 0
0.07500000000194096 0.6250000000007814 0
0.1000000000019837 0.6250000000008182 0
0.6999999999999934 0.1249999999977722 0
0.6750000000000083 0.1249999999977965 0
0.675000000000064 0.09999999999774435 0
0.6749999999999527 0.1499999999978486 0
0.6500000000000232 0.1249999999978207 0
0.6999999999998822 0.1749999999978765 0
0.6250000000000937 0.09999999999779285 0
-0.4249999999980823 0.7999999999995915 0
-0.4249999999981623 0.774999999999603 0
-0.3999999999980047 0.7749999999996237 0
-0.44999999999832 0.7749999999995824 0
-0.4249999999982423 0.7499999999996145 0
-0.4749999999983976 0.7999999999995502 0
-0.3999999999981647 0.7249999999996467 0
-0.5999999999998111 -0.3249999999984824 0
-0.5749999999998343 -0.3249999999990412 0
-0.5749999999997923 -0.3499999999991235 0
-0.5499999999998575 -0.3249999999995998 0
-0.5999999999997272 -0.3749999999986471 0
-0.5749999999997504 -0.3749999999992057 0
-0.5249999999998807 -0.3250000000001586 0
0.7999999999998542 0.124999999997645 0
0.7749999999999005 0.1249999999976816 0
0.7749999999999095 0.0999999999976104 0
0.7749999999998916 0.1499999999977528 0
0.7499999999999469 0.1249999999977182 0
0.799999999999836 0.1749999999977875 0
0.7749999999998824 0.174999999997824 0
0.7249999999999934 0.1249999999977548 0
0.7250000000000025 0.09999999999768354 0
0.7749999999998267 0.1999999999978762 0
0.7499999999998823 0.1749999999978415 0
0.7249999999998822 0.174999999997859 0
0.7249999999999379 0.1499999999978069 0
0.7249999999998267 0.1999999999979111 0
-0.1249999999973702 0.8999999999999333 0
-0.1249999999975225 0.8749999999999523 0
-0.1499999999976557 0.8749999999998856 0
-0.1249999999976747 0.8499999999999712 0
-0.1749999999976367 0.8999999999998001 0
-0.174999999997789 0.874999999999819 0
-0.1249999999978269 0.8249999999999902 0
-0.6749999999996924 -0.3999999999985419 0
-0.6499999999997319 -0.3749999999985221 0
-0.6749999999997345 -0.3749999999984596 0
-0.6249999999997295 -0.3749999999985846 0
-0.6249999999997715 -0.3499999999985022 0
-0.6249999999996876 -0.3999999999986669 0
-0.6249999999998135 -0.3249999999984199 0
0.8749999999998985 0.1999999999976584 0
0.8499999999998837 0.174999999997654 0
0.8749999999999076 0.1749999999975873 0
0.8249999999998598 0.1749999999977207 0
0.8249999999998689 0.1499999999976495 0
0.8249999999998507 0.1999999999977919 0
0.8249999999998781 0.1249999999975783 0
0.5249999999986065 -0.874999999999727 0
0.5249999999985033 -0.849999999999701 0
0.4999999999984429 -0.8749999999997454 0
0.5499999999985636 -0.8249999999996566 0
0.5249999999984001 -0.824999999999675 0
0.5749999999987272 -0.8249999999996382 0
0.4999999999982365 -0.8249999999996933 0
-0.6999999999997633 -0.3249999999983034 0
-0.67499999999978 -0.3249999999983423 0
-0.6749999999998029 -0.2999999999982836 0
-0.6749999999997572 -0.3499999999984009 0
-0.6499999999997967 -0.3249999999983811 0
-0.6999999999997177 -0.3749999999984207 0
-0.6249999999998364 -0.2999999999983613 0
-0.4749999999999481 -0.425000000000585 0
-0.449999999999982 -0.4250000000007278 0
-0.4749999999998008 -0.4000000000006493 0
-0.4250000000001633 -0.4500000000008063 0
-0.4250000000000159 -0.4250000000008706 0
-0.4250000000003107 -0.4750000000007421 0
-0.4000000000003446 -0.4750000000008849 0
-0.4000000000000498 -0.4250000000010133 0
-0.4249999999998685 -0.4000000000009348 0
-0.1750000000004603 -0.1750000000016095 0
-0.1750000000005765 -0.1500000000015691 0
-0.2000000000005336 -0.1750000000014934 0
-0.1500000000006195 -0.1250000000016447 0
-0.1750000000006927 -0.1250000000015286 0
-0.1250000000005462 -0.1250000000017608 0
-0.1250000000006624 -0.1000000000017204 0
-0.175000000000809 -0.1000000000014882 0
-0.200000000000766 -0.1250000000014125 0
-0.1500000000009651 -0.07500000000164593 0
-0.1750000000010384 -0.07500000000152982 0
-0.1250000000008918 -0.07500000000176205 0
-0.1250000000011212 -0.05000000000180369 0
-0.1250000000013507 -0.02500000000184534 0
-0.4500000000001281 -0.4750000000007334 0
-0.4250000000003094 -0.500000000000812 0
-0.4749999999999469 -0.4500000000006549 0
-0.4749999999999456 -0.4750000000007248 0
-0.4999999999997656 -0.4250000000005764 0
-0.499999999999763 -0.4750000000007161 0
-0.4749999999999442 -0.5000000000007947 0
0.8249999999995334 -0.8999999999998068 0
0.8499999999996887 -0.8749999999998181 0
0.8749999999997659 -0.8749999999998702 0
0.8749999999998439 -0.8499999999998294 0
0.8749999999996878 -0.899999999999911 0
0.8999999999998429 -0.8749999999999223 0
0.8999999999999991 -0.8249999999998407 0
0.5999999999998373 0.2249999999984055 0
0.5749999999998657 0.2249999999985076 0
0.5749999999999141 0.1999999999984482 0
0.5749999999998174 0.2499999999985669 0
0.5499999999998941 0.2249999999986096 0
0.5999999999997405 0.2749999999985241 0
0.574999999999769 0.2749999999986262 0
0.5249999999999226 0.2249999999987117 0
0.524999999999971 0.1999999999986523 0
-0.4249999999983488 0.8749999999997015 0
-0.4249999999982599 0.8499999999996648 0
-0.3999999999981911 0.8749999999997221 0
-0.4499999999983287 0.8249999999996075 0
-0.4249999999981711 0.8249999999996281 0
-0.4749999999984864 0.824999999999587 0
-0.3999999999980135 0.8249999999996488 0
-0.7749999999996846 -0.3999999999983994 0
-0.7499999999997109 -0.3749999999983674 0
-0.7749999999997075 -0.3749999999983408 0
-0.7249999999997143 -0.3749999999983941 0
-0.7249999999997371 -0.3499999999983354 0
-0.7249999999996914 -0.3999999999984527 0
-0.7249999999997598 -0.3249999999982768 0
0.6249999999998284 0.2249999999983301 0
0.62499999999978 0.2499999999983894 0
0.6499999999997226 0.2749999999983733 0
0.6249999999997315 0.2749999999984487 0
0.6749999999997136 0.2749999999982979 0
0.6749999999996653 0.2999999999983572 0
0.6249999999996833 0.299999999998508 0
0.6999999999996309 0.3249999999983719 0
0.6749999999996399 0.3249999999984473 0
0.6749999999996144 0.3499999999985374 0
0.6499999999996489 0.3249999999985227 0
0.6999999999995798 0.374999999998552 0
0.6749999999995888 0.3749999999986275 0
0.6249999999996578 0.3249999999985981 0
-0.6249999999987317 0.6999999999995159 0
-0.6249999999992155 0.6749999999995265 0
-0.5999999999990919 0.6749999999995339 0
-0.6499999999993391 0.6749999999995192 0
-0.6249999999996994 0.6499999999995372 0
-0.674999999998979 0.6999999999995012 0
-0.6749999999994629 0.674999999999512 0
-0.6250000000001832 0.6249999999995477 0
-0.6000000000000596 0.624999999999555 0
-0.1249999999975701 0.9749999999999334 0
-0.1249999999975034 0.9499999999999333 0
-0.09999999999743681 0.975 0
-0.1499999999975701 0.9249999999998667 0
-0.1249999999974368 0.9249999999999333 0
-0.1749999999977033 0.9249999999998001 0
-0.09999999999730358 0.925 0
-0.89999999999988 -0.2249999999977009 0
-0.8749999999998711 -0.2249999999977723 0
-0.8749999999998186 -0.2499999999978914 0
-0.8499999999998622 -0.2249999999978436 0
-0.8999999999997752 -0.2749999999979392 0
-0.8749999999997662 -0.2749999999980105 0
-0.8249999999998532 -0.2249999999979149 0
0.774999999999611 0.3999999999984303 0
0.7499999999996176 0.3749999999984108 0
0.7749999999996365 0.3749999999983402 0
0.7249999999995987 0.3749999999984814 0
0.7249999999996243 0.3499999999983914 0
0.7249999999995733 0.3999999999985715 0
0.7249999999996497 0.3249999999983013 0
-0.5999999999986927 0.7249999999995365 0
-0.6249999999988163 0.7249999999995291 0
-0.624999999998901 0.7499999999995424 0
-0.64999999999894 0.7249999999995218 0
-0.599999999998862 0.7749999999995627 0
-0.6249999999989857 0.7749999999995555 0
-0.6749999999990637 0.7249999999995145 0
0.624999999998896 -0.7999999999996059 0
0.6249999999992993 -0.7749999999996224 0
0.599999999999191 -0.7749999999996103 0
0.6499999999994077 -0.7749999999996344 0
0.6249999999997027 -0.749999999999639 0
0.6749999999991125 -0.7999999999996299 0
0.674999999999516 -0.7749999999996464 0
0.6250000000001061 -0.7249999999996555 0
0.5999999999999979 -0.7249999999996434 0
-0.7249999999993507 0.9249999999998744 0
-0.7499999999994764 0.9249999999998717 0
-0.774999999999508 0.9499999999999136 0
-0.7749999999996021 0.924999999999869 0
-0.7749999999994138 0.9749999999999581 0
-0.7999999999995395 0.9749999999999555 0
-0.7999999999997278 0.9249999999998664 0
-0.7999999999996747 -0.4249999999984511 0
-0.7749999999996782 -0.4249999999984777 0
-0.7749999999996717 -0.4499999999985559 0
-0.7499999999996816 -0.4249999999985044 0
-0.7999999999996619 -0.4749999999986075 0
-0.7749999999996653 -0.4749999999986342 0
-0.724999999999685 -0.424999999998531 0
0.9749999999999412 -0.8750000000002742 0
0.9749999999999412 -0.9000000000001989 0
0.9749999999999412 -0.8500000000003436 0
0.9499999999998825 -0.8750000000001896 0
0.9749999999999412 -0.825000000000407 0
0.9249999999998237 -0.875000000000111 0
0.9249999999998237 -0.9000000000000417 0
0.8999999999998727 0.2249999999977084 0
0.8749999999998487 0.2249999999977751 0
0.8749999999997988 0.2499999999978917 0
0.8499999999998247 0.2249999999978418 0
0.8999999999997728 0.2749999999979416 0
0.8749999999997489 0.2749999999980084 0
0.8249999999998008 0.2249999999979086 0
-0.02096297886364167 0.1060408727070757 0
-0.0223086525763324 0.0790272484718947 0
-0.04865432628907335 0.0770136242365569 0
-0.02365432628902314 0.05201362423671373 0
-0.07365432628912356 0.1020136242364001 0
-0.04755856976039399 0.1292480700481075 0
-0.07415416065714632 0.1524552673891393 0
-0.07390424347313494 0.1272344458127697 0
-0.1007497515538986 0.1756624647301711 0
-0.1002499171858759 0.1252208215774319 0
-0.9249999999997921 -0.8249999999995147 0
-0.9249999999998615 -0.8499999999996534 0
-0.9499999999999307 -0.8749999999997227 0
-0.9249999999999308 -0.8749999999997921 0
-0.9749999999999307 -0.8749999999996533 0
-0.9750000000000001 -0.899999999999792 0
-0.925 -0.8999999999999307 0
0.9249999999997921 0.8249999999995147 0
0.9249999999998615 0.8499999999996534 0
0.9499999999999307 0.8749999999997227 0
0.9249999999999308 0.8749999999997921 0
0.9749999999999307 0.8749999999996533 0
0.9750000000000001 0.899999999999792 0
0.925 0.8999999999999307 0
0.1711975443570539 0.2004492450383995 0
0.1514806659921452 0.1807323666734687 0
0.1802831216354535 0.1802831216364651 0
0.122678210348837 0.1811816117104724 0
0.1317637876272365 0.161015488308538 0
0.1135926330704374 0.2013477351124068 0
0.1408493649056361 0.1408493649066035 0
0.09619754435744285 0.2754492450382837 0
0.1211975443573132 0.2504492450383223 0
0.1250000000007511 0.2750000000012801 0
0.1173950887138753 0.2258984900753646 0
0.1461975443571835 0.2254492450383609 0
0.08859263307056706 0.2263477351123682 0
0.1750000000004918 0.2250000000013573 0
-0.5249999999997415 -0.4500000000005559 0
-0.5499999999997172 -0.4750000000005354 0
-0.5249999999997401 -0.4750000000006258 0
-0.5749999999996929 -0.5000000000005149 0
-0.5249999999997388 -0.5000000000006957 0
0.2000000000013958 -0.1750000000010062 0
0.1750000000014048 -0.1500000000011035 0
0.1750000000014345 -0.1750000000011606 0
0.1750000000013751 -0.1250000000010464 0
0.1500000000014139 -0.1250000000012009 0
0.2000000000013364 -0.1250000000008921 0
0.1250000000014526 -0.1250000000013552 0
0.2500000000012504 -0.1250000000014256 0
0.2750000000012075 -0.1250000000016924 0
0.2250000000012934 -0.1250000000011588 0
0.2250000000013231 -0.1500000000012159 0
0.2250000000013528 -0.1750000000012729 0
0.7999999999996263 0.4249999999984381 0
0.7749999999996073 0.4249999999985087 0
0.7749999999996038 0.4499999999985871 0
0.7499999999995886 0.4249999999985793 0
0.799999999999619 0.4749999999985949 0
0.7749999999996002 0.4749999999986655 0
0.7249999999995698 0.4249999999986499 0
0.5999999999988017 -0.8249999999996376 0
0.62499999999891 -0.8249999999996496 0
0.6249999999989242 -0.8499999999996932 0
0.6499999999990184 -0.8249999999996616 0
0.5999999999988299 -0.874999999999725 0
0.6249999999989382 -0.8749999999997371 0
0.6749999999991266 -0.8249999999996736 0
-0.5749999999999826 -0.5250000000004921 0
-0.5500000000000056 -0.5250000000005823 0
-0.5250000000003183 -0.5500000000006497 0
-0.5250000000000286 -0.5250000000006727 0
-0.5250000000006081 -0.5750000000006269 0
-0.5000000000006309 -0.5750000000007172 0
-0.5000000000000514 -0.5250000000007631 0
-0.9749999999999307 -0.2999999999980583 0
-0.9499999999999138 -0.2749999999979392 0
-0.9749999999999831 -0.2749999999979392 0
-0.9249999999998445 -0.2749999999979392 0
-0.9249999999998969 -0.24999999999782 0
-0.9249999999997921 -0.2999999999980583 0
-0.9249999999999494 -0.2249999999977009 0
-0.5249999999986531 0.7999999999995413 0
-0.5499999999986662 0.7749999999995396 0
-0.5249999999985684 0.7749999999995281 0
-0.5749999999987641 0.7749999999995512 0
-0.5749999999986795 0.7499999999995379 0
-0.5749999999988489 0.7999999999995644 0
-0.5749999999985949 0.7249999999995248 0
-0.8749999999997651 -0.499999999998572 0
-0.849999999999735 -0.4749999999985317 0
-0.8749999999997715 -0.4749999999984937 0
-0.8249999999996984 -0.4749999999985697 0
-0.8249999999997049 -0.4499999999984914 0
-0.824999999999692 -0.4999999999986479 0
-0.8249999999997113 -0.4249999999984131 0
0.4249999999982829 -0.8999999999998294 0
0.4499999999982674 -0.8749999999997841 0
0.4249999999981797 -0.8749999999998035 0
0.4749999999983552 -0.8749999999997647 0
0.4749999999982519 -0.8499999999997387 0
0.4749999999984583 -0.8999999999997907 0
0.4749999999981488 -0.8249999999997126 0
-0.5500000000002883 -0.5750000000005606 0
-0.525000000000601 -0.600000000000628 0
-0.5749999999999756 -0.5500000000004932 0
-0.5749999999999686 -0.5750000000004944 0
-0.599999999999663 -0.5250000000004258 0
-0.5999999999996488 -0.5750000000004283 0
-0.5749999999999615 -0.6000000000004957 0
-0.2000000000011311 -0.2750000000014091 0
-0.2250000000009387 -0.2500000000014359 0
-0.2250000000011766 -0.2750000000013942 0
-0.2250000000007008 -0.2250000000014774 0
-0.2500000000007463 -0.2250000000014626 0
-0.2000000000006553 -0.2250000000014923 0
-0.2250000000004629 -0.200000000001519 0
-0.2750000000005539 -0.2000000000014893 0
-0.2750000000007917 -0.2250000000014477 0
-0.2500000000006246 -0.1750000000014637 0
-0.27500000000067 -0.1750000000014488 0
-0.2250000000005791 -0.1750000000014786 0
-0.2250000000006953 -0.1500000000014381 0
-0.2250000000008115 -0.1250000000013977 0
0.02499999999736437 -0.975000000000055 0
-2.699599224720295e-12 -0.975000000000055 0
0.04999999999742829 -0.975000000000055 0
0.02499999999741696 -0.9500000000001101 0
0.07499999999749216 -0.975000000000055 0
0.02499999999746961 -0.9250000000001651 0
-2.594311918069359e-12 -0.9250000000001651 0
0.09999999999743948 -0.9750000000000001 0
0.07499999999742821 -0.950000000000055 0
0.07499999999736429 -0.9250000000000551 0
0.04999999999741694 -0.9250000000001102 0
0.09999999999731161 -0.925 0
0.07499999999730034 -0.9000000000000552 0
0.02499999999740567 -0.9000000000001651 0
0.9750000000000001 0.02499999999737566 0
0.9750000000000001 -2.688307909615162e-12 0
0.9750000000000001 0.04999999999743958 0
0.9500000000000001 0.02499999999743954 0
0.9750000000000001 0.07499999999750344 0
0.925 0.02499999999750348 0
0.925 -2.560437972753959e-12 0
-0.9750000000000001 -0.02499999999737566 0
-0.9750000000000001 2.688307909615162e-12 0
-0.9750000000000001 -0.04999999999743958 0
-0.9500000000000001 -0.02499999999743954 0
-0.9750000000000001 -0.07499999999750344 0
-0.925 -0.02499999999750348 0
-0.925 2.560437972753959e-12 0
0.9249999999999018 -0.8500000000000703 0
0.9499999999999605 -0.8250000000002182 0
0.9249999999999798 -0.8250000000000295 0
0.9750000000000193 -0.8000000000003662 0
0.9250000000000579 -0.7999999999999887 0
0.9749999999999307 0.2999999999980583 0
0.9499999999999114 0.2749999999979416 0
0.9749999999999807 0.2749999999979416 0
0.9249999999998421 0.2749999999979416 0
0.924999999999892 0.249999999997825 0
0.9249999999997921 0.2999999999980583 0
0.9249999999999419 0.2249999999977084 0
-0.3249999999980027 0.8999999999998324 0
-0.3499999999980063 0.8749999999997712 0
-0.3249999999979138 0.8749999999997957 0
-0.3749999999980987 0.8749999999997466 0
-0.3749999999980099 0.84999999999971 0
-0.3749999999981876 0.8999999999997833 0
-0.3749999999979211 0.8249999999996733 0
-0.9249999999999334 -0.04999999999750618 0
-0.8999999999999335 -0.0249999999975062 0
-0.9499999999999333 -0.07499999999750616 0
-0.9249999999998668 -0.07499999999750888 0
-0.9749999999999334 -0.09999999999750614 0
-0.9249999999998001 -0.09999999999751158 0
-0.8999999999998001 -0.0749999999975116 0
0.8750000000002953 -0.1000000000024003 0
0.8500000000003562 -0.1250000000023202 0
0.8750000000003177 -0.1250000000023812 0
0.8250000000003945 -0.1250000000022592 0
0.8250000000004171 -0.1500000000022401 0
0.8250000000003721 -0.1000000000022784 0
0.800000000000433 -0.1250000000021983 0
0.8000000000004779 -0.1750000000021599 0
0.8250000000004396 -0.1750000000022209 0
0.8749999999997391 0.4999999999985848 0
0.8499999999997015 0.4749999999985359 0
0.8749999999997429 0.4749999999985064 0
0.8249999999996602 0.4749999999985653 0
0.824999999999664 0.4499999999984869 0
0.8249999999996567 0.4999999999986438 0
0.8249999999996676 0.4249999999984085 0
-0.8000000000004954 0.1750000000020976 0
-0.7750000000005575 0.1500000000020789 0
-0.7750000000005565 0.1750000000020984 0
-0.7750000000005586 0.1250000000020594 0
-0.7500000000006197 0.1250000000020601 0
-0.8000000000004974 0.1250000000020586 0
-0.7750000000005597 0.1000000000020398 0
-0.725000000000682 0.1000000000020414 0
-0.7250000000006809 0.1250000000020609 0
0.9249999999999334 0.04999999999750618 0
0.8999999999999335 0.0249999999975062 0
0.9499999999999333 0.07499999999750616 0
0.9249999999998668 0.07499999999750888 0
0.9749999999999334 0.09999999999750614 0
0.9249999999998001 0.09999999999751158 0
0.8999999999998001 0.0749999999975116 0
-0.8750000000003021 0.1000000000023305 0
-0.8500000000003665 0.1250000000022529 0
-0.8750000000003011 0.12500000000235 0
-0.8250000000004321 0.1250000000021557 0
-0.8250000000004309 0.1500000000021752 0
-0.8250000000004331 0.1000000000021362 0
-0.8250000000004298 0.1750000000021948 0
-0.1000000000014842 -0.3250000000014461 0
-0.07500000000145154 -0.3250000000014392 0
-0.07500000000151232 -0.3000000000014837 0
-0.07500000000139079 -0.3500000000013946 0
-0.05000000000141895 -0.3250000000014323 0
-0.1000000000013626 -0.375000000001357 0
-0.07500000000133002 -0.3750000000013501 0
-0.02500000000138635 -0.3250000000014254 0
-0.02500000000144711 -0.3000000000014699 0
-0.07500000000143615 -0.2750000000015272 0
-0.1000000000014687 -0.2750000000015342 0
-0.05000000000140356 -0.2750000000015204 0
-0.07500000000136001 -0.2500000000015709 0
-0.02500000000137096 -0.2750000000015135 0
-0.07500000000128385 -0.2250000000016144 0
-0.1000000000013165 -0.2250000000016213 0
-0.9749999999999831 -0.2249999999978004 0
-0.9749999999999831 -0.1999999999977311 0
-0.9749999999999831 -0.2499999999978698 0
-0.9499999999999662 -0.2249999999977507 0
-0.9249999999999494 -0.1999999999976316 0
-0.04999999999730903 0.975 0
-0.02499999999724506 0.975 0
-0.07499999999737295 0.975 0
-0.07499999999730628 0.95 0
-0.07499999999723968 0.925 0
-0.7500000000006073 0.1750000000020922 0
-0.7750000000005451 0.200000000002111 0
-0.7250000000006694 0.1500000000020735 0
-0.7250000000006581 0.175000000002086 0
-0.7000000000007316 0.1250000000020547 0
-0.7000000000007089 0.1750000000020799 0
-0.7250000000006467 0.2000000000020986 0
-0.524999999998639 0.8249999999995778 0
-0.5499999999987368 0.8249999999995895 0
-0.5749999999988207 0.8499999999996377 0
-0.5749999999988347 0.8249999999996011 0
-0.5749999999988065 0.8749999999996744 0
-0.5999999999989044 0.8749999999996859 0
-0.5999999999989326 0.8249999999996126 0
0.7750000000005308 -0.1750000000021201 0
0.7750000000005532 -0.2000000000021009 0
0.7750000000005083 -0.1500000000021393 0
0.7500000000005835 -0.1750000000020803 0
0.7750000000004859 -0.1250000000021585 0
0.7250000000006365 -0.1750000000020404 0
0.7250000000006589 -0.2000000000020213 0
0.9749999999999807 0.2249999999978028 0
0.9749999999999807 0.1999999999977335 0
0.9749999999999807 0.2499999999978722 0
0.9499999999999613 0.2249999999977556 0
0.9249999999999419 0.199999999997639 0
0.6249999999989198 -0.8999999999997748 0
0.6499999999990139 -0.874999999999743 0
0.6749999999990896 -0.8749999999997489 0
0.6749999999991081 -0.8499999999997112 0
0.674999999999071 -0.8999999999997865 0
0.6999999999991653 -0.8749999999997549 0
0.6999999999992023 -0.8249999999996795 0
-0.1257497515538248 0.2006624647300416 0
-0.1254998343698134 0.175441643153672 0
-0.1502499171857282 0.1752208215771729 0
-0.125249917185802 0.1502208215773024 0
-0.1752499171856544 0.2002208215770434 0
-0.175000000001643 0.1750000000006738 0
-0.1250000000017907 0.1250000000009328 0
0.02499999999741576 -0.8750000000002333 0
-2.531574518145858e-12 -0.8750000000002882 0
0.0499999999973631 -0.8750000000001783 0
0.02499999999742586 -0.8500000000003014 0
0.07499999999731044 -0.8750000000001232 0
0.02499999999743595 -0.8250000000003694 0
-2.511387024949792e-12 -0.8250000000004245 0
-0.1257497515537603 0.2256624647300031 0
-0.150499834369675 0.225441643153504 0
-0.1752499171855253 0.2502208215769663 0
-0.1752499171855898 0.2252208215770048 0
-0.1752499171854607 0.2752208215769278 0
-0.2000000000013755 0.2750000000004287 0
-0.2000000000015046 0.2250000000005057 0
-0.6750000000006264 0.4000000000009223 0
-0.6500000000006124 0.4250000000005469 0
-0.6750000000005607 0.4250000000007672 0
-0.6250000000006641 0.4250000000003266 0
-0.6250000000005984 0.4500000000001714 0
-0.6250000000007299 0.4000000000004817 0
-0.6000000000007158 0.4250000000001062 0
-0.6000000000005844 0.474999999999796 0
-0.6250000000005327 0.4750000000000163 0
-0.8999999999997554 -0.7249999999992045 0
-0.8749999999997112 -0.7249999999991904 0
-0.8749999999997222 -0.69999999999911 0
-0.8749999999997002 -0.7499999999992707 0
-0.849999999999667 -0.7249999999991763 0
-0.8999999999997337 -0.7749999999993651 0
-0.8249999999996336 -0.6999999999990819 0
-0.6750000000007603 0.1750000000020171 0
-0.675000000000749 0.2000000000020297 0
-0.6750000000007716 0.1500000000020045 0
-0.6500000000008117 0.1750000000019544 0
-0.6750000000007831 0.125000000001992 0
-0.6250000000008632 0.1750000000018916 0
-0.6250000000008518 0.2000000000019042 0
0.9500000000000642 -0.02500000000261557 0
0.9750000000000643 -0.0250000000026795 0
0.9250000000000642 -0.02500000000255163 0
0.9250000000001284 -0.05000000000254283 0
0.9000000000000643 -0.0250000000024877 0
0.9000000000001926 -0.07500000000247009 0
0.9250000000001926 -0.07500000000253403 0
0.4249999999980918 -0.7999999999998113 0
0.4249999999980606 -0.7749999999998355 0
0.3999999999980468 -0.7749999999998836 0
0.4499999999980745 -0.7749999999997874 0
0.4249999999980295 -0.7499999999998596 0
0.4749999999981195 -0.7999999999997154 0
0.3999999999979845 -0.7249999999999317 0
0.4249999999983881 -0.9749999999999428 0
0.424999999998353 -0.9499999999999051 0
0.3999999999983004 -0.9749999999999622 0
0.4499999999984057 -0.9249999999998479 0
0.4249999999983179 -0.9249999999998673 0
0.4749999999984934 -0.9249999999998286 0
0.3999999999982302 -0.9249999999998866 0
0.400000000000879 -0.4750000000001241 0
0.375000000001021 -0.4500000000001902 0
0.3750000000009164 -0.4750000000001969 0
0.3750000000011255 -0.4250000000001836 0
0.3500000000011629 -0.4250000000002564 0
0.4000000000010882 -0.4250000000001106 0
0.3750000000012301 -0.4000000000001768 0
0.3250000000013049 -0.4000000000003226 0
0.3250000000012003 -0.4250000000003293 0
-0.7000000000005139 0.475000000000708 0
-0.6750000000005202 0.4750000000004774 0
-0.6750000000004999 0.5000000000003325 0
-0.6750000000005405 0.4500000000006223 0
-0.6500000000005264 0.4750000000002468 0
-0.7000000000005544 0.4250000000009978 0
-0.6250000000005125 0.4999999999998714 0
-0.9249999999998662 0.9750000000000281 0
-0.899999999999797 0.9750000000000281 0
-0.9499999999999356 0.9750000000000281 0
-0.9249999999999405 0.9500000000000561 0
-0.975000000000005 0.9750000000000281 0
-0.9250000000000149 0.9250000000000842 0
-0.8999999999999455 0.9250000000000842 0
-0.9500000000000592 0.02500000000260715 0
-0.9750000000000592 0.02500000000267109 0
-0.9250000000000592 0.02500000000254322 0
-0.9250000000001184 0.050000000002526 0
-0.9000000000000592 0.02500000000247928 0
-0.9000000000001775 0.07500000000244483 0
-0.9250000000001775 0.07500000000250878 0
-0.2249999999978725 0.6999999999999509 0
-0.2249999999978952 0.6749999999999696 0
-0.1999999999978917 0.6750000000000165 0
-0.2499999999978987 0.674999999999923 0
-0.2249999999979179 0.6499999999999885 0
-0.2749999999978796 0.6999999999998574 0
-0.2749999999979023 0.6749999999998761 0
-0.2249999999979406 0.6250000000000072 0
-0.1999999999979371 0.625000000000054 0
-0.9750000000000001 -0.9249999999998613 0
-0.9750000000000001 -0.9499999999999307 0
-0.9500000000000001 -0.9249999999999308 0
-0.9750000000000001 -0.9750000000000001 0
-0.925 -0.925 0
0.9750000000000001 0.9249999999998613 0
0.9750000000000001 0.9499999999999307 0
0.9500000000000001 0.9249999999999308 0
0.9750000000000001 0.9750000000000001 0
0.925 0.925 0
0.8999999999997524 0.7249999999992075 0
0.8749999999997065 0.7249999999991941 0
0.8749999999997164 0.6999999999991147 0
0.8749999999996967 0.7499999999992732 0
0.8499999999996606 0.7249999999991805 0
0.8999999999997327 0.7749999999993661 0
0.8249999999996245 0.6999999999990878 0
-0.1249999999979496 0.6000000000003112 0
-0.1249999999979896 0.5750000000003368 0
-0.09999999999798617 0.5750000000004163 0
-0.149999999997993 0.5750000000002573 0
-0.1249999999980296 0.5500000000003624 0
-0.1749999999979564 0.6000000000001522 0
-0.1749999999979964 0.5750000000001778 0
-0.1249999999980696 0.525000000000388 0
-0.09999999999806616 0.5250000000004675 0
0.4750000000009733 -0.4750000000000062 0
0.4500000000009419 -0.4750000000000455 0
0.4750000000008687 -0.5000000000000129 0
0.425000000001015 -0.4500000000000781 0
0.4250000000009104 -0.4750000000000848 0
0.4250000000011196 -0.4250000000000714 0
0.4250000000008058 -0.5000000000000915 0
-0.3000000000008555 0.4750000000000142 0
-0.2750000000009726 0.4500000000000715 0
-0.2750000000010382 0.4250000000000695 0
-0.2500000000010896 0.4250000000001287 0
-0.3000000000009868 0.4250000000000103 0
-0.2750000000011039 0.4000000000000675 0
-0.2250000000012067 0.4000000000001859 0
-0.1250000000015071 -0.4500000000011598 0
-0.1250000000016016 -0.4750000000010985 0
-0.1250000000014126 -0.4250000000012211 0
-0.1500000000014289 -0.4250000000011908 0
-0.1250000000013181 -0.4000000000012823 0
-0.1750000000013506 -0.4000000000012218 0
-0.1750000000014451 -0.4250000000011606 0
-0.1500000000013951 -0.3750000000012965 0
-0.1750000000014114 -0.3750000000012663 0
-0.1250000000013789 -0.3750000000013268 0
-0.1250000000014396 -0.3500000000013713 0
-0.1250000000015004 -0.3250000000014158 0
-0.02499999999813954 0.5000000000007667 0
-0.02499999999816821 0.4750000000007931 0
1.820667418085345e-12 0.4750000000008843 0
-0.04999999999815708 0.4750000000007019 0
-0.02499999999819687 0.4500000000008195 0
-0.07499999999811729 0.5000000000005843 0
-0.07499999999814595 0.4750000000006107 0
-0.02499999999822554 0.4250000000008458 0
1.76333522023371e-12 0.4250000000009371 0
-0.9249999999998498 -0.1249999999975285 0
-0.8999999999997832 -0.1249999999975312 0
-0.9499999999999165 -0.1249999999975257 0
-0.9249999999998996 -0.1499999999975453 0
-0.9749999999999831 -0.124999999997523 0
-0.9249999999999494 -0.1749999999975622 0
-0.8999999999998827 -0.1749999999975649 0
0.9249999999998024 -0.9500000000000601 0
0.8999999999997331 -0.9749999999999908 0
0.9499999999998718 -0.9250000000001295 0
0.9249999999998131 -0.9250000000000509 0
0.8999999999997543 -0.9249999999999723 0
-0.0749999999980373 0.5500000000005331 0
-0.07499999999799731 0.5750000000005074 0
-0.0749999999980773 0.5250000000005587 0
-0.04999999999808842 0.5250000000006498 0
-0.02499999999809955 0.5250000000007411 0
-0.174999999997911 0.6500000000001147 0
-0.1749999999978883 0.675000000000096 0
-0.1749999999979337 0.6250000000001334 0
-0.1499999999979303 0.6250000000002129 0
-0.1249999999979269 0.6250000000002924 0
-0.3249999999981137 0.9749999999999397 0
-0.3249999999980767 0.9499999999999039 0
-0.2999999999980213 0.9749999999999642 0
-0.3499999999981321 0.9249999999998436 0
-0.3249999999980397 0.9249999999998681 0
-0.3749999999982245 0.9249999999998191 0
-0.2999999999979472 0.9249999999998927 0
-0.3750000000007766 0.4749999999998405 0
-0.3500000000008029 0.4749999999998984 0
-0.3750000000007109 0.4999999999998425 0
-0.3250000000008949 0.4499999999999544 0
-0.3250000000008292 0.4749999999999563 0
-0.3250000000009605 0.4249999999999524 0
-0.3250000000007635 0.4999999999999583 0
-0.8999999999997819 -0.5249999999986232 0
-0.8749999999997453 -0.5249999999986612 0
-0.8749999999997256 -0.5499999999987502 0
-0.8499999999997088 -0.5249999999986991 0
-0.8999999999997423 -0.5749999999988014 0
-0.8749999999997058 -0.5749999999988393 0
-0.8249999999996722 -0.5249999999987369 0
-0.4250000000010387 0.2750000000003804 0
-0.4250000000010954 0.2500000000004201 0
-0.4000000000010784 0.2749999999999242 0
-0.4500000000011124 0.2250000000009161 0
-0.4250000000011521 0.2250000000004599 0
-0.4750000000010727 0.2250000000013722 0
-0.4750000000011294 0.200000000001412 0
-0.425000000001209 0.2000000000004996 0
-0.4000000000011919 0.2250000000000037 0
-0.8749999999999832 -0.02499999999755867 0
-0.87500000000005 2.444029353898536e-12 0
-0.8749999999999165 -0.04999999999756137 0
-0.850000000000033 -0.02499999999761114 0
-0.8749999999998499 -0.07499999999756407 0
-0.8250000000000828 -0.02499999999766362 0
-0.8250000000001494 2.339082053048891e-12 0
-0.5000000000009327 0.2750000000003843 0
-0.475000000000968 0.275000000000383 0
-0.4750000000009157 0.2999999999998884 0
-0.4750000000010203 0.2500000000008776 0
-0.4500000000010033 0.2750000000003817 0
-0.5000000000010374 0.2250000000013735 0
-0.4250000000009863 0.2999999999998858 0
0.3999999999981072 -0.8249999999998567 0
0.4249999999981211 -0.8249999999998088 0
0.4249999999981504 -0.849999999999806 0
0.4499999999981349 -0.8249999999997607 0
0.3999999999981658 -0.8749999999998515 0
0.8750000000002311 -0.07500000000240914 0
0.875000000000167 -0.05000000000241794 0
0.8500000000002695 -0.07500000000234819 0
0.8750000000001028 -0.02500000000242675 0
0.8250000000003079 -0.07500000000228724 0
0.9249999999998474 0.1249999999975309 0
0.8999999999997808 0.1249999999975337 0
0.949999999999914 0.1249999999975282 0
0.9249999999998947 0.1499999999975503 0
0.9749999999999807 0.1249999999975255 0
0.9249999999999419 0.1749999999975697 0
0.8999999999998753 0.1749999999975724 0
-0.7999999999996075 -0.6249999999988876 0
-0.7749999999996036 -0.6249999999992795 0
-0.7749999999995976 -0.6499999999993396 0
-0.7499999999995997 -0.6249999999996714 0
-0.7999999999995953 -0.6749999999990077 0
-0.7749999999995915 -0.6749999999993996 0
-0.7249999999995959 -0.6250000000000633 0
-0.8750000000002429 0.07500000000234772 0
-0.8750000000001839 0.05000000000236493 0
-0.8500000000003085 0.07500000000225057 0
-0.8750000000001248 0.02500000000238215 0
-0.8250000000003739 0.07500000000215344 0
-0.299999999997838 0.8249999999998332 0
-0.3249999999978657 0.8249999999997799 0
-0.3249999999978417 0.799999999999772 0
-0.3249999999978898 0.8499999999997878 0
-0.3499999999978934 0.8249999999997266 0
-0.2999999999978862 0.874999999999849 0
-0.374999999997897 0.7999999999996654 0
2.760278117186488e-12 0.9250000000001999 0
-0.02499999999723971 0.9250000000001333 0
-0.02499999999723703 0.9000000000002 0
-0.02499999999724238 0.9500000000000666 0
-0.04999999999723969 0.9250000000000667 0
2.754921291092671e-12 0.9750000000000667 0
-0.074999999997237 0.9000000000000667 0
0.1249999999972504 -0.8999999999999974 0
0.124999999997304 -0.8750000000000653 0
0.09999999999730126 -0.8750000000000681 0
0.1499999999973067 -0.8750000000000625 0
0.1249999999973575 -0.8500000000001332 0
0.1749999999972558 -0.8999999999999919 0
0.09999999999740843 -0.8250000000002038 0
-0.2999999999978312 0.7749999999998216 0
-0.274999999997845 0.7499999999998647 0
-0.2749999999978278 0.7749999999998683 0
-0.2749999999978623 0.7249999999998611 0
-0.2499999999978588 0.7249999999999077 0
-0.2999999999978658 0.7249999999998142 0
-0.2249999999978552 0.7249999999999546 0
-0.8999999999997228 -0.3249999999981276 0
-0.8749999999997127 -0.3249999999981716 0
-0.8749999999997127 -0.2999999999981023 0
-0.8749999999997126 -0.3499999999982409 0
-0.8499999999997023 -0.3249999999982157 0
-0.8999999999997228 -0.3749999999982663 0
-0.8749999999997125 -0.3749999999983103 0
-0.8249999999996922 -0.3249999999982597 0
-0.8249999999996922 -0.2999999999981904 0
0.7999999999995896 0.6249999999988918 0
0.7749999999995819 0.6249999999992767 0
0.7749999999995782 0.6499999999993376 0
0.7499999999995742 0.6249999999996616 0
0.7999999999995823 0.6749999999990134 0
0.7749999999995746 0.6749999999993983 0
0.7249999999995664 0.6250000000000466 0
-0.02499999999723757 0.8750000000002621 0
2.762411827061939e-12 0.8750000000003287 0
-0.04999999999723756 0.8750000000001955 0
-0.02499999999723812 0.8500000000003243 0
2.761322420719026e-12 0.825000000000453 0
-0.5750000000009499 0.2000000000018481 0
-0.5500000000009442 0.2250000000013602 0
-0.5750000000008975 0.2250000000013535 0
-0.5250000000009907 0.2250000000013669 0
-0.5250000000009384 0.2500000000008722 0
-0.5250000000010431 0.2000000000018615 0
-0.5250000000008861 0.2750000000003776 0
0.8999999999997659 0.524999999998639 0
0.8749999999997247 0.5249999999986685 0
0.8749999999997102 0.5499999999987524 0
0.8499999999996835 0.5249999999986981 0
0.899999999999737 0.5749999999988067 0
0.8749999999996958 0.5749999999988362 0
0.8249999999996422 0.5249999999987276 0
0.5000000000012795 0.7750000000004915 0
0.525000000000834 0.7500000000004702 0
0.5250000000009567 0.7750000000004416 0
0.5250000000007113 0.7250000000004989 0
0.5500000000003885 0.7250000000004488 0
0.5000000000010341 0.725000000000549 0
0.5250000000005886 0.7000000000005276 0
0.5749999999999431 0.7000000000004274 0
0.5750000000000657 0.7250000000003987 0
-0.6000000000008188 0.2750000000011734 0
-0.5750000000008413 0.2750000000009082 0
-0.5750000000008131 0.3000000000006855 0
-0.5750000000008694 0.2500000000011309 0
-0.5500000000008636 0.275000000000643 0
-0.6000000000008752 0.2250000000016188 0
-0.5250000000008579 0.300000000000155 0
0.724999999999224 -0.8999999999997831 0
0.7499999999992628 -0.8749999999997322 0
0.7249999999991854 -0.8749999999997417 0
0.7749999999993401 -0.8749999999997228 0
0.7749999999993014 -0.8499999999996813 0
0.7749999999993789 -0.8999999999997642 0
0.7749999999992627 -0.8249999999996399 0
0.8749999999999807 0.0249999999975562 0
0.8750000000000474 -2.446504804298755e-12 0
0.8749999999999141 0.0499999999975589 0
0.8500000000000281 0.02499999999760619 0
0.8749999999998475 0.0749999999975616 0
0.8250000000000755 0.02499999999765619 0
0.8250000000001421 -2.346508404249548e-12 0
-0.8749999999998621 -0.1249999999975668 0
-0.8749999999998124 -0.09999999999754997 0
-0.8749999999999118 -0.1499999999975837 0
-0.849999999999941 -0.1249999999976025 0
-0.82499999999997 -0.0999999999976213 0
0.5750000000009479 0.8000000000003642 0
0.5750000000006539 0.7750000000003757 0
0.6000000000005024 0.7750000000003429 0
0.5500000000008053 0.7750000000004086 0
0.5750000000003598 0.7500000000003872 0
0.5250000000012508 0.8000000000004299 0
0.5999999999999144 0.7250000000003658 0
-0.5249999999986621 0.8999999999997426 0
-0.5249999999986544 0.8749999999996877 0
-0.4999999999985784 0.8749999999996945 0
-0.5499999999987304 0.874999999999681 0
-0.5249999999986468 0.8499999999996328 0
-0.5749999999988142 0.8999999999997292 0
-0.4999999999985629 0.8249999999995845 0
-0.5000000000012869 -0.7750000000004846 0
-0.5250000000008443 -0.7500000000004667 0
-0.5250000000009696 -0.7750000000004393 0
-0.5250000000007193 -0.7250000000004941 0
-0.5500000000004019 -0.7250000000004488 0
-0.5000000000010366 -0.7250000000005394 0
-0.5250000000005941 -0.7000000000005215 0
-0.5749999999999595 -0.7000000000004309 0
-0.5750000000000846 -0.7250000000004035 0
-0.7750000000005031 0.4000000000015595 0
-0.7500000000005066 0.4250000000012757 0
-0.7750000000004826 0.4250000000014146 0
-0.7250000000005306 0.4250000000011367 0
-0.7250000000005102 0.4500000000009918 0
-0.7250000000005508 0.4000000000012816 0
-0.7250000000004899 0.475000000000847 0
0.2999999999980582 -0.924999999999792 0
0.3249999999980924 -0.9249999999998235 0
0.3249999999980924 -0.8999999999997542 0
0.3249999999980925 -0.9499999999998929 0
0.3499999999981267 -0.924999999999855 0
0.2999999999980583 -0.9749999999999307 0
0.3249999999980925 -0.9749999999999622 0
0.3749999999981609 -0.9249999999998866 0
0.3749999999981609 -0.8999999999998173 0
-0.8000000000003784 0.4750000000013913 0
-0.7750000000004156 0.4750000000012098 0
-0.775000000000382 0.5000000000011073 0
-0.7750000000004491 0.4500000000013122 0
-0.7500000000004527 0.4750000000010284 0
-0.8000000000004455 0.425000000001596 0
-0.7250000000004564 0.5000000000007445 0
-0.400000000000748 0.4749999999997905 0
-0.37500000000084 0.4499999999998465 0
-0.3750000000009033 0.4249999999998524 0
-0.3500000000009319 0.4249999999999024 0
-0.4000000000008747 0.4249999999998024 0
-0.3750000000009667 0.3999999999998583 0
-0.3250000000010239 0.3999999999999583 0
-0.5750000000009543 -0.8000000000003663 0
-0.5750000000006644 -0.7750000000003787 0
-0.6000000000005119 -0.7750000000003484 0
-0.5500000000008169 -0.775000000000409 0
-0.5750000000003745 -0.7500000000003911 0
-0.5250000000012595 -0.8000000000004268 0
-0.599999999999932 -0.7250000000003733 0
-0.975000000000005 0.9500000000000836 0
-0.975000000000005 0.9250000000001529 0
-0.9500000000000099 0.9250000000001255 0
-0.975000000000005 0.9000000000002362 0
-0.9250000000000149 0.9000000000001536 0
0.8999999999997228 0.3249999999981276 0
0.8749999999996992 0.3249999999981595 0
0.8749999999996992 0.2999999999980902 0
0.8749999999996992 0.3499999999982288 0
0.8499999999996757 0.3249999999981915 0
0.8999999999997228 0.3749999999982663 0
0.8749999999996991 0.3749999999982982 0
0.8249999999996521 0.3249999999982234 0
0.8249999999996521 0.2999999999981541 0
-0.9500000000000555 -0.9750000000000001 0
-0.9250000000001248 -0.9750000000000001 0
-0.9250000000000693 -0.9500000000000001 0
-0.900000000000208 -0.9750000000000001 0
-0.9000000000000694 -0.925 0
0.9500000000000555 0.9750000000000001 0
0.9250000000001248 0.9750000000000001 0
0.9250000000000693 0.9500000000000001 0
0.900000000000208 0.9750000000000001 0
0.9000000000000694 0.925 0
-0.4750000000006808 0.474999999999676 0
-0.4500000000007032 0.4749999999997142 0
-0.4750000000006174 0.49999999999967 0
-0.425000000000789 0.4499999999997583 0
-0.4250000000007256 0.4749999999997523 0
-0.4250000000008523 0.4249999999997642 0
-0.4250000000006622 0.4999999999997464 0
0.7000000000006492 -0.4750000000004136 0
0.6750000000006809 -0.4750000000003256 0
0.6750000000006695 -0.5000000000001631 0
0.6750000000006924 -0.4500000000004881 0
0.6500000000007128 -0.4750000000002376 0
0.700000000000672 -0.4250000000007386 0
0.6750000000007038 -0.4250000000006505 0
0.6250000000007446 -0.4750000000001496 0
0.6250000000007332 -0.4999999999999871 0
-0.2250000000011021 -0.05000000000074479 0
-0.2000000000012297 -0.02500000000050995 0
-0.2500000000009746 -0.07500000000097962 0
-0.2250000000009863 -0.07500000000103216 0
-0.2750000000008469 -0.1000000000012145 0
-0.2250000000008705 -0.1000000000013195 0
-0.2000000000009981 -0.0750000000010847 0
-0.9749999999999306 -0.5999999999988903 0
-0.9499999999998809 -0.5749999999988014 0
-0.9749999999999504 -0.5749999999988012 0
-0.9249999999998118 -0.5749999999988014 0
-0.9249999999998314 -0.5499999999987122 0
-0.924999999999792 -0.5999999999988905 0
-0.9249999999998511 -0.5249999999986231 0
-0.1750000000012701 -0.02500000000095508 0
-0.1750000000011542 -0.05000000000124245 0
-0.1500000000013104 -0.02500000000140021 0
0.1499999999975116 -0.9749999999999973 0
0.1249999999974422 -0.9749999999999973 0
0.174999999997581 -0.9749999999999973 0
0.1749999999974503 -0.9499999999999946 0
0.1749999999973197 -0.9249999999999918 0
-0.8749999999996892 -0.6249999999989349 0
-0.8499999999996619 -0.6249999999989191 0
-0.8749999999996954 -0.5999999999988748 0
-0.8249999999996287 -0.6499999999989634 0
-0.8249999999996347 -0.6249999999989033 0
-0.8249999999996226 -0.6749999999990235 0
-0.8249999999996407 -0.5999999999988432 0
0.4000000000007092 0.4750000000008994 0
0.4250000000003684 0.4500000000008881 0
0.4250000000006936 0.4750000000008658 0
0.4250000000000431 0.4250000000009103 0
0.4500000000000274 0.4250000000008768 0
0.4000000000000588 0.425000000000944 0
0.4249999999997179 0.4000000000009326 0
0.4749999999996866 0.4000000000008654 0
0.4750000000000117 0.4250000000008431 0
0.6750000000007448 -0.4000000000006995 0
0.6500000000007651 -0.425000000000449 0
0.6250000000008265 -0.4250000000002474 0
0.6250000000007856 -0.4500000000001985 0
0.6250000000008673 -0.4000000000002963 0
0.6000000000008878 -0.4250000000000458 0
0.6000000000008059 -0.474999999999948 0
-0.1999999999977727 0.9249999999998001 0
-0.2249999999978078 0.924999999999831 0
-0.224999999997805 0.8999999999997643 0
-0.2249999999978105 0.9499999999998976 0
-0.2499999999978428 0.9249999999998618 0
-0.1999999999977781 0.9749999999999334 0
-0.2249999999978132 0.9749999999999642 0
-0.2749999999978779 0.9249999999998927 0
-0.2749999999978752 0.8999999999998261 0
-0.8999999999997423 -0.4249999999983852 0
-0.874999999999732 -0.4249999999983946 0
-0.8749999999997122 -0.3999999999983449 0
-0.8749999999997518 -0.4499999999984441 0
-0.8499999999997216 -0.4249999999984038 0
-0.8999999999997819 -0.4749999999984845 0
-0.8249999999996915 -0.3999999999983634 0
0.8749999999998131 0.1249999999975485 0
0.8749999999997659 0.09999999999752918 0
0.8749999999998604 0.1499999999975679 0
0.8499999999998455 0.1249999999975634 0
0.8249999999998308 0.09999999999755896 0
-0.6500000000007722 0.2250000000017443 0
-0.6750000000007208 0.225000000001807 0
-0.6250000000008237 0.2250000000016815 0
-0.6250000000007955 0.2500000000014588 0
-0.6250000000007673 0.2750000000012362 0
0.8749999999996866 0.6249999999989364 0
0.8499999999996543 0.6249999999989215 0
0.8749999999996902 0.5999999999988757 0
0.8249999999996183 0.6499999999989674 0
0.8249999999996219 0.6249999999989067 0
0.8249999999996146 0.6749999999990284 0
0.8249999999996256 0.5999999999988459 0
0.7250000000005116 -0.6749999999999998 0
0.7250000000005437 -0.6500000000000333 0
0.7000000000005451 -0.6749999999996581 0
0.7500000000005422 -0.6250000000004087 0
0.7250000000005756 -0.6250000000000668 0
0.7750000000005087 -0.6250000000007505 0
0.7750000000005408 -0.600000000000784 0
0.7250000000006077 -0.6000000000001002 0
0.7000000000006091 -0.6249999999997249 0
0.3249999999980568 -0.799999999999831 0
0.3499999999980327 -0.7749999999998645 0
0.3249999999980256 -0.7749999999998551 0
0.3749999999980397 -0.774999999999874 0
0.3749999999980086 -0.7499999999998981 0
0.3749999999980709 -0.7999999999998499 0
0.3749999999979775 -0.7249999999999222 0
0.474999999999992 0.5000000000007908 0
0.4749999999999986 0.4750000000008083 0
0.4999999999996511 0.4750000000007795 0
0.4500000000003461 0.475000000000837 0
0.4750000000000052 0.4500000000008257 0
0.4250000000006869 0.5000000000008484 0
0.4999999999996643 0.4250000000008144 0
-0.7000000000006177 0.2750000000019266 0
-0.6750000000006675 0.2750000000016964 0
-0.6750000000006409 0.3000000000016412 0
-0.6750000000006942 0.2500000000017517 0
-0.6500000000007173 0.2750000000014663 0
-0.700000000000671 0.2250000000020372 0
-0.6250000000007407 0.3000000000011809 0
0.3499999999980974 -0.8749999999997884 0
0.3249999999980631 -0.8749999999997569 0
0.3749999999981316 -0.8749999999998199 0
0.3749999999981023 -0.8499999999998226 0
0.374999999998073 -0.8249999999998252 0
-0.799999999999645 -0.5249999999987212 0
-0.7749999999996413 -0.5249999999987212 0
-0.7749999999996517 -0.4999999999986858 0
-0.7749999999996307 -0.5499999999987566 0
-0.7499999999996375 -0.5249999999987212 0
-0.7999999999996239 -0.574999999998792 0
-0.7249999999996444 -0.4999999999986858 0
0.8999999999997371 0.4249999999983905 0
0.874999999999714 0.4249999999983965 0
0.8749999999996996 0.3999999999983416 0
0.8749999999997284 0.4499999999984514 0
0.8499999999996908 0.4249999999984025 0
0.899999999999766 0.4749999999985003 0
0.8249999999996531 0.3999999999983537 0
-0.2750000000015789 0.1000000000011481 0
-0.2500000000015871 0.1250000000009974 0
-0.2750000000015447 0.1250000000009963 0
-0.2250000000016296 0.1250000000009984 0
-0.2250000000015953 0.1500000000008467 0
-0.2250000000016638 0.1000000000011502 0
-0.200000000001672 0.1250000000009995 0
-0.2000000000016035 0.175000000000696 0
-0.225000000001561 0.175000000000695 0
-0.1250000000011869 -0.250000000001545 0
-0.125000000001263 -0.2750000000015014 0
-0.1250000000011107 -0.2250000000015885 0
-0.150000000000905 -0.2250000000015558 0
-0.1250000000010346 -0.2000000000016321 0
-0.1750000000006232 -0.2000000000015666 0
-0.1750000000006993 -0.2250000000015231 0
-0.400000000000916 -0.5750000000007722 0
-0.4250000000005921 -0.5500000000007796 0
-0.4250000000007335 -0.5750000000007636 0
-0.4250000000004507 -0.5250000000007959 0
-0.4500000000002682 -0.5250000000007872 0
-0.4000000000006333 -0.5250000000008046 0
-0.4750000000000856 -0.5250000000007784 0
-0.175000000001413 -0.3000000000013983 0
-0.175000000001175 -0.2750000000014399 0
-0.150000000001219 -0.2750000000014706 0
-0.1750000000009372 -0.2500000000014815 0
-0.1250000000015009 -0.3000000000014598 0
-0.3000000000014454 0.1750000000010223 0
-0.2750000000014839 0.1750000000009132 0
-0.2750000000014535 0.2000000000008716 0
-0.2750000000015143 0.1500000000009548 0
-0.2500000000015224 0.1750000000008041 0
-0.3000000000015061 0.1250000000011054 0
-0.2250000000015306 0.2000000000006534 0
0.6249999999989544 -0.9749999999999481 0
0.6249999999989428 -0.9499999999998903 0
0.5999999999988788 -0.9749999999999421 0
0.6499999999990069 -0.9249999999998384 0
0.6249999999989313 -0.9249999999998325 0
0.6749999999990826 -0.9249999999998444 0
0.5999999999988557 -0.9249999999998266 0
0.7749999999999468 0.8000000000002934 0
0.7499999999999151 0.7750000000003299 0
0.7250000000001605 0.7750000000003674 0
0.7249999999998833 0.7500000000003664 0
0.7250000000004377 0.8000000000003684 0
0.700000000000406 0.7750000000004049 0
0.6999999999998515 0.7250000000004027 0
-0.3249999999978589 0.7749999999997683 0
-0.3499999999978866 0.774999999999715 0
-0.3249999999978762 0.7499999999997646 0
-0.3749999999979143 0.7749999999996617 0
-0.3249999999978935 0.7249999999997609 0
0.7999999999996099 0.5249999999987127 0
0.774999999999598 0.5249999999987108 0
0.7749999999996036 0.4999999999986714 0
0.7749999999995925 0.5499999999987503 0
0.7499999999995861 0.5249999999987089 0
0.7999999999995988 0.5749999999987916 0
0.7249999999995798 0.4999999999986677 0
-0.9749999999999307 -0.7249999999992374 0
-0.9499999999998723 -0.7249999999992263 0
-0.9749999999999416 -0.699999999999157 0
-0.924999999999803 -0.7499999999992957 0
-0.9249999999998139 -0.7249999999992154 0
-0.9249999999997921 -0.774999999999376 0
-0.9249999999998249 -0.6999999999991351 0
0.9749999999999307 0.7249999999992374 0
0.9499999999998713 0.7249999999992274 0
0.9749999999999406 0.699999999999158 0
0.924999999999802 0.7499999999992968 0
0.9249999999998119 0.7249999999992174 0
0.9249999999997921 0.774999999999376 0
0.9249999999998217 0.6999999999991382 0
-0.6249999999989975 0.89999999999975 0
-0.6249999999990117 0.8749999999997133 0
-0.6499999999991188 0.8749999999997408 0
-0.6249999999990257 0.8499999999996767 0
-0.674999999999212 0.899999999999805 0
-0.674999999999226 0.8749999999997682 0
-0.6249999999990399 0.82499999999964 0
0.1250000000007908 -0.200000000001259 0
0.1250000000010114 -0.1750000000012911 0
0.1500000000012229 -0.1750000000012258 0
0.125000000001232 -0.1500000000013232 0
0.1750000000012139 -0.2000000000011285 0
-0.4750000000009549 -0.6000000000007097 0
-0.4750000000006651 -0.5750000000007327 0
-0.4500000000006993 -0.5750000000007481 0
-0.4750000000003753 -0.5500000000007556 0
-0.4250000000010232 -0.6000000000007407 0
-0.9749999999999504 -0.5249999999986625 0
-0.9749999999999504 -0.4999999999985932 0
-0.9749999999999504 -0.5499999999987318 0
-0.9499999999999007 -0.5249999999986428 0
-0.9249999999998511 -0.4999999999985538 0
0.9750000000000193 -0.775000000000428 0
0.9750000000000193 -0.7500000000004974 0
0.9500000000000386 -0.7750000000002468 0
0.9750000000000193 -0.7250000000005741 0
0.9250000000000579 -0.7750000000000581 0
-0.7749999999999484 -0.8000000000002949 0
-0.7499999999999207 -0.7750000000003332 0
-0.7250000000001662 -0.7750000000003707 0
-0.7249999999998931 -0.7500000000003715 0
-0.7250000000004393 -0.80000000000037 0
-0.7000000000004116 -0.7750000000004083 0
-0.6999999999998654 -0.7250000000004098 0
-0.1750000000014454 -0.5000000000010307 0
-0.1750000000014453 -0.475000000001074 0
-0.2000000000013671 -0.4750000000010617 0
-0.1500000000015235 -0.4750000000010862 0
-0.1750000000014452 -0.4500000000011173 0
-0.1250000000016017 -0.5000000000010553 0
-0.2000000000013669 -0.4250000000011482 0
0.9749999999999306 0.5999999999988903 0
0.9499999999998758 0.5749999999988067 0
0.9749999999999451 0.5749999999988066 0
0.9249999999998064 0.5749999999988067 0
0.9249999999998209 0.5499999999987228 0
0.924999999999792 0.5999999999988905 0
0.9249999999998353 0.524999999998639 0
-0.9249999999997921 -0.3249999999981276 0
-0.9249999999997921 -0.3499999999981969 0
-0.9499999999998614 -0.3749999999982662 0
-0.9249999999997921 -0.3749999999982662 0
-0.9749999999999307 -0.3749999999982662 0
-0.9749999999999307 -0.3999999999983355 0
-0.924999999999792 -0.3999999999983356 0
0.8000000000004781 -0.4750000000014173 0
0.775000000000524 -0.4750000000011467 0
0.7750000000005001 -0.5000000000010631 0
0.775000000000548 -0.4500000000012302 0
0.75000000000057 -0.475000000000876 0
0.8000000000005261 -0.4250000000015844 0
0.775000000000572 -0.4250000000013138 0
0.7250000000006158 -0.4750000000006053 0
0.7250000000005918 -0.5000000000005218 0
-0.8750000000000893 0.8750000000000893 0
-0.8500000000000396 0.8750000000000165 0
-0.8749999999999704 0.9000000000000397 0
-0.825000000000109 0.8499999999999934 0
-0.8249999999999902 0.8749999999999439 0
-0.8250000000002278 0.8250000000000429 0
-0.8249999999998714 0.8999999999998944 0
-0.7999999999996819 -0.324999999998269 0
-0.7749999999997079 -0.3249999999982717 0
-0.7749999999997081 -0.2999999999982371 0
-0.7749999999997077 -0.3499999999983062 0
-0.7499999999997339 -0.3249999999982742 0
-0.7999999999996814 -0.3749999999983382 0
-0.7249999999997601 -0.2999999999982422 0
0.7250000000005041 -0.6999999999999458 0
0.7500000000005027 -0.6750000000003211 0
0.7750000000004937 -0.6750000000006424 0
0.7750000000005013 -0.6500000000006965 0
0.7750000000004863 -0.7000000000005884 0
0.8000000000004849 -0.6750000000009637 0
0.8000000000004999 -0.6250000000010718 0
-0.1000000000020397 -0.5750000000009791 0
-0.1250000000018416 -0.5500000000009962 0
-0.1250000000019615 -0.5750000000009667 0
-0.1250000000017217 -0.5250000000010258 0
-0.1500000000016435 -0.5250000000010134 0
-0.1000000000017998 -0.5250000000010381 0
-0.1750000000015653 -0.5250000000010011 0
0.4000000000010462 0.5750000000008 0
0.4250000000006948 0.550000000000797 0
0.4250000000006987 0.5750000000007711 0
0.4250000000006909 0.5250000000008226 0
0.4500000000003434 0.5250000000007938 0
0.4000000000010384 0.5250000000008515 0
0.4749999999999959 0.5250000000007651 0
-0.1750000000019953 -0.6000000000008709 0
-0.175000000001852 -0.5750000000009143 0
-0.2000000000017972 -0.5750000000008881 0
-0.1500000000019067 -0.5750000000009405 0
-0.1750000000017086 -0.5500000000009577 0
-0.1250000000021048 -0.6000000000009234 0
-0.2000000000015106 -0.5250000000009749 0
0.5249999999986206 -0.8999999999997708 0
0.549999999998681 -0.8749999999997263 0
0.5749999999987554 -0.8749999999997257 0
0.5749999999987414 -0.8499999999996819 0
0.5749999999987696 -0.8999999999997694 0
-0.9749999999999831 -0.1499999999975924 0
-0.9749999999999831 -0.1749999999976618 0
-0.9499999999999662 -0.174999999997612 0
0.2000000000005015 0.1250000000014206 0
0.1802831216355464 0.1302831216364816 0
0.1802831216355928 0.1052831216364899 0
0.1802831216354999 0.1552831216364733 0
0.1605662432705912 0.1355662432715426 0
0.2000000000004086 0.1750000000014041 0
0.1408493649056826 0.1158493649066118 0
0.7999999999996289 0.3249999999982295 0
0.7749999999996359 0.3249999999982534 0
0.7749999999996355 0.29999999999821 0
0.7749999999996362 0.3499999999982968 0
0.7499999999996428 0.3249999999982773 0
0.7999999999996296 0.3749999999983162 0
0.7249999999996495 0.2999999999982579 0
0.4750000000009612 0.6000000000007158 0
0.4750000000006394 0.5750000000007323 0
0.5000000000006097 0.5750000000007128 0
0.4500000000006691 0.5750000000007517 0
0.4750000000003177 0.5500000000007487 0
0.4250000000010205 0.6000000000007548 0
0.4999999999999662 0.5250000000007456 0
-0.2249999999977862 0.7999999999998082 0
-0.2249999999978092 0.7749999999998569 0
-0.1999999999977999 0.7749999999998513 0
-0.2499999999978185 0.7749999999998627 0
-0.2249999999978322 0.7499999999999057 0
-0.2749999999978047 0.7999999999998195 0
-0.199999999997846 0.7249999999999488 0
-0.9750000000000694 0.8750000000003466 0
-0.9500000000000743 0.8750000000003054 0
-0.9250000000001437 0.8500000000003748 0
-0.9250000000000793 0.8750000000002642 0
-0.9250000000002081 0.8250000000004853 0
-0.9000000000002131 0.8250000000004442 0
-0.9000000000000843 0.8750000000002229 0
-0.1499999999976395 0.9749999999999334 0
-0.1749999999977088 0.9749999999999334 0
-0.174999999997706 0.9499999999998667 0
-0.6749999999991696 0.84999999999969 0
-0.6749999999991132 0.8249999999996118 0
-0.6499999999990764 0.8249999999996259 0
-0.6749999999990567 0.7999999999995336 0
-0.6249999999989834 0.7999999999995618 0
0.3000000000008261 0.3750000000010828 0
0.3250000000004874 0.3500000000010873 0
0.3250000000008121 0.3750000000010577 0
0.3250000000001627 0.3250000000011169 0
0.3500000000001487 0.3250000000010917 0
0.3000000000001768 0.325000000001142 0
0.3249999999998381 0.3000000000011465 0
0.37499999999981 0.3000000000010963 0
0.3750000000001347 0.3250000000010667 0
0.2499999999979195 -0.9749999999999307 0
0.2749999999979889 -0.9749999999999307 0
0.2749999999979889 -0.9499999999998614 0
0.324999999998061 -0.8499999999997816 0
0.299999999998056 -0.8749999999997473 0
0.349999999998066 -0.8249999999998157 0
0.3249999999980589 -0.8249999999998062 0
0.2999999999980518 -0.8249999999997968 0
-0.6499999999990224 0.7749999999995414 0
-0.674999999999059 0.7749999999995273 0
-0.6749999999990614 0.7499999999995209 0
-0.6999999999990957 0.7749999999995132 0
-0.6999999999991003 0.7249999999995005 0
0.2250000000004194 0.1500000000013424 0
0.2500000000003372 0.1750000000012643 0
0.2250000000003729 0.1750000000013342 0
0.2750000000002551 0.2000000000011861 0
0.2250000000003264 0.2000000000013259 0
0.8249999999995252 -0.9749999999999908 0
0.8249999999995279 -0.9499999999999295 0
0.799999999999448 -0.9749999999999387 0
0.8499999999996078 -0.9249999999999202 0
0.8249999999995308 -0.9249999999998681 0
0.8749999999996849 -0.9249999999999723 0
0.7999999999994536 -0.9249999999998161 0
-0.249999999997816 0.8749999999997873 0
-0.224999999997781 0.8749999999997564 0
-0.2749999999978511 0.8749999999998181 0
-0.274999999997827 0.8499999999998102 0
-0.2749999999978029 0.8249999999998023 0
-0.8499999999997561 -0.2749999999980545 0
-0.8249999999997459 -0.2749999999980986 0
-0.8249999999997994 -0.2499999999980068 0
-0.7999999999997357 -0.2749999999981426 0
-0.7999999999998429 -0.224999999997959 0
0.7750000000005834 -0.4000000000014762 0
0.7500000000006053 -0.425000000001122 0
0.7250000000006387 -0.4250000000009303 0
0.7250000000006273 -0.4500000000007678 0
0.72500000000065 -0.4000000000010928 0
0.5750000000011344 0.9000000000002328 0
0.575000000001071 0.8750000000002612 0
0.6000000000009869 0.8750000000002465 0
0.5500000000011552 0.875000000000276 0
0.5750000000010076 0.8500000000002895 0
0.5250000000013029 0.9000000000002626 0
0.5250000000012395 0.8750000000002909 0
0.5750000000009441 0.8250000000003178 0
0.6000000000008598 0.825000000000303 0
0.7749999999996042 -0.7749999999995979 0
0.7499999999995841 -0.7749999999996111 0
0.7749999999992812 -0.7999999999996023 0
0.7249999999998871 -0.74999999999962 0
0.724999999999564 -0.7749999999996243 0
0.7250000000002101 -0.7249999999996157 0
0.70000000000019 -0.7249999999996288 0
0.6999999999995439 -0.7749999999996375 0
0.7249999999992409 -0.7999999999996287 0
-0.8999999999997336 -0.624999999998949 0
-0.8749999999997002 -0.6499999999989933 0
-0.8749999999997112 -0.6749999999990517 0
-0.8499999999996669 -0.6749999999990376 0
-0.8999999999997554 -0.6749999999990657 0
0.3750000000000879 0.4000000000009879 0
0.3750000000001035 0.3750000000010142 0
0.3999999999997492 0.3750000000009924 0
0.3500000000004578 0.3750000000010359 0
0.3750000000001191 0.3500000000010404 0
0.3250000000007964 0.4000000000010314 0
0.3999999999997804 0.3250000000010449 0
-0.4750000000012174 0.1000000000020556 0
-0.450000000001237 0.1250000000015528 0
-0.47500000000119 0.1250000000015519 0
-0.425000000001284 0.1250000000015538 0
-0.4250000000012565 0.15000000000105 0
-0.4250000000013113 0.1000000000020576 0
-0.400000000001331 0.1250000000015548 0
-0.4000000000012761 0.1750000000005472 0
-0.4250000000012291 0.1750000000005463 0
0.1750000000002065 0.3000000000012583 0
0.1750000000003016 0.2750000000012913 0
0.2000000000000768 0.2750000000012969 0
0.1500000000005263 0.2750000000012857 0
0.1750000000003967 0.2500000000013243 0
0.125000000000656 0.3000000000012471 0
0.200000000000267 0.2250000000013628 0
-0.5750000000011353 -0.9000000000002336 0
-0.5750000000010729 -0.8750000000002629 0
-0.6000000000009889 -0.8750000000002482 0
-0.5500000000011569 -0.8750000000002774 0
-0.5750000000010105 -0.8500000000002921 0
-0.5250000000013031 -0.9000000000002628 0
-0.5250000000012408 -0.875000000000292 0
-0.5750000000009481 -0.8250000000003214 0
-0.6000000000008641 -0.8250000000003068 0
0.9749999999999807 0.1499999999975949 0
0.9749999999999807 0.1749999999976642 0
0.9499999999999613 0.1749999999976169 0
0.72499999999924 -0.9749999999999387 0
0.7249999999992347 -0.9499999999998868 0
0.6999999999991626 -0.9749999999999481 0
0.7499999999993068 -0.9249999999998255 0
0.7249999999992294 -0.924999999999835 0
0.7749999999993842 -0.9249999999998161 0
0.699999999999152 -0.9249999999998444 0
-0.5000000000011098 0.1750000000019148 0
-0.4750000000011496 0.1750000000014586 0
-0.4750000000011698 0.1500000000015052 0
-0.4500000000011893 0.1750000000010024 0
-0.5000000000011502 0.125000000002008 0
-0.8750000000003467 -0.9750000000000694 0
-0.8750000000002773 -0.9500000000000695 0
-0.8500000000003467 -0.9250000000001388 0
-0.8750000000002081 -0.9250000000000694 0
-0.8250000000004855 -0.9250000000002081 0
0.8999999999997326 0.62499999999895 0
0.8749999999996965 0.6499999999989958 0
0.8749999999997065 0.6749999999990552 0
0.8499999999996606 0.6749999999990418 0
0.8999999999997523 0.6749999999990688 0
0.8750000000003467 0.9750000000000694 0
0.8750000000002773 0.9500000000000695 0
0.8500000000003467 0.9250000000001388 0
0.8750000000002081 0.9250000000000694 0
0.8250000000004855 0.9250000000002081 0
-0.9249999999998118 -0.4249999999983852 0
-0.9499999999998811 -0.4249999999983851 0
-0.9249999999998314 -0.4499999999984348 0
-0.9749999999999504 -0.4249999999983851 0
-0.9249999999998511 -0.4749999999984844 0
0.2750000000002095 0.3250000000011623 0
0.2500000000002419 0.3250000000011853 0
0.2749999999998845 0.3000000000011947 0
0.2250000000005992 0.350000000001176 0
0.2250000000002743 0.3250000000012084 0
0.2250000000009242 0.3750000000011436 0
0.2000000000009566 0.3750000000011666 0
0.2000000000003067 0.3250000000012314 0
0.2249999999999494 0.3000000000012408 0
0.3000000000011711 0.475000000000966 0
0.32500000000081 0.4500000000009733 0
0.3250000000008168 0.4750000000009442 0
0.3250000000008033 0.4250000000010024 0
0.350000000000449 0.4250000000009806 0
0.3000000000011576 0.4250000000010241 0
0.3750000000000946 0.4250000000009588 0
-0.7750000000006241 -0.9000000000002775 0
-0.7750000000004111 -0.8750000000002724 0
-0.7500000000004805 -0.8750000000002724 0
-0.7750000000001982 -0.8500000000002674 0
-0.7250000000007628 -0.9000000000002775 0
-0.7250000000005499 -0.8750000000002724 0
-0.7749999999999853 -0.8250000000002624 0
0.7750000000006241 0.9000000000002775 0
0.7750000000004107 0.8750000000002721 0
0.7500000000004801 0.8750000000002721 0
0.7750000000001973 0.8500000000002668 0
0.7250000000007628 0.9000000000002775 0
0.7250000000005494 0.8750000000002721 0
0.7749999999999839 0.8250000000002613 0
-0.3000000000007762 -0.1250000000012401 0
-0.2750000000007879 -0.1250000000012926 0
-0.275000000000729 -0.1500000000013707 0
-0.2500000000007997 -0.1250000000013451 0
-0.3000000000006583 -0.1750000000013963 0
0.2750000000005342 0.3500000000011327 0
0.2750000000008588 0.3750000000011031 0
0.2500000000008915 0.3750000000011233 0
0.2750000000011834 0.4000000000010734 0
0.2250000000012488 0.400000000001114 0
-0.4249999999983565 0.8999999999997564 0
-0.4499999999984253 0.8749999999996991 0
-0.4749999999985018 0.8749999999996968 0
-0.4749999999984941 0.8499999999996418 0
-0.4749999999985096 0.8999999999997517 0
0.1000000000012322 0.3750000000011299 0
0.1250000000008903 0.3500000000011727 0
0.1250000000010074 0.3750000000011355 0
0.1250000000007731 0.3250000000012099 0
0.1500000000005484 0.3250000000012155 0
0.1000000000009979 0.3250000000012043 0
0.1750000000003236 0.3250000000012211 0
0.9749999999999451 0.5249999999986678 0
0.9749999999999451 0.4999999999985985 0
0.9749999999999451 0.5499999999987372 0
0.9499999999998903 0.5249999999986534 0
0.9249999999998353 0.4999999999985697 0
-0.4000000000012756 -0.6750000000006458 0
-0.4250000000011687 -0.6500000000006672 0
-0.4250000000012414 -0.6750000000006303 0
-0.4250000000010959 -0.6250000000007039 0
-0.4500000000010618 -0.6250000000006884 0
-0.4000000000011301 -0.6250000000007194 0
-0.4750000000010276 -0.625000000000673 0
-0.3250000000006722 -0.1500000000011536 0
-0.3500000000005682 -0.1750000000010671 0
-0.3250000000006132 -0.1750000000012317 0
-0.3750000000004642 -0.2000000000009807 0
-0.3250000000005543 -0.2000000000013099 0
0.8499999999997252 0.2749999999980403 0
0.8249999999997017 0.2749999999980722 0
0.8249999999997513 0.2499999999979904 0
0.7999999999996781 0.2749999999981042 0
0.7999999999997773 0.2249999999979405 0
0.1750000000012985 0.4000000000011238 0
0.1750000000009735 0.3750000000011562 0
0.1500000000009905 0.3750000000011459 0
0.1750000000006486 0.3500000000011886 0
0.1250000000013324 0.4000000000011031 0
0.9750000000000694 -0.7000000000008322 0
0.9500000000000887 -0.7250000000005741 0
0.925000000000158 -0.7250000000005741 0
0.925000000000108 -0.7500000000003161 0
0.9250000000002081 -0.7000000000008322 0
0.9000000000002274 -0.7250000000005741 0
0.9000000000001273 -0.7750000000000581 0
-0.4750000000010207 -0.7000000000005774 0
-0.475000000001023 -0.6750000000006092 0
-0.5000000000009138 -0.6750000000005987 0
-0.4500000000011322 -0.6750000000006198 0
-0.4750000000010253 -0.6500000000006411 0
-0.4250000000012391 -0.7000000000005985 0
-0.5000000000009184 -0.6250000000006624 0
0.5000000000013909 0.8750000000003237 0
0.5250000000012432 0.8500000000003372 0
0.525000000001247 0.8250000000003836 0
0.5500000000010956 0.8250000000003507 0
0.5000000000013984 0.8250000000004165 0
-0.8249999999996618 -0.5499999999987724 0
-0.8499999999996786 -0.5749999999988236 0
-0.8249999999996512 -0.5749999999988078 0
0.2249999999982097 -0.6000000000003576 0
0.2249999999982307 -0.5750000000003967 0
0.1999999999981839 -0.5750000000004719 0
0.2499999999982776 -0.5750000000003215 0
0.2249999999982518 -0.5500000000004358 0
0.2749999999983034 -0.6000000000002073 0
0.1999999999982259 -0.5250000000005501 0
-0.1000000000024356 -0.875000000000339 0
-0.1250000000023384 -0.8500000000003884 0
-0.1250000000023993 -0.8750000000003268 0
-0.1250000000022775 -0.8250000000004503 0
-0.1500000000022412 -0.825000000000438 0
-0.1000000000023137 -0.8250000000004624 0
-0.1250000000022165 -0.8000000000005119 0
-0.1750000000021441 -0.8000000000004877 0
-0.175000000002205 -0.8250000000004258 0
0.3249999999979952 -0.699999999999964 0
0.3249999999980805 -0.6750000000000053 0
0.2999999999980945 -0.675000000000008 0
0.3499999999980665 -0.6750000000000025 0
0.3249999999981658 -0.6500000000000465 0
0.3749999999979673 -0.6999999999999584 0
0.299999999998265 -0.6250000000000906 0
0.3750000000010704 0.5000000000008922 0
0.3750000000007451 0.4750000000009144 0
0.350000000000781 0.4750000000009293 0
0.3750000000004199 0.4500000000009366 0
0.325000000001142 0.5000000000009219 0
0.9249999999997921 0.3249999999981276 0
0.9249999999997921 0.3499999999981969 0
0.9499999999998614 0.3749999999982662 0
0.9249999999997921 0.3749999999982662 0
0.9749999999999307 0.3749999999982662 0
0.9749999999999307 0.3999999999983355 0
0.924999999999792 0.3999999999983356 0
0.1000000000015751 0.4750000000010083 0
0.1250000000014829 0.4500000000010468 0
0.1250000000015581 0.4750000000010186 0
0.1250000000014076 0.425000000001075 0
0.1500000000013907 0.4250000000010853 0
0.1000000000014246 0.4250000000010645 0
0.1750000000013737 0.4250000000010957 0
0.8249999999996367 0.549999999998767 0
0.8499999999996635 0.5749999999988213 0
0.8249999999996311 0.5749999999988065 0
0.175000000001398 0.5000000000009976 0
0.1750000000013899 0.4750000000010303 0
0.2000000000013059 0.4750000000010361 0
0.150000000001474 0.4750000000010245 0
0.1750000000013818 0.450000000001063 0
0.1250000000015662 0.5000000000009859 0
0.2000000000012896 0.4250000000011015 0
0.2749999999981329 -0.6500000000001245 0
0.2749999999980477 -0.6750000000000832 0
0.2749999999982181 -0.6250000000001659 0
0.2499999999981713 -0.6250000000002411 0
0.2249999999981245 -0.6250000000003163 0
-0.5000000000013933 -0.8750000000003223 0
-0.525000000001247 -0.8500000000003369 0
-0.5250000000012532 -0.8250000000003819 0
-0.5500000000011007 -0.8250000000003517 0
-0.5000000000014058 -0.8250000000004122 0
0.5000000000009399 -0.4749999999999877 0
0.4750000000010131 -0.4500000000000202 0
0.4750000000010528 -0.4250000000000342 0
0.4500000000010862 -0.4250000000000528 0
0.5000000000010194 -0.4250000000000156 0
0.4750000000010927 -0.4000000000000482 0
0.4250000000011593 -0.4000000000000854 0
0.5999999999995955 0.4249999999986225 0
0.5749999999996129 0.4249999999991755 0
0.5749999999996074 0.4499999999991785 0
0.5499999999996303 0.4249999999997287 0
0.5999999999995844 0.4749999999986284 0
0.5749999999996018 0.4749999999991815 0
0.5249999999996479 0.4250000000002817 0
-0.7000000000007953 -0.87500000000031 0
-0.725000000000513 -0.850000000000305 0
-0.7250000000004762 -0.8250000000003375 0
-0.7500000000002307 -0.8250000000002999 0
-0.7000000000007216 -0.825000000000375 0
0.6749999999998391 -0.7499999999996421 0
0.675000000000162 -0.7249999999996377 0
0.650000000000134 -0.7249999999996466 0
0.675000000000485 -0.6999999999996334 0
0.6250000000004292 -0.6999999999996511 0
-0.3750000000001689 -0.4250000000010523 0
-0.3500000000002086 -0.4250000000010713 0
-0.3749999999999422 -0.4000000000010966 0
-0.325000000000475 -0.450000000001046 0
-0.3250000000002483 -0.4250000000010903 0
-0.3250000000007017 -0.4750000000010016 0
-0.3000000000007415 -0.4750000000010206 0
-0.300000000000288 -0.4250000000011093 0
-0.3250000000000216 -0.4000000000011346 0
0.7000000000007949 0.8750000000003095 0
0.7250000000005121 0.8500000000003043 0
0.725000000000475 0.8250000000003364 0
0.7500000000002295 0.8250000000002988 0
0.7000000000007205 0.8250000000003739 0
0.3249999999980155 -0.7499999999998914 0
0.2999999999980396 -0.7749999999998578 0
0.3499999999979914 -0.7249999999999249 0
0.3249999999980054 -0.7249999999999277 0
0.2999999999980194 -0.7249999999999304 0
0.1249999999983167 -0.5000000000007472 0
0.1249999999983353 -0.4750000000007891 0
0.09999999999835857 -0.4750000000008418 0
0.1499999999983121 -0.4750000000007364 0
0.124999999998354 -0.450000000000831 0
0.1749999999982702 -0.5000000000006419 0
0.1749999999982889 -0.4750000000006838 0
0.1249999999983726 -0.4250000000008729 0
0.09999999999839587 -0.4250000000009256 0
0.1749999999982282 -0.5500000000005637 0
0.1749999999982071 -0.5750000000005246 0
0.1749999999982492 -0.5250000000006028 0
0.1499999999982724 -0.5250000000006555 0
0.1249999999982956 -0.5250000000007082 0
0.1750000000017031 0.6000000000008403 0
0.1750000000016201 0.5750000000008817 0
0.200000000001563 0.5750000000008793 0
0.1500000000016771 0.5750000000008841 0
0.175000000001537 0.5500000000009231 0
0.1250000000018172 0.6000000000008452 0
0.1250000000017342 0.5750000000008866 0
0.175000000001454 0.5250000000009645 0
0.200000000001397 0.525000000000962 0
0.1000000000018183 0.5750000000008808 0
0.1250000000016782 0.5500000000009198 0
0.1250000000016222 0.5250000000009528 0
0.1500000000015381 0.5250000000009587 0
0.1000000000017063 0.5250000000009469 0
0.7249999999992038 -0.849999999999704 0
0.7499999999992426 -0.8249999999996531 0
0.7249999999992224 -0.8249999999996663 0
-0.8250000000002922 0.8000000000001535 0
-0.8500000000002674 0.7750000000003368 0
-0.8750000000002625 0.7750000000004704 0
-0.8750000000002427 0.75000000000052 0
-0.8750000000002824 0.800000000000421 0
-0.9000000000002576 0.7750000000006042 0
-0.900000000000218 0.7250000000007033 0
0.5750000000008386 -0.4749999999999317 0
0.5500000000008725 -0.4749999999999504 0
0.5750000000007989 -0.4999999999999177 0
0.5250000000009459 -0.449999999999983 0
0.5250000000009061 -0.474999999999969 0
0.5250000000009858 -0.424999999999997 0
0.5250000000008663 -0.499999999999955 0
0.9249999999998064 0.4249999999983904 0
0.9499999999998758 0.4249999999983904 0
0.9249999999998209 0.4499999999984454 0
0.9749999999999451 0.4249999999983904 0
0.9249999999998353 0.4749999999985003 0
-0.2249999999977827 0.8499999999997736 0
-0.1999999999977717 0.8749999999997506 0
-0.2499999999977937 0.8249999999997966 0
-0.2249999999977844 0.8249999999997909 0
-0.1999999999977752 0.8249999999997852 0
-0.5999999999988903 0.9749999999999306 0
-0.5749999999988142 0.9499999999998681 0
-0.5749999999988142 0.9749999999999374 0
-0.5749999999988142 0.9249999999997986 0
-0.5499999999987382 0.9249999999998053 0
-0.5999999999988903 0.924999999999792 0
-0.5249999999986621 0.924999999999812 0
0.7500000000006044 -0.2250000000019513 0
0.7750000000005517 -0.2250000000019911 0
0.7250000000006573 -0.2250000000019115 0
0.7250000000006557 -0.2500000000018017 0
0.7000000000007101 -0.2250000000018717 0
0.7000000000007069 -0.2750000000016521 0
0.7250000000006541 -0.2750000000016919 0
-0.375000000000611 -0.5000000000008595 0
-0.3750000000004636 -0.4750000000009238 0
-0.3500000000005827 -0.4750000000009628 0
-0.3750000000003162 -0.4500000000009881 0
-0.3250000000008491 -0.5000000000009375 0
0.5250000000010266 -0.4000000000000459 0
0.5250000000010112 -0.3750000000005179 0
0.5000000000010438 -0.3750000000005016 0
0.5500000000009786 -0.3750000000005341 0
0.5250000000009959 -0.3500000000009899 0
0.5750000000009613 -0.4000000000000785 0
0.575000000000946 -0.3750000000005504 0
0.5250000000009806 -0.3250000000014618 0
0.5000000000010132 -0.3250000000014456 0
0.07499999999840284 -0.4500000000009649 0
0.07499999999838418 -0.475000000000923 0
0.0749999999984215 -0.4250000000010067 0
0.04999999999844712 -0.4250000000010879 0
0.07499999999844015 -0.4000000000010486 0
0.02499999999849139 -0.4000000000012109 0
0.02499999999847274 -0.425000000001169 0
0.02499999999850851 -0.3750000000012537 0
-1.465869092776018e-12 -0.3750000000013348 0
0.04999999999848289 -0.3750000000011725 0
0.02499999999852563 -0.3500000000012964 0
0.07499999999845727 -0.3750000000010913 0
0.02499999999854275 -0.3250000000013391 0
-1.431632590254139e-12 -0.3250000000014203 0
0.4999999999985628 -0.9249999999998286 0
0.5249999999986372 -0.924999999999828 0
0.5249999999986539 -0.949999999999885 0
0.5499999999987117 -0.9249999999998273 0
0.4999999999985962 -0.9749999999999428 0
0.5249999999986706 -0.9749999999999421 0
0.5749999999987863 -0.9249999999998266 0
0.6000000000009116 -0.375000000000132 0
0.5750000000009289 -0.3500000000005877 0
0.5750000000009118 -0.325000000000625 0
0.5500000000009462 -0.3250000000010433 0
0.6000000000008774 -0.3250000000002066 0
0.5750000000008948 -0.3000000000006622 0
0.5250000000009635 -0.3000000000014991 0
0.3499999999999158 0.2750000000011075 0
0.3249999999999299 0.2750000000011327 0
0.3250000000000217 0.2500000000011188 0
0.299999999999944 0.2750000000011578 0
0.3000000000001276 0.22500000000113 0
0.3499999999981618 -0.9749999999999622 0
0.3749999999982311 -0.9749999999999622 0
0.374999999998196 -0.9499999999999245 0
-0.1500000000021819 -0.7750000000005599 0
-0.1750000000021456 -0.7750000000005477 0
-0.1250000000022181 -0.7750000000005721 0
-0.1250000000022197 -0.7500000000006322 0
-0.1000000000022543 -0.7750000000005842 0
-0.1000000000022575 -0.7250000000007044 0
-0.1250000000022213 -0.7250000000006922 0
-0.9249999999998029 -0.6249999999989488 0
-0.9499999999998723 -0.6249999999989488 0
-0.9249999999998139 -0.6499999999990073 0
-0.9749999999999416 -0.6249999999989487 0
-0.9249999999998249 -0.6749999999990657 0
0.2750000000012949 0.5250000000009121 0
0.2500000000013289 0.5250000000009287 0
0.2750000000012119 0.5000000000009535 0
0.225000000001446 0.550000000000904 0
0.2250000000013629 0.5250000000009454 0
0.225000000001529 0.5750000000008626 0
0.2250000000012799 0.5000000000009868 0
0.2750000000013099 0.6000000000008163 0
0.2750000000013049 0.5750000000008482 0
0.3000000000011929 0.5750000000008411 0
0.250000000001417 0.5750000000008554 0
0.2750000000012999 0.5500000000008802 0
0.225000000001534 0.6000000000008306 0
0.3000000000011829 0.525000000000905 0
-0.9749999999999307 -0.3249999999981276 0
-0.9749999999999307 -0.3499999999981969 0
-0.9499999999998614 -0.3249999999981276 0
0.1750000000020782 0.7000000000007077 0
0.1750000000019896 0.6750000000007421 0
0.2000000000019116 0.6750000000007347 0
0.1500000000020676 0.6750000000007496 0
0.1750000000019011 0.6500000000007765 0
0.1250000000022341 0.7000000000007225 0
0.1250000000021456 0.675000000000757 0
0.1750000000018125 0.6250000000008109 0
0.2000000000017346 0.6250000000008035 0
-0.3000000000013638 -0.5750000000008602 0
-0.3250000000011129 -0.55000000000086 0
-0.3250000000012448 -0.5750000000008213 0
-0.325000000000981 -0.5250000000008987 0
-0.350000000000862 -0.5250000000008599 0
-0.3000000000011001 -0.5250000000009376 0
-0.3750000000007429 -0.5250000000008209 0
-0.07500000000134713 -0.4000000000013074 0
-0.0500000000013753 -0.375000000001345 0
-0.02500000000142058 -0.3750000000013399 0
-0.02500000000140347 -0.3500000000013826 0
-0.0250000000014377 -0.4000000000012972 0
0.9249999999998019 0.62499999999895 0
0.9499999999998712 0.6249999999989498 0
0.9249999999998118 0.6499999999990094 0
0.9749999999999406 0.6249999999989497 0
0.9249999999998217 0.6749999999990688 0
0.4000000000012752 0.6750000000006499 0
0.4250000000011705 0.6500000000006718 0
0.4250000000012455 0.6750000000006304 0
0.4250000000010955 0.6250000000007133 0
0.4500000000010658 0.6250000000006939 0
0.4000000000011251 0.6250000000007327 0
0.4750000000010361 0.6250000000006743 0
0.699999999999784 0.2249999999980169 0
0.6749999999997989 0.2249999999981213 0
0.6749999999997562 0.2499999999982096 0
0.6499999999998136 0.2249999999982257 0
0.6999999999996989 0.2749999999981936 0
-0.6999999999999216 -0.2249999999980274 0
-0.6749999999999559 -0.2249999999980707 0
-0.6749999999999108 -0.2499999999981432 0
-0.6499999999999901 -0.224999999998114 0
-0.6999999999998312 -0.2749999999981724 0
-0.6749999999998656 -0.2749999999982157 0
-0.6250000000000245 -0.2249999999981573 0
0.6250000000005215 -0.6749999999996774 0
0.6000000000004936 -0.6749999999996863 0
0.6500000000005495 -0.6749999999996685 0
0.6250000000006137 -0.6499999999997037 0
0.6750000000005774 -0.6749999999996598 0
0.6250000000007061 -0.6249999999997301 0
0.6000000000006782 -0.6249999999997389 0
-0.1250000000008513 0.3000000000006798 0
-0.1252499171851543 0.2752208215771209 0
-0.1502499171853075 0.2752208215770243 0
-0.1254998343694573 0.250441643153562 0
-0.1750000000011578 0.3000000000004867 0
-0.8750000000003315 0.2000000000021936 0
-0.8500000000003688 0.2250000000021112 0
-0.8750000000003145 0.2250000000021367 0
-0.8250000000004231 0.2250000000020856 0
-0.8250000000004061 0.2500000000020287 0
-0.82500000000044 0.2000000000021426 0
-0.8000000000004773 0.2250000000020602 0
-0.8000000000004435 0.2750000000019462 0
-0.8250000000003892 0.2750000000019717 0
0.8249999999996525 0.3499999999982668 0
0.849999999999676 0.3749999999983042 0
0.8249999999996528 0.3749999999983102 0
-0.475000000001075 -0.7250000000005372 0
-0.4500000000011842 -0.7250000000005479 0
-0.4250000000013476 -0.7500000000005183 0
-0.4250000000012933 -0.7250000000005583 0
-0.4250000000014019 -0.7750000000004782 0
-0.4000000000015111 -0.7750000000004886 0
-0.4000000000014026 -0.725000000000569 0
-0.7749999999998605 -0.2249999999979809 0
-0.7749999999998068 -0.2499999999980728 0
-0.749999999999878 -0.2249999999980029 0
-0.7749999999997532 -0.2749999999981646 0
-0.7249999999998955 -0.2249999999980248 0
-0.9000000000002462 0.2750000000019798 0
-0.8750000000002938 0.2750000000019771 0
-0.8750000000002834 0.3000000000018973 0
-0.8750000000003042 0.2500000000020569 0
-0.8500000000003415 0.2750000000019744 0
-0.9000000000002668 0.2250000000021393 0
-0.8250000000003788 0.300000000001892 0
-0.2750000000005305 -0.3000000000013254 0
-0.2750000000006175 -0.2750000000013662 0
-0.3000000000003381 -0.2750000000013522 0
-0.2500000000008971 -0.2750000000013802 0
-0.2750000000007047 -0.250000000001407 0
-0.2250000000010895 -0.3000000000013534 0
-0.3000000000005122 -0.2250000000014337 0
-0.3249999999979735 0.6999999999997726 0
-0.3249999999980451 0.6749999999997964 0
-0.2999999999979547 0.6749999999998346 0
-0.3499999999981356 0.6749999999997583 0
-0.3249999999981167 0.6499999999998205 0
-0.3749999999981544 0.6999999999996963 0
-0.2999999999980979 0.6249999999998825 0
0.1249999999973143 -0.9249999999999974 0
0.1249999999973782 -0.9499999999999973 0
0.149999999997317 -0.9249999999999946 0
0.4750000000010211 0.7000000000005854 0
0.4750000000010262 0.6750000000006151 0
0.5000000000009164 0.6750000000006073 0
0.4500000000011358 0.6750000000006227 0
0.4750000000010312 0.6500000000006447 0
0.4250000000012405 0.7000000000006007 0
0.5000000000009265 0.6250000000006668 0
-0.624999999999645 -0.5500000000004185 0
-0.649999999999627 -0.5750000000004112 0
-0.624999999999638 -0.5750000000004197 0
-0.674999999999609 -0.6000000000004038 0
-0.624999999999631 -0.600000000000421 0
-0.7749999999994714 0.6749999999999994 0
-0.749999999999465 0.6749999999998767 0
-0.7749999999991217 0.6999999999998623 0
-0.7249999999998082 0.6499999999998912 0
-0.7249999999994586 0.674999999999754 0
-0.7250000000001577 0.6250000000000284 0
-0.7000000000001514 0.6249999999999057 0
-0.6999999999994523 0.6749999999996312 0
-0.724999999999109 0.6999999999996167 0
-0.2499999999978825 0.9749999999999642 0
-0.2749999999979519 0.9749999999999642 0
-0.2749999999979149 0.9499999999999285 0
-0.1500000000009913 0.325000000000547 0
-0.1750000000011314 0.3500000000004142 0
-0.1750000000011446 0.3250000000004504 0
-0.2000000000012714 0.3750000000002813 0
-0.2000000000012978 0.3250000000003539 0
-0.824999999999692 -0.3499999999982943 0
-0.8499999999997021 -0.3749999999983196 0
-0.8249999999996918 -0.3749999999983289 0
-0.5249999999985782 0.7499999999995246 0
-0.5499999999985914 0.7249999999995229 0
-0.5249999999985879 0.7249999999995211 0
-0.5749999999986046 0.6999999999995214 0
-0.5249999999985977 0.6999999999995177 0
0.6750000000007457 -0.2750000000013275 0
0.6750000000007441 -0.3000000000012177 0
0.6750000000007472 -0.2500000000014373 0
0.6500000000007844 -0.2750000000010029 0
0.6750000000007489 -0.225000000001547 0
0.6250000000008232 -0.2750000000006782 0
0.6250000000008216 -0.3000000000005685 0
0.1250000000020361 0.6500000000007864 0
0.1250000000019267 0.6250000000008158 0
0.1500000000018696 0.6250000000008133 0
0.6749999999995605 0.4249999999986395 0
0.6499999999995723 0.4249999999986338 0
0.6749999999995662 0.3999999999986365 0
0.6249999999995783 0.4499999999986311 0
0.6249999999995839 0.4249999999986281 0
0.6249999999995727 0.474999999998634 0
0.6249999999995894 0.3999999999986252 0
0.275000000001719 0.7000000000006557 0
0.2750000000016121 0.6750000000006977 0
0.3000000000015184 0.6750000000006828 0
0.2500000000017059 0.6750000000007126 0
0.2750000000015053 0.6500000000007398 0
0.2250000000019065 0.7000000000006854 0
0.2250000000017996 0.6750000000007275 0
0.2750000000013985 0.6250000000007818 0
0.3000000000013047 0.6250000000007669 0
-0.4750000000014504 -0.800000000000455 0
-0.4750000000013253 -0.7750000000004824 0
-0.4500000000013636 -0.7750000000004802 0
-0.4750000000012001 -0.7500000000005098 0
-0.425000000001527 -0.8000000000004507 0
0.4000000000015284 0.7750000000005106 0
0.4250000000013592 0.7500000000005355 0
0.4250000000014186 0.7750000000005028 0
0.4250000000012999 0.7250000000005681 0
0.4500000000011902 0.7250000000005604 0
0.4000000000014096 0.7250000000005757 0
0.4750000000010804 0.7250000000005528 0
0.2249999999981239 -0.800000000000015 0
0.2249999999981166 -0.7750000000000531 0
0.1999999999981413 -0.7750000000001176 0
0.2499999999980919 -0.7749999999999886 0
0.2249999999981094 -0.7500000000000911 0
0.2749999999980745 -0.799999999999886 0
0.2749999999980672 -0.7749999999999241 0
0.2249999999981021 -0.7250000000001292 0
0.1999999999981268 -0.7250000000001937 0
0.6750000000007115 0.8000000000003873 0
0.6750000000004343 0.7750000000003863 0
0.6500000000004625 0.7750000000003676 0
0.675000000000157 0.7500000000003851 0
0.6250000000007681 0.80000000000035 0
0.6250000000004909 0.775000000000349 0
0.6749999999998798 0.725000000000384 0
-0.6750000000007994 0.1000000000020434 0
-0.6500000000008395 0.1250000000019932 0
-0.6250000000008959 0.1250000000019945 0
-0.6250000000008795 0.1500000000019431 0
-0.6250000000009124 0.1000000000020459 0
-0.6000000000009524 0.1250000000019958 0
-0.6000000000009196 0.1750000000018929 0
0.7499999999993094 -0.9749999999999387 0
0.7749999999993789 -0.9749999999999387 0
0.7749999999993815 -0.9499999999998774 0
0.8499999999995945 -0.9749999999999908 0
0.8749999999996638 -0.9749999999999908 0
0.8749999999996744 -0.9499999999999815 0
-0.524999999999095 0.6749999999995276 0
-0.4999999999990915 0.6749999999995258 0
-0.5499999999990983 0.6749999999995295 0
-0.5249999999995922 0.6499999999995376 0
-0.5749999999991018 0.6749999999995313 0
-0.5250000000000894 0.6249999999995475 0
-0.5000000000000859 0.6249999999995457 0
0.3000000000013291 -0.3750000000004328 0
0.2750000000013548 -0.3500000000005614 0
0.2750000000013416 -0.3250000000005987 0
0.2500000000013805 -0.3250000000006901 0
0.3000000000013027 -0.3250000000005074 0
0.2750000000013284 -0.300000000000636 0
0.2250000000014062 -0.3000000000008187 0
-0.300000000001706 -0.6750000000007186 0
-0.3250000000015263 -0.6500000000007365 0
-0.3250000000015964 -0.6750000000007021 0
-0.3250000000014562 -0.6250000000007708 0
-0.3500000000013467 -0.6250000000007545 0
-0.3000000000015659 -0.6250000000007871 0
-0.3250000000013862 -0.6000000000008052 0
-0.375000000001167 -0.6000000000007725 0
-0.375000000001237 -0.6250000000007382 0
0.6999999999995654 0.6250000000003784 0
0.6749999999995798 0.6500000000003801 0
0.6749999999995768 0.6250000000003724 0
0.6749999999995828 0.6750000000003877 0
0.6499999999995943 0.6750000000003817 0
0.6999999999995713 0.675000000000394 0
0.6749999999995858 0.7000000000003955 0
0.6249999999996088 0.7000000000003834 0
0.6249999999996059 0.6750000000003757 0
-0.3750000000010256 -0.5750000000007887 0
-0.3500000000011352 -0.575000000000805 0
-0.3750000000008842 -0.5500000000008047 0
-0.6249999999989975 0.9749999999999581 0
-0.6249999999989975 0.9499999999998887 0
-0.6499999999991047 0.9249999999998468 0
-0.6249999999989975 0.9249999999998193 0
-0.674999999999212 0.9249999999998744 0
-0.8500000000001745 0.02500000000232968 0
-0.8250000000002242 0.0250000000022772 0
-0.825000000000299 0.05000000000221532 0
-0.800000000000274 0.02500000000222473 0
-0.8000000000004237 0.07500000000210097 0
-0.8249999999996088 0.9749999999999555 0
-0.8499999999996781 0.9749999999999555 0
-0.824999999999703 0.9499999999999109 0
-0.8749999999997474 0.9749999999999555 0
-0.824999999999797 0.9249999999998664 0
-0.6750000000007141 -0.8000000000003896 0
-0.6750000000004409 -0.7750000000003904 0
-0.6500000000004702 -0.7750000000003725 0
-0.6750000000001678 -0.7500000000003911 0
-0.6250000000007725 -0.8000000000003539 0
-0.6250000000004994 -0.7750000000003546 0
-0.6749999999998947 -0.725000000000392 0
-0.3750000000014552 -0.7000000000006278 0
-0.3750000000013825 -0.6750000000006646 0
-0.3500000000014895 -0.6750000000006834 0
-0.3750000000013098 -0.6500000000007014 0
-0.3250000000016691 -0.7000000000006654 0
-0.6999999999996813 -0.4249999999985309 0
-0.6749999999996789 -0.4249999999985934 0
-0.6749999999996653 -0.449999999998645 0
-0.6499999999996764 -0.424999999998656 0
-0.6999999999996542 -0.4749999999986342 0
-0.6999999999995966 -0.625000000000399 0
-0.6749999999996076 -0.6250000000004077 0
-0.6749999999996061 -0.6500000000004115 0
-0.6499999999996185 -0.6250000000004162 0
-0.6999999999995937 -0.6750000000004068 0
-0.6749999999996047 -0.6750000000004153 0
-0.6249999999996294 -0.6250000000004248 0
-0.5249999999986755 0.9749999999999374 0
-0.4999999999986062 0.9749999999999374 0
-0.5499999999987448 0.9749999999999374 0
-0.5249999999986689 0.9499999999998747 0
-0.4999999999985928 0.924999999999812 0
0.6999999999995579 0.4249999999986481 0
0.6749999999995639 0.4499999999986454 0
0.6749999999995673 0.4749999999986513 0
0.64999999999957 0.4749999999986426 0
0.6999999999995645 0.4749999999986599 0
0.7249999999995731 0.4499999999986559 0
0.7499999999995883 0.4749999999986636 0
0.7249999999995764 0.4749999999986618 0
-0.9749999999999307 -0.7499999999993068 0
-0.9749999999999307 -0.7749999999993761 0
-0.9499999999998614 -0.774999999999376 0
-0.9749999999999307 -0.7999999999994454 0
-0.9249999999997921 -0.7999999999994454 0
-0.9749999999999307 -0.8249999999995147 0
-0.9749999999999307 -0.849999999999584 0
-0.9499999999998614 -0.8249999999995147 0
0.5250000000005679 -0.6999999999997166 0
0.5250000000006153 -0.6749999999997547 0
0.5000000000006708 -0.6749999999997736 0
0.5500000000005598 -0.6749999999997358 0
0.5250000000006627 -0.6499999999997927 0
0.5750000000004569 -0.6999999999996789 0
0.5750000000005042 -0.6749999999997169 0
0.52500000000071 -0.6249999999998308 0
0.5000000000007656 -0.6249999999998497 0
0.9749999999999307 0.7499999999993068 0
0.9749999999999307 0.7749999999993761 0
0.9499999999998614 0.774999999999376 0
0.9749999999999307 0.7999999999994454 0
0.9249999999997921 0.7999999999994454 0
0.9749999999999307 0.8249999999995147 0
0.9749999999999307 0.849999999999584 0
0.9499999999998614 0.8249999999995147 0
0.6499999999990238 -0.9749999999999481 0
0.6749999999990932 -0.9749999999999481 0
0.6749999999990879 -0.9499999999998963 0
-0.1750000000021123 -0.7500000000005973 0
-0.2000000000020745 -0.775000000000525 0
-0.1500000000021501 -0.7250000000006696 0
-0.175000000002079 -0.7250000000006469 0
-0.125000000002188 -0.7000000000007418 0
-0.1750000000020457 -0.7000000000006965 0
-0.2000000000020079 -0.7250000000006243 0
0.9749999999999307 0.3249999999981276 0
0.9749999999999307 0.3499999999981969 0
0.9499999999998614 0.3249999999981276 0
0.2250000000017111 0.6500000000007619 0
0.2250000000016225 0.6250000000007963 0
0.2500000000015105 0.625000000000789 0
0.4750000000014486 0.8000000000004667 0
0.4750000000013259 0.7750000000004953 0
0.4500000000013722 0.7750000000004991 0
0.4750000000012032 0.750000000000524 0
0.4250000000015414 0.8000000000004742 0
0.5999999999996695 0.3249999999985925 0
0.5749999999996769 0.3249999999986618 0
0.5749999999996998 0.2999999999986528 0
0.5749999999996541 0.3499999999986708 0
0.5499999999996844 0.3249999999987312 0
0.5999999999996238 0.3749999999986105 0
0.5249999999997147 0.2999999999987916 0
0.1750000000023331 0.8000000000004996 0
0.1750000000022648 0.7750000000005522 0
0.2000000000022052 0.7750000000005428 0
0.1500000000023245 0.7750000000005617 0
0.1750000000021965 0.7500000000006047 0
0.1250000000024525 0.8000000000005186 0
0.1250000000023841 0.7750000000005711 0
0.1750000000021282 0.7250000000006572 0
0.2000000000020685 0.7250000000006478 0
-0.3499999999979839 0.7249999999997229 0
-0.3749999999979943 0.7499999999996733 0
-0.3749999999980743 0.7249999999996848 0
0.2499999999980745 -0.7250000000000629 0
0.2249999999980919 -0.7000000000001655 0
0.2749999999980571 -0.7499999999999604 0
0.2749999999980469 -0.7249999999999966 0
0.2749999999980368 -0.7000000000000329 0
-0.5499999999997708 -0.3749999999996501 0
-0.5249999999997912 -0.3750000000000943 0
-0.524999999999836 -0.3500000000001264 0
-0.4999999999998117 -0.3750000000005386 0
-0.4999999999999012 -0.3250000000006029 0
0.7500000000005609 -0.5750000000004941 0
0.7250000000005945 -0.5750000000001523 0
0.7750000000005275 -0.575000000000836 0
0.7750000000005142 -0.550000000000888 0
0.8000000000004941 -0.5750000000011779 0
0.8000000000004674 -0.5250000000012818 0
0.7750000000005008 -0.5250000000009399 0
-0.9749999999999504 -0.4499999999984545 0
-0.9749999999999504 -0.4749999999985239 0
-0.9499999999999007 -0.4749999999985041 0
-0.7249999999996715 -0.4499999999985825 0
-0.7499999999996616 -0.4749999999986342 0
-0.7249999999996579 -0.4749999999986342 0
0.6499999999995844 0.6250000000003815 0
0.6249999999995988 0.6500000000003832 0
0.6249999999995919 0.6250000000003906 0
0.5999999999996133 0.6750000000003848 0
0.5999999999995993 0.6250000000003997 0
0.4499999999997178 0.3750000000009253 0
0.4249999999997335 0.3750000000009588 0
0.4249999999997491 0.3500000000009851 0
0.7750000000004521 -0.1000000000022034 0
0.7500000000005274 -0.1250000000021444 0
0.7250000000005689 -0.1250000000021304 0
0.7250000000006026 -0.1500000000020854 0
0.7250000000005351 -0.1000000000021754 0
0.7000000000006104 -0.1250000000021164 0
0.7000000000006779 -0.1750000000020264 0
0.3750000000012689 0.6500000000006995 0
0.3750000000011939 0.625000000000741 0
0.3750000000013439 0.675000000000658 0
0.3500000000014127 0.6750000000006661 0
0.375000000001419 0.7000000000006165 0
0.3250000000015564 0.7000000000006327 0
0.3250000000014814 0.6750000000006742 0
0.6750000000007148 -0.1750000000020411 0
0.6750000000007486 -0.2000000000019961 0
0.6750000000006811 -0.150000000002086 0
0.6500000000007518 -0.1750000000020558 0
0.6750000000006473 -0.125000000002131 0
0.6250000000007887 -0.1750000000020704 0
0.6250000000008225 -0.2000000000020254 0
-0.3999999999982938 0.9249999999998191 0
-0.4249999999983703 0.9249999999998167 0
-0.4249999999983842 0.9499999999998771 0
-0.4499999999984469 0.9249999999998144 0
-0.3999999999983216 0.9749999999999397 0
-0.4249999999983981 0.9749999999999374 0
-0.4749999999985235 0.924999999999812 0
-0.9749999999999416 -0.6499999999990181 0
-0.9749999999999416 -0.6749999999990876 0
-0.9499999999998832 -0.6749999999990766 0
0.5499999999987399 -0.9749999999999421 0
0.5749999999988094 -0.9749999999999421 0
0.5749999999987978 -0.9499999999998844 0
-0.5749999999999618 -0.6750000000004629 0
-0.5749999999999617 -0.6500000000004738 0
-0.599999999999642 -0.6750000000003966 0
-0.5500000000002814 -0.6250000000005509 0
-0.5749999999999615 -0.6250000000004847 0
-0.525000000000601 -0.6250000000006172 0
-0.5999999999996419 -0.6250000000004186 0
0.7749999999997772 0.224999999997958 0
0.7749999999997277 0.2499999999980398 0
0.7499999999997771 0.2249999999979755 0
0.7749999999996781 0.2749999999981217 0
0.724999999999777 0.224999999997993 0
0.9749999999999406 0.6499999999990191 0
0.9749999999999406 0.6749999999990886 0
0.9499999999998812 0.6749999999990787 0
0.7249999999997345 0.2499999999980813 0
0.749999999999685 0.2749999999981456 0
0.724999999999692 0.2749999999981696 0
-0.7249999999998504 -0.2499999999980973 0
-0.7499999999997793 -0.2749999999981672 0
-0.7249999999998052 -0.2749999999981698 0
-0.1249999999978287 0.8000000000000076 0
-0.1249999999978317 0.7750000000000425 0
-0.09999999999784892 0.7750000000001108 0
-0.1499999999978144 0.7749999999999742 0
-0.1249999999978347 0.7500000000000775 0
-0.1749999999977942 0.7999999999998708 0
-0.1749999999977972 0.7749999999999058 0
-0.1249999999978377 0.7250000000001124 0
-0.09999999999785494 0.7250000000001807 0
-0.1750000000022711 -0.9000000000002599 0
-0.1750000000022491 -0.8750000000003153 0
-0.200000000002174 -0.8750000000003095 0
-0.1500000000023242 -0.8750000000003211 0
-0.175000000002227 -0.8500000000003707 0
-0.1250000000024214 -0.9000000000002715 0
-0.2000000000021299 -0.8250000000004202 0
-0.7250000000004866 0.6000000000003224 0
-0.7500000000004475 0.5750000000006339 0
-0.7250000000004619 0.5750000000003544 0
-0.775000000000433 0.5750000000009133 0
-0.7750000000004085 0.5500000000009454 0
-0.7750000000004575 0.6000000000008814 0
-0.8000000000004185 0.5750000000011928 0
-0.8000000000003694 0.5250000000012569 0
-0.7750000000003839 0.5250000000009774 0
-0.2250000000010407 -0.4500000000010955 0
-0.2250000000010408 -0.4750000000010522 0
-0.2250000000010406 -0.4250000000011387 0
-0.2500000000007142 -0.4250000000011293 0
-0.2250000000010405 -0.400000000001182 0
-0.2750000000003877 -0.400000000001163 0
-0.2750000000003878 -0.4250000000011198 0
-0.2750000000010679 -0.5000000000009869 0
-0.2750000000008412 -0.4750000000010312 0
-0.250000000000941 -0.4750000000010417 0
-0.2750000000006145 -0.4500000000010754 0
-0.2250000000012675 -0.5000000000010079 0
0.1000000000024621 0.7750000000005786 0
0.1250000000023341 0.7500000000006216 0
0.1250000000022841 0.7250000000006721 0
0.1500000000022061 0.7250000000006647 0
0.1000000000023621 0.7250000000006795 0
0.9749999999999451 0.4499999999984599 0
0.9749999999999451 0.4749999999985292 0
0.9499999999998903 0.4749999999985147 0
-0.6250000000005328 0.599999999999685 0
-0.6500000000005204 0.5749999999999343 0
-0.6250000000005309 0.574999999999815 0
-0.6750000000005097 0.5750000000000537 0
-0.6750000000005079 0.5500000000001837 0
-0.6750000000005116 0.5999999999999236 0
-0.7000000000004991 0.5750000000001729 0
-0.7000000000004954 0.5250000000004331 0
-0.6750000000005061 0.5250000000003138 0
0.574999999999934 0.6250000000004721 0
0.5749999999999271 0.6000000000004795 0
0.5749999999999411 0.6500000000004645 0
0.5500000000002688 0.6250000000005443 0
0.574999999999948 0.675000000000457 0
0.5250000000006037 0.6250000000006166 0
0.5250000000005967 0.6000000000006241 0
0.4499999999984575 -0.9749999999999428 0
0.4749999999985269 -0.9749999999999428 0
0.4749999999985101 -0.9499999999998857 0
0.6750000000006152 -0.1000000000021672 0
0.6500000000006859 -0.125000000002137 0
0.6250000000007245 -0.1250000000021428 0
0.6250000000007566 -0.1500000000021066 0
0.6250000000006924 -0.1000000000021791 0
0.6000000000007631 -0.1250000000021488 0
0.6000000000008272 -0.1750000000020763 0
0.7250000000004798 -0.07500000000219513 0
0.7250000000004091 -0.05000000000223143 0
0.7000000000005059 -0.07500000000219763 0
0.7500000000003122 -0.02500000000226522 0
0.7250000000003383 -0.02500000000226772 0
0.7750000000002861 -0.02500000000226272 0
0.7750000000002154 -2.299011138539084e-12 0
0.7250000000002675 -2.304013007167363e-12 0
0.7000000000003643 -0.02500000000227022 0
-0.8750000000002824 0.4750000000014195 0
-0.8500000000003145 0.4750000000014101 0
-0.8750000000002489 0.5000000000013171 0
-0.82500000000038 0.4500000000015031 0
-0.8250000000003463 0.4750000000014006 0
-0.8250000000004136 0.4250000000016054 0
-0.8250000000003128 0.5000000000012983 0
0.3500000000012308 0.6250000000007496 0
0.375000000001087 0.600000000000783 0
0.3250000000013746 0.6500000000007162 0
0.3250000000012677 0.6250000000007583 0
0.3250000000011609 0.6000000000008003 0
-0.5250000000008623 0.3999999999998768 0
-0.5500000000008376 0.3750000000001774 0
-0.5250000000008646 0.3750000000000492 0
-0.5750000000008108 0.3750000000003055 0
-0.5750000000008131 0.3500000000004779 0
-0.5750000000008084 0.4000000000001332 0
-0.6000000000007839 0.3750000000004337 0
-0.6000000000007883 0.3250000000007784 0
-0.5750000000008153 0.3250000000006502 0
0.2500000000012378 0.4750000000010028 0
0.2750000000012038 0.4750000000009862 0
0.2250000000012718 0.4750000000010195 0
0.2250000000012637 0.4500000000010522 0
0.2250000000012556 0.4250000000010849 0
0.624999999999635 0.3499999999986071 0
0.6499999999996006 0.3749999999986218 0
0.6249999999996122 0.3749999999986162 0
-0.4250000000006268 0.5999999999996601 0
-0.4250000000006376 0.5749999999996825 0
-0.4000000000006521 0.5749999999997173 0
-0.4500000000006231 0.5749999999996477 0
-0.4250000000006484 0.5499999999997049 0
-0.4750000000005977 0.5999999999995904 0
-0.4750000000006085 0.5749999999996128 0
-0.4250000000006593 0.5249999999997274 0
-0.4000000000006738 0.5249999999997622 0
-0.6749999999996048 -0.7000000000004044 0
-0.6499999999996171 -0.6750000000004091 0
-0.6249999999996296 -0.6750000000004028 0
-0.6249999999996295 -0.6500000000004138 0
-0.6249999999996296 -0.700000000000392 0
0.57499999999965 -0.7499999999996458 0
0.5750000000000535 -0.7249999999996624 0
0.5500000000001091 -0.7249999999996812 0
-0.5750000000006112 0.4749999999996678 0
-0.5500000000006304 0.4749999999996656 0
-0.5750000000005377 0.4999999999996386 0
-0.525000000000723 0.4499999999996925 0
-0.5250000000006494 0.4749999999996632 0
-0.5250000000007966 0.4249999999997217 0
-0.5000000000008157 0.4249999999997194 0
-0.5000000000006686 0.474999999999661 0
-0.5250000000005759 0.4999999999996341 0
-0.5250000000005732 0.5999999999995581 0
-0.5500000000005572 0.5749999999995794 0
-0.525000000000567 0.5749999999995768 0
-0.5750000000005472 0.574999999999582 0
-0.575000000000541 0.5499999999996007 0
-0.5750000000005534 0.5999999999995631 0
-0.6000000000005372 0.5749999999995845 0
-0.6000000000005248 0.524999999999622 0
-0.5750000000005349 0.5249999999996195 0
-0.7249999999992751 0.9749999999999581 0
-0.6999999999992057 0.9749999999999581 0
-0.7499999999993445 0.9749999999999581 0
-0.7249999999993129 0.9499999999999162 0
-0.6999999999992814 0.9249999999998744 0
-0.9750000000000543 0.4750000000014412 0
-0.9750000000000543 0.5000000000013718 0
-0.9750000000000543 0.4500000000015105 0
-0.9500000000001084 0.4750000000014261 0
-0.9750000000000543 0.4250000000015799 0
-0.9250000000001626 0.475000000001411 0
-0.9250000000001626 0.5000000000013416 0
-0.6499999999990669 0.9749999999999581 0
-0.6749999999991363 0.9749999999999581 0
-0.6749999999991741 0.9499999999999162 0
0.2750000000019778 0.8000000000004699 0
0.2750000000019143 0.7750000000005144 0
0.3000000000018157 0.7750000000005075 0
0.2500000000020128 0.775000000000521 0
0.2750000000018508 0.7500000000005588 0
0.2250000000021749 0.8000000000004834 0
0.2250000000021114 0.7750000000005279 0
0.2750000000017873 0.7250000000006032 0
0.3000000000016887 0.7250000000005964 0
0.2750000000011902 0.4250000000010444 0
0.275000000001197 0.4500000000010153 0
0.2500000000012229 0.4250000000010646 0
-0.2249999999980122 0.6000000000000312 0
-0.2249999999980913 0.5750000000000478 0
-0.1999999999980389 0.5750000000000893 0
-0.2499999999981438 0.5750000000000063 0
-0.2249999999981704 0.5500000000000644 0
-0.2749999999981171 0.5999999999999481 0
-0.199999999998197 0.5250000000001227 0
-0.4250000000009259 0.3999999999997934 0
-0.4250000000009467 0.3749999999998124 0
-0.4000000000009589 0.3749999999998274 0
-0.4500000000009345 0.3749999999997975 0
-0.4250000000009676 0.3499999999998314 0
-0.4750000000009015 0.3999999999997635 0
-0.4750000000009224 0.3749999999997826 0
-0.4250000000009885 0.3249999999998505 0
-0.4000000000010007 0.3249999999998654 0
0.3750000000016606 0.8000000000004743 0
0.3750000000016012 0.7750000000005068 0
0.3500000000016741 0.7750000000005032 0
0.3750000000015419 0.7500000000005395 0
0.3250000000018064 0.8000000000004668 0
0.325000000001747 0.7750000000004995 0
0.3750000000014825 0.7250000000005721 0
-0.3000000000018451 -0.7750000000005233 0
-0.3250000000017151 -0.7500000000005581 0
-0.3250000000017381 -0.7750000000005045 0
-0.3250000000016922 -0.7250000000006117 0
-0.3500000000015852 -0.7250000000005929 0
-0.300000000001799 -0.7250000000006305 0
-0.3750000000014783 -0.7250000000005742 0
-0.7000000000005788 0.3750000000013248 0
-0.6750000000006304 0.3750000000011045 0
-0.6750000000006345 0.3500000000012867 0
-0.6500000000006823 0.3750000000008842 0
-0.7000000000005869 0.3250000000016892 0
-0.6750000000006386 0.3250000000014688 0
-0.6250000000007339 0.3750000000006639 0
-0.6000000000000413 -0.2249999999981961 0
-0.5750000000000843 -0.2249999999982444 0
-0.5750000000001471 -0.1999999999981764 0
-0.5750000000000216 -0.2499999999983124 0
-0.5500000000001274 -0.2249999999982927 0
-0.5999999999999158 -0.2749999999983321 0
-0.5250000000002333 -0.199999999998273 0
-0.1249999999978607 0.7000000000001612 0
-0.1249999999978828 0.675000000000205 0
-0.09999999999788002 0.6750000000002594 0
-0.1499999999978855 0.6750000000001504 0
-0.1249999999979048 0.6500000000002487 0
-0.1749999999978663 0.7000000000000521 0
-0.09999999999792414 0.6250000000003469 0
-0.2750000000012113 -0.5250000000009434 0
-0.2500000000013111 -0.525000000000954 0
-0.2250000000015541 -0.5500000000009211 0
-0.2250000000014108 -0.5250000000009645 0
-0.2250000000016974 -0.5750000000008777 0
-0.7750000000004942 0.27500000000194 0
-0.7500000000005353 0.2750000000019356 0
-0.7750000000004675 0.3000000000018848 0
-0.7250000000006032 0.2500000000019864 0
-0.7250000000005765 0.275000000001931 0
-0.7250000000006298 0.2250000000020417 0
-0.7250000000005499 0.3000000000018758 0
-0.7250000000006072 0.07500000000210325 0
-0.7250000000005242 0.05000000000216095 0
-0.7000000000006601 0.07500000000209983 0
-0.7500000000003882 0.02500000000222206 0
-0.7250000000004413 0.02500000000221865 0
-0.7750000000003352 0.02500000000222549 0
-0.7750000000002523 2.283185793205966e-12 0
-0.7250000000003585 2.276340574369762e-12 0
-0.7000000000004944 0.02500000000221522 0
-0.2750000000013432 -0.5500000000009047 0
-0.2750000000014751 -0.575000000000866 0
-0.2500000000015863 -0.5750000000008719 0
-0.275000000001607 -0.6000000000008274 0
-0.2250000000018293 -0.600000000000839 0
0.3500000000015512 0.7250000000005802 0
0.3250000000016835 0.7500000000005439 0
0.3250000000016199 0.7250000000005883 0
0.4000000000002442 0.1249999999988439 0
0.375000000000289 0.1249999999990753 0
0.3750000000003351 0.09999999999910185 0
0.3750000000002428 0.1499999999990488 0
0.3500000000003337 0.1249999999993067 0
0.4000000000001519 0.1749999999987908 0
0.3250000000004247 0.09999999999956459 0
0.5500000000000058 0.1749999999984097 0
0.5250000000000342 0.1749999999985118 0
0.5250000000000975 0.1499999999983712 0
0.5000000000000626 0.1749999999986138 0
0.5000000000001892 0.1249999999983327 0
-0.4749999999996033 0.6499999999995705 0
-0.4750000000001005 0.6249999999995806 0
-0.450000000000115 0.6249999999996153 0
-0.4499999999984675 0.9749999999999374 0
-0.4749999999985369 0.9749999999999374 0
-0.4749999999985302 0.9499999999998747 0
0.2250000000020431 0.7500000000005804 0
0.2250000000019748 0.7250000000006329 0
0.2500000000018811 0.725000000000618 0
0.9750000000000616 -0.4750000000014485 0
0.9750000000000616 -0.5000000000013791 0
0.9750000000000616 -0.4500000000015179 0
0.9500000000001231 -0.4750000000014407 0
0.9750000000000616 -0.4250000000015872 0
0.9250000000001846 -0.4750000000014329 0
0.9250000000001846 -0.5000000000013636 0
0.7749999999998983 -0.7499999999999281 0
0.7750000000001923 -0.7250000000002582 0
0.7500000000002012 -0.7249999999999369 0
0.3249999999999372 -0.5000000000003011 0
0.3250000000003582 -0.4750000000003105 0
0.3500000000006373 -0.4750000000002538 0
0.3250000000007793 -0.4500000000003199 0
0.3750000000004954 -0.5000000000001876 0
0.9750000000000694 -0.4000000000016644 0
0.950000000000131 -0.4250000000015872 0
0.9250000000002003 -0.4250000000015872 0
0.9250000000001924 -0.4500000000015101 0
0.9250000000002081 -0.4000000000016644 0
0.9000000000002697 -0.4250000000015872 0
0.9000000000002539 -0.4750000000014329 0
-0.3250000000010652 0.3750000000000235 0
-0.3000000000010938 0.3750000000000736 0
-0.3500000000010366 0.3749999999999736 0
-0.3250000000011065 0.3500000000000888 0
-0.375000000001008 0.3749999999999236 0
-0.3250000000011479 0.3250000000001541 0
-0.3000000000011765 0.3250000000002041 0
-0.3750000000016411 -0.8000000000004539 0
-0.3750000000015868 -0.775000000000494 0
-0.3500000000016625 -0.7750000000004993 0
-0.3750000000015326 -0.750000000000534 0
-0.3250000000017924 -0.8000000000004643 0
-0.52500000000057 0.5499999999995959 0
-0.5000000000005862 0.5749999999995746 0
-0.5500000000005538 0.5249999999996172 0
-0.525000000000573 0.524999999999615 0
-0.500000000000592 0.5249999999996128 0
0.2750000000019885 0.9000000000002597 0
0.2750000000019783 0.8750000000003099 0
0.30000000000191 0.8750000000003125 0
0.2500000000020466 0.8750000000003072 0
0.2750000000019681 0.85000000000036 0
0.2250000000021251 0.9000000000002544 0
0.2250000000021149 0.8750000000003044 0
0.2750000000019578 0.8250000000004103 0
0.3000000000018895 0.825000000000413 0
0.8000000000005106 -0.2750000000019791 0
0.7750000000005585 -0.2750000000018834 0
0.7750000000005619 -0.3000000000018296 0
0.775000000000555 -0.2500000000019372 0
0.7500000000006063 -0.2750000000017877 0
0.8000000000005039 -0.2250000000020869 0
0.7250000000006576 -0.3000000000016381 0
-0.349999999998183 0.9749999999999397 0
-0.3749999999982523 0.9749999999999397 0
-0.3749999999982384 0.9499999999998794 0
0.8750000000003222 -0.4750000000014338 0
0.8500000000003741 -0.4750000000014283 0
0.8750000000002982 -0.5000000000013503 0
0.82500000000045 -0.4500000000015064 0
0.8250000000004261 -0.4750000000014228 0
0.825000000000474 -0.4250000000015899 0
0.8250000000004021 -0.5000000000013394 0
-0.4749999999999452 -0.3250000000007299 0
-0.47499999999999 -0.300000000000762 0
-0.4749999999999005 -0.3500000000006978 0
-0.4499999999999893 -0.325000000000857 0
-0.4749999999998558 -0.3750000000006657 0
-0.4250000000000334 -0.3250000000009841 0
-0.4250000000000782 -0.3000000000010162 0
-0.275000000001882 -0.7500000000005783 0
-0.275000000001859 -0.725000000000632 0
-0.2750000000019051 -0.7750000000005247 0
-0.250000000001965 -0.7750000000005262 0
-0.275000000001928 -0.8000000000004711 0
-0.2250000000020479 -0.800000000000474 0
-0.2250000000020249 -0.7750000000005276 0
0.2249999999981028 -0.6750000000002158 0
0.1999999999981303 -0.675000000000282 0
0.2499999999980752 -0.6750000000001495 0
0.2249999999981137 -0.650000000000266 0
0.199999999998152 -0.6250000000003826 0
-0.8749999999998217 0.9499999999999835 0
-0.8749999999998961 0.9250000000000116 0
-0.8499999999998465 0.924999999999939 0
0.375000000001082 0.5750000000008149 0
0.3750000000010781 0.5500000000008407 0
0.3500000000011101 0.5250000000008813 0
0.3750000000010743 0.5250000000008663 0
0.3250000000011459 0.5250000000008963 0
-0.7249999999991044 0.7499999999996295 0
-0.749999999999113 0.7249999999997458 0
-0.7249999999991067 0.7249999999996232 0
-0.1499999999978405 0.7250000000000578 0
-0.1749999999978202 0.7499999999999546 0
-0.1749999999978432 0.7250000000000034 0
0.4999999999999302 0.224999999998781 0
0.4749999999999567 0.2249999999987835 0
0.475000000000026 0.1999999999987569 0
0.4749999999998874 0.2499999999988101 0
0.4499999999999833 0.224999999998786 0
0.4999999999997915 0.2749999999988343 0
0.4250000000000791 0.1999999999987618 0
0.5499999999999401 0.5750000000005683 0
0.5250000000002749 0.5750000000006406 0
0.5249999999999532 0.550000000000657 0
0.2499999999981013 -0.8249999999999258 0
0.2749999999980787 -0.8499999999998366 0
0.2749999999980766 -0.8249999999998613 0
0.600000000000348 0.02499999999774298 0
0.5750000000003817 0.02499999999777311 0
0.5750000000004614 -2.251598502552484e-12 0
0.5750000000003018 0.04999999999779782 0
0.5500000000004152 0.02499999999780323 0
0.6000000000001885 0.07499999999779239 0
0.5250000000005286 -2.191344039096747e-12 0
0.4250000000002176 0.1249999999988415 0
0.4250000000001715 0.1499999999988149 0
0.4500000000000988 0.1749999999987859 0
0.4250000000001253 0.1749999999987883 0
0.4750000000000721 0.1749999999987834 0
-0.3750000000006892 0.5499999999997977 0
-0.3750000000007001 0.5249999999998201 0
-0.3500000000007264 0.524999999999878 0
0.7000000000002324 0.02499999999770014 0
0.6750000000002661 0.02499999999770634 0
0.6750000000003271 -2.300316889681215e-12 0
0.6750000000002049 0.04999999999771299 0
0.6500000000002996 0.02499999999771253 0
0.7000000000001102 0.07499999999771345 0
0.6750000000001437 0.07499999999771964 0
0.6250000000003331 0.02499999999771873 0
0.6250000000003944 -2.28792278608064e-12 0
0.3500000000002078 -0.5250000000002282 0
0.3750000000004785 -0.550000000000155 0
0.3750000000004869 -0.5250000000001713 0
0.4000000000007491 -0.5750000000000819 0
0.400000000000766 -0.5250000000001145 0
-0.4750000000006115 0.5499999999996319 0
-0.4750000000006144 0.524999999999651 0
-0.4500000000006368 0.5249999999996892 0
-0.249999999997993 0.6249999999999657 0
-0.2749999999979739 0.6499999999999002 0
-0.2749999999980455 0.6249999999999241 0
-0.1750000000020208 -0.6750000000007428 0
-0.1750000000020123 -0.6500000000007855 0
-0.2000000000019661 -0.6750000000007166 0
-0.1500000000020586 -0.6250000000008544 0
-0.1750000000020038 -0.6250000000008282 0
-0.1250000000021133 -0.6250000000008806 0
-0.200000000001949 -0.625000000000802 0
-0.8000000000001617 -0.02499999999769929 0
-0.7750000000002146 -0.02499999999770271 0
-0.7750000000001771 -0.0499999999976886 0
-0.7500000000002678 -0.02499999999770613 0
-0.8000000000000864 -0.07499999999767107 0
-0.7750000000001396 -0.0749999999976745 0
-0.7250000000003209 -0.02499999999770955 0
0.7499999999995735 0.6749999999997303 0
0.7249999999995724 0.675000000000062 0
0.7249999999995694 0.6500000000000543 0
0.6250000000007381 -0.5999999999997636 0
0.6500000000007049 -0.574999999999885 0
0.6250000000007373 -0.5749999999998867 0
0.6750000000006726 -0.5749999999998833 0
0.6750000000006717 -0.5500000000000065 0
0.6750000000006735 -0.5999999999997601 0
0.7000000000006403 -0.5749999999998816 0
0.7000000000006386 -0.5250000000001279 0
0.675000000000671 -0.5250000000001297 0
0.4750000000007001 -0.6499999999998561 0
0.4750000000007475 -0.6249999999998942 0
0.4500000000007294 -0.6249999999999387 0
0.4750000000007948 -0.5999999999999323 0
0.4250000000007587 -0.6000000000000212 0
-0.1249999999981486 0.5000000000004047 0
-0.1249999999981528 0.4750000000004352 0
-0.09999999999811038 0.4750000000005237 0
-0.1499999999981953 0.4750000000003467 0
-0.1249999999981571 0.4500000000004657 0
-0.1749999999982336 0.5000000000002278 0
-0.09999999999811884 0.4250000000005846 0
-0.6249999999999618 -0.2499999999982253 0
-0.6499999999998823 -0.2749999999982545 0
-0.6249999999998991 -0.2749999999982933 0
-0.5749999999995856 0.6499999999995419 0
-0.5750000000000696 0.6249999999995526 0
-0.5500000000000795 0.62499999999955 0
0.5249999999998534 0.2499999999987383 0
0.5499999999997764 0.2749999999986956 0
0.524999999999784 0.2749999999987649 0
0.5000000000009643 -0.1750000000020877 0
0.4750000000009987 -0.175000000002086 0
0.4750000000010265 -0.2000000000020533 0
0.475000000000971 -0.1500000000021187 0
0.4500000000010331 -0.1750000000020843 0
0.5000000000009088 -0.1250000000021531 0
0.4750000000009432 -0.1250000000021514 0
0.4250000000010675 -0.1750000000020826 0
0.4250000000010953 -0.2000000000020499 0
-0.900000000000267 0.1750000000022713 0
-0.8750000000003213 0.1750000000022457 0
-0.8750000000003112 0.1500000000022979 0
-0.8500000000003756 0.1750000000022203 0
-0.9000000000002468 0.1250000000023755 0
0.4750000000001987 0.1249999999985023 0
0.4750000000001354 0.1499999999986429 0
0.4500000000002081 0.1249999999986719 0
-0.7499999999995922 -0.6749999999997354 0
-0.724999999999593 -0.6750000000000711 0
-0.7249999999995944 -0.6500000000000672 0
-0.4499999999998896 -0.3750000000008085 0
-0.4249999999999235 -0.3750000000009512 0
-0.4249999999999785 -0.3500000000009676 0
-0.3999999999999574 -0.375000000001094 0
-0.4000000000000673 -0.3250000000011268 0
0.4250000000007672 -0.5750000000000375 0
0.4500000000007852 -0.5749999999999931 0
0.4250000000007756 -0.5500000000000538 0
0.4750000000008033 -0.5749999999999484 0
0.4250000000007841 -0.5250000000000701 0
0.3500000000004655 0.07499999999918361 0
0.3250000000005103 0.07499999999941498 0
0.3250000000005959 0.04999999999926537 0
0.300000000000555 0.07499999999964635 0
0.3000000000007262 0.02499999999934713 0
-0.5000000000008871 0.3749999999997838 0
-0.4750000000009201 0.3499999999998178 0
-0.4750000000009179 0.3249999999998531 0
-0.4500000000009532 0.3249999999998519 0
-0.5000000000008826 0.3249999999998544 0
0.9750000000000643 -0.07500000000255162 0
0.9750000000000643 -0.1000000000024876 0
0.9750000000000643 -0.05000000000261558 0
0.9500000000001284 -0.07500000000254281 0
0.9250000000001926 -0.1000000000024701 0
-0.2750000000018257 -0.7000000000006816 0
-0.2750000000017556 -0.6750000000007159 0
-0.2500000000018052 -0.6750000000007134 0
-0.2750000000016856 -0.6500000000007503 0
-0.225000000001925 -0.7000000000006764 0
-0.2250000000018549 -0.6750000000007108 0
-0.2750000000016155 -0.6250000000007847 0
-0.4500000000001083 -0.2750000000008073 0
-0.4250000000001524 -0.2750000000009344 0
-0.4250000000002266 -0.2500000000008526 0
-0.4000000000001965 -0.2750000000010615 0
-0.4000000000003449 -0.2250000000008979 0
-0.3250000000011688 0.3000000000001731 0
-0.3250000000012181 0.275000000000351 0
-0.3000000000012671 0.2750000000004472 0
-0.350000000001169 0.2750000000002547 0
-0.3250000000012674 0.2500000000005288 0
-0.3750000000010707 0.2999999999999807 0
-0.37500000000112 0.2750000000001586 0
-0.3250000000013167 0.2250000000007067 0
-0.3000000000013657 0.2250000000008029 0
0.5000000000008347 -0.5749999999999091 0
0.4750000000008251 -0.54999999999997 0
0.4750000000008469 -0.5249999999999915 0
0.4500000000008155 -0.5250000000000308 0
0.5000000000008784 -0.5249999999999522 0
0.5250000000009268 -0.1750000000020875 0
0.5250000000008991 -0.1500000000021202 0
0.5500000000008338 -0.1250000000021527 0
0.5250000000008713 -0.1250000000021529 0
0.5750000000007963 -0.1250000000021525 0
0.5750000000007686 -0.1000000000021852 0
0.5250000000008436 -0.1000000000021856 0
-0.4750000000007543 0.4499999999997051 0
-0.4750000000008279 0.4249999999997343 0
-0.4500000000008401 0.4249999999997492 0
-0.3750000000000995 -0.3250000000011689 0
-0.3750000000001544 -0.3000000000011853 0
-0.3750000000000445 -0.3500000000011525 0
-0.3500000000001317 -0.3250000000012109 0
-0.3749999999999896 -0.3750000000011361 0
-0.3250000000001638 -0.325000000001253 0
-0.3250000000002188 -0.3000000000012694 0
0.5000000000008014 -0.07500000000217963 0
0.4750000000008363 -0.07500000000218017 0
0.475000000000916 -0.1000000000021863 0
0.4750000000007565 -0.05000000000217403 0
0.4500000000008712 -0.07500000000218071 0
0.5000000000006419 -0.02500000000216735 0
0.4750000000006768 -0.0250000000021679 0
0.4250000000009061 -0.07500000000218127 0
0.4250000000009859 -0.1000000000021874 0
0.4000000000009365 -0.07500000000214739 0
0.375000000000965 -0.07500000000207593 0
0.3750000000010493 -0.1000000000021165 0
0.3750000000008806 -0.05000000000203537 0
0.3500000000009935 -0.07500000000200448 0
0.4000000000007677 -0.02500000000206628 0
0.3250000000011063 -0.1000000000019736 0
0.2500000000006108 0.07500000000064744 0
0.2750000000005912 0.07500000000023921 0
0.2250000000006304 0.07500000000105568 0
0.2250000000007325 0.05000000000109069 0
0.20000000000065 0.07500000000146392 0
0.2000000000008542 0.02500000000153394 0
0.2250000000008346 0.0250000000011257 0
0.4500000000011106 -0.3750000000005388 0
0.425000000001144 -0.3750000000005573 0
0.4750000000010772 -0.3750000000005202 0
0.4750000000010619 -0.3500000000009922 0
0.4750000000010466 -0.3250000000014641 0
0.4250000000008218 -0.05000000000214071 0
0.4500000000007071 -0.02500000000213403 0
0.4250000000007375 -0.02500000000210016 0
-0.2250000000012199 0.3750000000002222 0
-0.2500000000011685 0.375000000000163 0
-0.2250000000012332 0.3500000000002584 0
-0.2750000000011171 0.3750000000001038 0
-0.2250000000012464 0.3250000000002947 0
0.5250000000008023 -0.5999999999998571 0
0.5250000000008241 -0.5749999999998785 0
0.5500000000008135 -0.574999999999848 0
0.5250000000008459 -0.5499999999999001 0
0.5750000000007811 -0.5999999999997958 0
0.5750000000008029 -0.5749999999998174 0
0.5250000000008678 -0.5249999999999215 0
0.2750000000001633 0.2250000000012 0
0.2750000000000715 0.2500000000012138 0
0.250000000000199 0.2250000000012699 0
0.2749999999999796 0.2750000000012277 0
0.2250000000002346 0.2250000000013398 0
-0.9750000000000592 0.0750000000025432 0
-0.9750000000000592 0.1000000000024792 0
-0.9750000000000592 0.05000000000260716 0
-0.9500000000001183 0.07500000000252598 0
-0.9250000000001775 0.1000000000024448 0
-0.3000000000002035 -0.3250000000012719 0
-0.2750000000004831 -0.3250000000012859 0
-0.2750000000004357 -0.3500000000012465 0
-0.2500000000007626 -0.3250000000013 0
-0.3000000000001087 -0.375000000001193 0
-0.2750000000003883 -0.375000000001207 0
-0.2250000000010421 -0.325000000001314 0
0.4500000000010678 -0.2250000000018339 0
0.4750000000010334 -0.2250000000018356 0
0.4250000000011022 -0.2250000000018322 0
0.4250000000011091 -0.2500000000016145 0
0.4000000000011366 -0.2250000000018305 0
0.4000000000011504 -0.2750000000013951 0
0.425000000001116 -0.2750000000013968 0
0.5750000000008932 -0.2750000000006966 0
0.5500000000009276 -0.275000000001115 0
0.5250000000009606 -0.2500000000015679 0
0.525000000000962 -0.2750000000015335 0
0.5250000000009591 -0.2250000000016022 0
0.5000000000009935 -0.2250000000020206 0
0.5000000000009964 -0.2750000000019519 0
-0.2250000000012877 0.3000000000003599 0
-0.2250000000013523 0.2750000000003985 0
-0.2500000000013289 0.2750000000003683 0
-0.2250000000014168 0.250000000000437 0
-0.2750000000012411 0.3000000000002995 0
-0.2750000000013056 0.2750000000003381 0
-0.2250000000014813 0.2250000000004755 0
-0.575000000000677 0.4499999999998229 0
-0.5750000000007427 0.4249999999999781 0
-0.5500000000007697 0.4249999999998499 0
0.3750000000011587 -0.2000000000019088 0
0.3500000000011987 -0.2250000000015329 0
0.3750000000011696 -0.2250000000016723 0
0.3250000000012278 -0.2250000000013935 0
0.3250000000012387 -0.2500000000011571 0
0.3250000000012169 -0.20000000000163 0
0.3000000000012568 -0.2250000000012541 0
0.3000000000012787 -0.2750000000007812 0
0.3250000000012496 -0.2750000000009206 0
0.2750000000007624 0.02499999999993998 0
0.2750000000006768 0.0500000000000896 0
0.2500000000007985 0.02500000000053284 0
0.07500000000109527 0.3000000000012411 0
0.07119754435765738 0.2754492450382833 0
0.04619754435787191 0.2754492450382829 0
0.06739508871421948 0.2508984900753256 0
0.02500000000152433 0.3000000000012403 0
0.02119754435808643 0.2754492450382825 0
0.06359263307078157 0.2263477351123678 0
-0.6499999999999071 -0.7250000000003858 0
-0.6250000000002095 -0.750000000000367 0
-0.6249999999999196 -0.7250000000003796 0
0.1761105081611574 0.03300665876905472 0
0.1761105081610553 0.05800665876901971 0
0.1522210163214606 0.04101331753657551 0
0.1761105081609532 0.08300665876898469 0
0.1283315244817639 0.0490199763040963 0
-0.1000000000021845 -0.6250000000009033 0
-0.07500000000226399 -0.6500000000008503 0
-0.07500000000223911 -0.6250000000008966 0
-0.07500000000228886 -0.6750000000008041 0
-0.05000000000234352 -0.6750000000007974 0
-0.1000000000022342 -0.6750000000008107 0
-0.07500000000231374 -0.7000000000007579 0
-0.02500000000242305 -0.7000000000007446 0
-0.02500000000239817 -0.6750000000007907 0
0.3000000000012182 -0.1750000000015935 0
0.2750000000012631 -0.1750000000014866 0
0.2750000000012908 -0.2000000000013837 0
0.2750000000012353 -0.1500000000015895 0
0.250000000001308 -0.1750000000013798 0
0.3000000000011627 -0.1250000000017992 0
0.2250000000013806 -0.2000000000011701 0
0.4000000000011025 -0.1750000000020832 0
0.3750000000011315 -0.1750000000019437 0
0.3750000000011043 -0.1500000000019787 0
0.3500000000011606 -0.1750000000018043 0
0.4000000000010481 -0.125000000002153 0
0.3750000000010771 -0.1250000000020136 0
0.3250000000011897 -0.1750000000016649 0
0.3750000000011835 -0.2750000000012369 0
0.3750000000011904 -0.3000000000010192 0
0.3750000000011766 -0.2500000000014546 0
0.3500000000012166 -0.2750000000010788 0
0.3250000000012565 -0.3000000000007029 0
0.4750000000010363 -0.2750000000017668 0
0.4750000000010377 -0.3000000000017325 0
0.4750000000010348 -0.2500000000018012 0
0.4500000000010762 -0.2750000000015819 0
0.4250000000011175 -0.3000000000013625 0
0.8000000000001077 0.02499999999767108 0
0.7750000000001338 0.02499999999766857 0
0.7750000000000523 0.04999999999763616 0
0.7500000000001599 0.02499999999766607 0
0.7999999999999448 0.07499999999760625 0
0.7749999999999708 0.07499999999760375 0
0.7250000000001859 0.02499999999766357 0
0.5499999999996182 0.4749999999997142 0
0.5249999999996346 0.4750000000002468 0
0.5249999999996413 0.4500000000002643 0
0.600000000000769 -0.5749999999997988 0
0.5750000000008015 -0.5499999999998508 0
0.5750000000008002 -0.5249999999998842 0
0.550000000000834 -0.5249999999999029 0
0.6000000000007664 -0.5249999999998656 0
-0.7749999999998001 0.6500000000002935 0
-0.7750000000001288 0.6250000000005873 0
-0.7500000000001433 0.6250000000003079 0
0.1500000000010072 -0.2250000000011554 0
0.1750000000012237 -0.2500000000010518 0
0.1750000000012188 -0.2250000000010902 0
0.2000000000014401 -0.2750000000009483 0
0.2000000000014304 -0.2250000000010249 0
-0.6250000000005247 0.5499999999998338 0
-0.6500000000005124 0.5250000000000832 0
-0.6250000000005186 0.5249999999998526 0
0.3750000000017284 0.9000000000002737 0
0.3750000000017092 0.8750000000003237 0
0.4000000000016453 0.8750000000003275 0
0.3500000000017731 0.8750000000003201 0
0.37500000000169 0.850000000000374 0
0.3250000000018562 0.9000000000002661 0
0.325000000001837 0.8750000000003163 0
0.3750000000016708 0.8250000000004241 0
0.4000000000016068 0.8250000000004278 0
-0.02499999999822976 0.4000000000008763 0
-0.02499999999822872 0.3750000000009455 0
1.735714870443328e-12 0.3750000000010325 0
-0.04999999999819316 0.3750000000008584 0
-0.02499999999822767 0.3500000000010146 0
-0.07499999999815862 0.4000000000007022 0
1.737806368714197e-12 0.3250000000011708 0
-0.149999999998112 0.5250000000002996 0
-0.1749999999980754 0.5500000000001944 0
-0.1749999999981545 0.5250000000002111 0
0.07500000000256042 0.9750000000000694 0
0.1000000000024964 0.9750000000000694 0
0.05000000000262438 0.9750000000000694 0
0.07500000000256041 0.9500000000001386 0
0.0250000000026883 0.9750000000000694 0
0.07500000000256042 0.9250000000002079 0
0.1000000000024965 0.9250000000002079 0
0.6250000000002534 0.04999999999774344 0
0.6500000000001587 0.0749999999977439 0
0.6250000000001736 0.07499999999776814 0
-0.3500000000002737 -0.2750000000012681 0
-0.3750000000002415 -0.275000000001226 0
-0.3250000000003059 -0.2750000000013101 0
-0.325000000000393 -0.2500000000013509 0
-0.3250000000004801 -0.2250000000013916 0
0.6000000000006552 -0.07500000000220917 0
0.5750000000006927 -0.07500000000220937 0
0.5750000000006169 -0.05000000000223355 0
0.5500000000007302 -0.07500000000220955 0
0.6000000000005037 -0.02500000000225754 0
0.5750000000005411 -0.02500000000225773 0
0.5250000000007677 -0.07500000000220974 0
0.6499999999998913 0.725000000000378 0
0.6250000000001968 0.7500000000003604 0
0.6249999999999029 0.7250000000003719 0
0.5750000000008926 -0.2000000000020438 0
0.5750000000008928 -0.2250000000015948 0
0.6000000000008596 -0.225000000001591 0
0.550000000000926 -0.2250000000015985 0
0.575000000000893 -0.2500000000011457 0
0.5250000000009589 -0.2000000000020513 0
0.6000000000008601 -0.2750000000006929 0
-0.07500000000256042 -0.9750000000000694 0
-0.1000000000024964 -0.9750000000000694 0
-0.05000000000262438 -0.9750000000000694 0
-0.07500000000256041 -0.9500000000001386 0
-0.0250000000026883 -0.9750000000000694 0
-0.07500000000256042 -0.9250000000002079 0
-0.1000000000024965 -0.9250000000002079 0
-0.3750000000010288 0.3499999999999426 0
-0.3750000000010498 0.3249999999999617 0
-0.3500000000010989 0.3250000000000579 0
0.1249999999980364 -0.7000000000004103 0
0.1249999999981186 -0.6750000000004481 0
0.1499999999981463 -0.6750000000003885 0
0.1249999999982009 -0.6500000000004857 0
0.1749999999980918 -0.7000000000002913 0
0.174999999998174 -0.675000000000329 0
0.1249999999982831 -0.6250000000005236 0
-0.02499999999785872 0.7000000000004908 0
-0.02499999999789265 0.6750000000005241 0
2.107095334853637e-12 0.6750000000006158 0
-0.0499999999978924 0.6750000000004324 0
-0.02499999999792658 0.6500000000005575 0
-0.07499999999785822 0.7000000000003074 0
-0.07499999999789214 0.6750000000003407 0
-0.02499999999796051 0.6250000000005907 0
2.039236421920376e-12 0.6250000000006825 0
-0.04999999999818997 0.4250000000007588 0
-0.07499999999815019 0.4500000000006412 0
-0.0749999999981544 0.4250000000006717 0
0.5750000000008605 -0.17500000000208 0
0.5750000000008284 -0.1500000000021163 0
0.5500000000008937 -0.1750000000020838 0
0.250000000000012 0.2750000000012507 0
0.2250000000000444 0.2750000000012738 0
0.2250000000001395 0.2500000000013068 0
-0.7000000000003606 -0.02499999999773323 0
-0.6750000000004193 -0.02499999999774691 0
-0.6750000000004701 2.259244007152272e-12 0
-0.6750000000003683 -0.04999999999775306 0
-0.6500000000004778 -0.02499999999776058 0
-0.7000000000002589 -0.07499999999774554 0
-0.6750000000003175 -0.07499999999775922 0
-0.6250000000005365 -0.02499999999777425 0
-0.6250000000005873 2.231896091553498e-12 0
-0.150000000002092 -0.6750000000007654 0
-0.1250000000021631 -0.6750000000007881 0
-0.1250000000021382 -0.6500000000008344 0
-0.6250000000007362 0.3500000000008362 0
-0.6500000000006885 0.3250000000012387 0
-0.6250000000007385 0.3250000000010085 0
0.5750000000008795 -0.4499999999999806 0
0.5750000000009203 -0.4250000000000296 0
0.5500000000009531 -0.4250000000000133 0
-0.5250000000008623 0.3500000000000844 0
-0.5500000000008377 0.325000000000385 0
-0.5250000000008601 0.3250000000001197 0
-0.3000000000018842 -0.8250000000004193 0
-0.2750000000019662 -0.8500000000003655 0
-0.2750000000019501 -0.8250000000004158 0
-0.2750000000019823 -0.8750000000003151 0
-0.2500000000020482 -0.8750000000003116 0
-0.3000000000019165 -0.8750000000003185 0
-0.2750000000019985 -0.9000000000002647 0
-0.2250000000021302 -0.9000000000002577 0
-0.225000000002114 -0.8750000000003082 0
0.4250000000010403 -0.1500000000021176 0
0.4500000000009782 -0.1250000000021519 0
0.4250000000010131 -0.1250000000021525 0
0.02500000000169566 0.450000000000943 0
0.02500000000172433 0.4750000000009166 0
0.02500000000166699 0.4250000000009694 0
0.05000000000157066 0.4250000000010017 0
0.02500000000163833 0.4000000000009958 0
0.07500000000144566 0.4000000000010604 0
0.07500000000147432 0.425000000001034 0
-0.37500000000039 -0.2250000000010625 0
-0.3750000000003157 -0.2500000000011443 0
-0.350000000000435 -0.2250000000012271 0
0.07500000000109422 0.325000000001172 0
0.05000000000130875 0.3250000000011716 0
0.02500000000152224 0.350000000001102 0
0.02500000000152328 0.3250000000011712 0
0.02500000000152119 0.375000000001033 0
-0.600000000000572 -0.02499999999780081 0
-0.5750000000006161 -0.02499999999783991 0
-0.5750000000006901 2.179120699550995e-12 0
-0.5750000000005422 -0.04999999999785895 0
-0.5500000000006603 -0.02499999999787902 0
-0.6000000000004241 -0.07499999999783888 0
-0.5250000000007784 2.100917831144764e-12 0
-0.02499999999798257 0.6000000000006345 0
-0.02499999999802156 0.57500000000067 0
1.9663136033431e-12 0.5750000000007512 0
-0.04999999999800944 0.5750000000005887 0
-0.02499999999806056 0.5500000000007055 0
-0.07499999999795831 0.6000000000004719 0
1.888326879121808e-12 0.5250000000008224 0
-0.2750000000011584 0.350000000000169 0
-0.2750000000011998 0.3250000000002343 0
-0.2500000000012231 0.3250000000002645 0
0.3250000000011619 -0.1500000000017678 0
0.3500000000011056 -0.1250000000019422 0
0.3250000000011342 -0.1250000000018707 0
0.04089558560889728 0.2272234195337499 0
0.01969804125254971 0.2517741744967073 0
0.01819853814701299 0.2280991039551321 0
-0.5000000000004239 -0.1249999999984491 0
-0.4750000000004688 -0.12499999999845 0
-0.475000000000518 -0.0999999999984926 0
-0.4750000000004196 -0.1499999999984074 0
-0.4500000000005137 -0.1249999999984509 0
-0.5000000000003255 -0.1749999999983639 0
-0.4250000000006078 -0.09999999999849432 0
-0.7250000000004602 0.5500000000004845 0
-0.7500000000004211 0.5250000000007959 0
-0.7250000000004583 0.5250000000006145 0
-0.9750000000000694 0.2750000000020111 0
-0.9500000000001283 0.2750000000020007 0
-0.9750000000000589 0.3000000000019314 0
-0.9250000000001976 0.25000000000207 0
-0.9250000000001872 0.2750000000019903 0
-0.9250000000002079 0.2250000000021498 0
-0.9250000000001768 0.3000000000019105 0
-0.2500000000017267 -0.6250000000007905 0
-0.2250000000018464 -0.6500000000007535 0
-0.2250000000018379 -0.6250000000007963 0
-0.6750000000008869 -0.9000000000002628 0
-0.67500000000085 -0.8750000000002953 0
-0.650000000000905 -0.8750000000002808 0
-0.6750000000008133 -0.8500000000003278 0
-0.6250000000009965 -0.9000000000002337 0
-0.6250000000009597 -0.8750000000002662 0
-0.6750000000007765 -0.8250000000003603 0
-0.7250000000005377 0.3750000000013293 0
-0.7250000000005417 0.3500000000015115 0
-0.7500000000005047 0.3250000000016982 0
-0.7250000000005458 0.3250000000016936 0
-0.7750000000004635 0.3250000000017026 0
0.1750000000022885 0.9750000000000694 0
0.1750000000022821 0.9500000000001323 0
0.2000000000022127 0.9750000000000629 0
0.1500000000023514 0.9250000000002014 0
0.1750000000022756 0.9250000000001951 0
0.1250000000024272 0.9250000000002079 0
0.1250000000024207 0.9000000000002708 0
0.1750000000022692 0.9000000000002579 0
0.2000000000021999 0.9250000000001888 0
0.07500000000170004 0.5000000000009496 0
0.07500000000162481 0.4750000000009778 0
0.05000000000167457 0.4750000000009472 0
0.07500000000154956 0.4500000000010058 0
0.02500000000179957 0.5000000000008884 0
-0.07500000000217391 -0.6000000000009361 0
-0.07500000000205399 -0.5750000000009656 0
-0.05000000000206831 -0.5750000000009522 0
-0.07500000000193408 -0.5500000000009951 0
-0.02500000000220256 -0.6000000000009091 0
0.4250000000011351 -0.3500000000008257 0
0.4000000000011839 -0.3750000000003723 0
0.4500000000010864 -0.3250000000012791 0
0.4250000000011263 -0.3250000000010941 0
0.4000000000011662 -0.3250000000009091 0
-0.2750000000013549 0.2500000000005159 0
-0.2750000000014042 0.2250000000006938 0
-0.2500000000014428 0.2250000000005846 0
0.3500000000017437 0.8250000000004204 0
0.3250000000018268 0.8500000000003665 0
0.3250000000018166 0.8250000000004166 0
-0.1750000000016773 0.1500000000008255 0
-0.1750000000017116 0.1250000000009772 0
-0.1500000000017511 0.125000000000955 0
-0.8250000000004183 0.3750000000017488 0
-0.8250000000004051 0.3500000000017965 0
-0.8000000000004659 0.3750000000017462 0
-0.8500000000003443 0.3250000000018469 0
-0.825000000000392 0.3250000000018443 0
-0.8750000000002965 0.3250000000018496 0
-0.8000000000004397 0.3250000000018416 0
0.350000000001119 0.5750000000008236 0
0.3250000000011559 0.5750000000008324 0
0.3250000000011509 0.5500000000008642 0
0.6750000000005445 -0.07500000000220354 0
0.6750000000004738 -0.05000000000223984 0
0.6500000000005831 -0.07500000000220945 0
0.6750000000004031 -0.02500000000227613 0
0.6250000000006217 -0.07500000000221538 0
0.325000000001296 -0.375000000000591 0
0.3250000000012828 -0.3500000000006283 0
0.3500000000012366 -0.3250000000008237 0
0.3250000000012697 -0.3250000000006656 0
0.3750000000012035 -0.3250000000009819 0
0.2250000000013953 -0.2750000000010551 0
0.2250000000013904 -0.2500000000010935 0
0.2500000000013406 -0.2250000000012386 0
0.2250000000013855 -0.2250000000011317 0
0.2750000000012957 -0.2250000000013454 0
0.8000000000003553 -0.07500000000223724 0
0.7750000000003968 -0.0750000000022232 0
0.7750000000003415 -0.05000000000224296 0
0.7500000000004383 -0.07500000000220916 0
0.8000000000002447 -0.02500000000227675 0
-0.5250000000003316 -0.1499999999983582 0
-0.5500000000002393 -0.1749999999982673 0
-0.5250000000002824 -0.1749999999983156 0
0.6750000000008867 0.9000000000002626 0
0.6750000000008494 0.8750000000002947 0
0.650000000000904 0.8750000000002799 0
0.6750000000008123 0.8500000000003269 0
0.6250000000009956 0.9000000000002328 0
0.6250000000009586 0.8750000000002651 0
0.675000000000775 0.825000000000359 0
-0.05000000000143842 -0.4250000000012388 0
-0.02500000000152971 -0.4500000000011702 0
-0.02500000000148371 -0.4250000000012337 0
-1.620994880982948e-12 -0.4750000000011017 0
-1.528989856352287e-12 -0.4250000000012286 0
0.0750000000013285 0.3750000000010976 0
0.05000000000142485 0.3750000000010653 0
0.07500000000121138 0.3500000000011347 0
0.525000000000688 -0.05000000000220362 0
0.5500000000005747 -0.0250000000022276 0
0.5250000000006083 -0.02500000000219748 0
0.9250000000002081 -0.575000000001179 0
0.9250000000002002 -0.5500000000012406 0
0.9000000000002695 -0.5750000000011712 0
0.950000000000131 -0.5250000000013099 0
0.9250000000001923 -0.525000000001302 0
0.9750000000000694 -0.5250000000013177 0
0.9000000000002539 -0.5250000000012942 0
-0.7750000000004849 0.07500000000210173 0
-0.77500000000041 0.05000000000216361 0
-0.750000000000546 0.0750000000021025 0
-0.8250000000003865 0.5750000000012023 0
-0.8250000000003619 0.5500000000012343 0
-0.8500000000003054 0.5250000000012757 0
-0.8250000000003375 0.5250000000012662 0
-0.8750000000002733 0.5250000000012851 0
-0.7750000000005112 0.250000000001997 0
-0.7750000000005282 0.225000000002054 0
-0.750000000000579 0.2250000000020478 0
-0.4000000000009098 -0.0249999999986299 0
-0.3750000000009533 -0.02499999999863094 0
-0.3750000000010391 1.324150858406092e-12 0
-0.3750000000008676 -0.04999999999858604 0
-0.3500000000009968 -0.02499999999863199 0
-0.4000000000007384 -0.07499999999854008 0
-0.3250000000011261 1.322058781894064e-12 0
-0.4750000000014564 -0.9000000000002774 0
-0.4750000000014626 -0.8750000000003223 0
-0.450000000001532 -0.8750000000003223 0
-0.4750000000014689 -0.8500000000003672 0
-0.4250000000015951 -0.9000000000002774 0
-0.4250000000016013 -0.8750000000003223 0
-0.4750000000014751 -0.8250000000004122 0
0.9750000000000694 -0.3750000000017337 0
0.9750000000000694 -0.3500000000018031 0
0.9500000000001387 -0.3750000000017337 0
0.9750000000000694 -0.3250000000018725 0
0.9250000000002081 -0.3750000000017337 0
0.5750000000005965 -0.6499999999997432 0
0.5750000000006887 -0.6249999999997695 0
0.5500000000006994 -0.6249999999998002 0
0.07500000000173904 0.5250000000009141 0
0.05000000000178881 0.5250000000008834 0
0.02500000000187756 0.5500000000008174 0
0.02500000000183857 0.5250000000008529 0
0.02500000000191655 0.5750000000007818 0
-0.25000000000201 -0.8250000000004173 0
-0.225000000002092 -0.8500000000003635 0
-0.2250000000020699 -0.8250000000004187 0
-0.8750000000001537 0.8500000000001998 0
-0.875000000000218 0.8250000000003104 0
-0.8500000000002229 0.8250000000001767 0
-0.3250000000013096 0.05000000000123507 0
-0.3000000000014448 0.07500000000119053 0
-0.3500000000011744 0.02500000000127961 0
-0.3250000000012179 0.02500000000127857 0
-0.3000000000012614 0.02500000000127752 0
-0.9750000000000694 0.4000000000016644 0
-0.9500000000001236 0.4250000000015799 0
-0.925000000000193 0.4250000000015799 0
-0.9250000000001778 0.4500000000014954 0
-0.9250000000002081 0.4000000000016644 0
-0.9000000000002624 0.4250000000015799 0
-0.9000000000002319 0.475000000001411 0
0.1249999999985439 -0.4000000000009106 0
0.1249999999986517 -0.3750000000009558 0
0.09999999999852237 -0.3750000000010127 0
0.149999999998781 -0.3750000000008989 0
0.1249999999987595 -0.3500000000010011 0
0.1749999999988025 -0.4000000000007969 0
0.09999999999873806 -0.3250000000011031 0
-0.04999999999794839 0.6250000000005095 0
-0.07499999999791421 0.6500000000003845 0
-0.07499999999793626 0.6250000000004282 0
0.02499999999833473 -0.5000000000009786 0
0.02499999999838073 -0.4750000000010421 0
0.04999999999838246 -0.4750000000009825 0
0.02499999999842674 -0.4500000000011056 0
0.07499999999833817 -0.5000000000008595 0
-0.3500000000000293 -0.3750000000011551 0
-0.325000000000069 -0.3750000000011741 0
-0.3250000000001164 -0.3500000000012135 0
0.6250000000005459 -0.05000000000223956 0
0.6500000000004366 -0.02500000000226994 0
0.6250000000004701 -0.02500000000226374 0
0.3500000000012586 -0.3750000000005181 0
0.3750000000012212 -0.3750000000004452 0
0.3750000000012124 -0.3500000000007136 0
0.04999999999860785 -0.3250000000012604 0
0.02499999999865059 -0.3000000000013843 0
0.0749999999985651 -0.3500000000011366 0
0.07499999999867296 -0.3250000000011818 0
0.07499999999878079 -0.300000000001227 0
-0.1750000000022885 -0.9750000000000694 0
-0.1750000000022827 -0.950000000000133 0
-0.2000000000022134 -0.9750000000000636 0
-0.150000000002352 -0.9250000000002021 0
-0.1750000000022769 -0.9250000000001964 0
-0.1250000000024272 -0.9250000000002079 0
-0.2000000000022018 -0.9250000000001908 0
-0.150000000000666 -0.1750000000016423 0
-0.1250000000008718 -0.175000000001675 0
-0.125000000000709 -0.1500000000017179 0
-0.1000000000010775 -0.1750000000017078 0
-0.1000000000007519 -0.1250000000017936 0
0.149999999998502 -0.4250000000008161 0
0.1749999999984601 -0.4500000000007215 0
0.1749999999986313 -0.4250000000007592 0
-0.3750000000017315 -0.900000000000275 0
-0.3750000000017067 -0.8750000000003179 0
-0.4000000000016397 -0.8750000000003202 0
-0.3500000000017738 -0.8750000000003155 0
-0.375000000001682 -0.8500000000003607 0
-0.3250000000018656 -0.9000000000002705 0
-0.3250000000018408 -0.8750000000003133 0
-0.3750000000016572 -0.8250000000004034 0
-0.4000000000015902 -0.8250000000004057 0
-0.3750000000011767 0.2500000000001983 0
-0.3750000000012335 0.225000000000238 0
-0.3500000000012751 0.2250000000004723 0
-0.3750000000012903 0.2000000000002778 0
-0.3250000000013734 0.2000000000007464 0
-0.07500000000079478 -0.125000000001786 0
-0.05000000000083636 -0.1250000000017771 0
-0.02500000000104206 -0.1500000000017266 0
-0.02500000000087793 -0.1250000000017682 0
-0.02500000000120619 -0.1750000000016851 0
-0.05000000000132675 -0.2250000000016068 0
-0.07500000000128319 -0.2000000000016573 0
-0.02500000000137031 -0.2500000000015563 0
-0.02500000000136965 -0.2250000000015993 0
-1.413860348242757e-12 -0.2750000000015059 0
-1.41255236674187e-12 -0.2250000000015917 0
-0.025000000001369 -0.2000000000016421 0
0.9000000000002766 -0.2750000000020102 0
0.875000000000336 -0.2750000000020064 0
0.8750000000003357 -0.3000000000019368 0
0.8750000000003362 -0.2500000000020761 0
0.8500000000003953 -0.2750000000020026 0
0.900000000000277 -0.2250000000021495 0
0.8750000000003364 -0.2250000000021457 0
0.8250000000004549 -0.2750000000019988 0
0.8250000000004546 -0.3000000000019291 0
-0.575000000001179 -0.9750000000000694 0
-0.5750000000011644 -0.9500000000001241 0
-0.600000000001095 -0.9750000000000547 0
-0.5500000000012337 -0.9250000000001934 0
-0.5750000000011498 -0.9250000000001788 0
-0.5250000000013177 -0.9250000000002081 0
-0.6000000000010659 -0.9250000000001644 0
-0.1750000000014119 -0.3500000000013103 0
-0.2000000000013674 -0.3750000000012355 0
-0.1500000000014564 -0.3250000000013851 0
-0.1750000000014124 -0.3250000000013543 0
-0.2000000000013684 -0.3250000000013235 0
0.9250000000002078 -0.3500000000018028 0
0.9000000000002771 -0.3750000000017334 0
0.9500000000001384 -0.3250000000018721 0
0.9250000000002074 -0.3250000000018718 0
0.975000000000069 -0.3000000000019415 0
0.9250000000002072 -0.3000000000019409 0
0.9000000000002766 -0.3250000000018716 0
0.02499999999865125 -0.2750000000014272 0
0.04999999999871635 -0.2750000000013486 0
0.0249999999986519 -0.2500000000014701 0
-0.5250000000010393 0.07500000000209556 0
-0.5250000000009524 0.05000000000209734 0
-0.5000000000010835 0.07500000000205645 0
-0.5500000000008212 0.02500000000213823 0
-0.5250000000008654 0.02500000000209913 0
-0.5750000000007771 0.02500000000217734 0
-0.5000000000009095 0.02500000000206003 0
-0.2750000000014872 0.07500000000119157 0
-0.2750000000013955 0.05000000000123507 0
-0.2500000000015297 0.07500000000119261 0
-0.05000000000225344 -0.6250000000008832 0
-0.02500000000233297 -0.6500000000008302 0
-0.02500000000226776 -0.6250000000008697 0
-0.6250000000004625 -0.04999999999779329 0
-0.650000000000353 -0.07499999999778577 0
-0.6250000000003886 -0.07499999999781232 0
-0.1499999999978097 0.8249999999999219 0
-0.1749999999977907 0.8499999999998362 0
-0.1749999999977924 0.8249999999998536 0
0.1499999999980713 -0.7250000000003127 0
0.1749999999981063 -0.7500000000002152 0
0.1749999999980991 -0.7250000000002532 0
-0.3750000000013206 0.1750000000003194 0
-0.3500000000013622 0.1750000000005537 0
-0.3250000000014341 0.1500000000008296 0
-0.3250000000014038 0.175000000000788 0
-0.3250000000014646 0.1250000000008711 0
0.825000000000442 -0.5750000000011833 0
0.8250000000004287 -0.5500000000012353 0
0.8500000000003634 -0.5250000000012929 0
0.8250000000004154 -0.5250000000012873 0
0.8750000000003114 -0.5250000000012983 0
0.04999999999833589 -0.5250000000008743 0
0.07499999999833706 -0.5500000000007699 0
0.07499999999833762 -0.5250000000008147 0
0.09999999999833822 -0.5750000000006656 0
0.09999999999833933 -0.5250000000007551 0
0.7250000000001249 0.04999999999767023 0
0.7500000000000172 0.07499999999764032 0
0.7250000000000637 0.07499999999767688 0
0.07500000000190703 0.6000000000008147 0
0.07500000000185103 0.5750000000008477 0
0.05000000000188379 0.5750000000008149 0
0.07500000000179503 0.5500000000008809 0
0.02500000000197255 0.6000000000007487 0
0.02499999999748953 -0.8000000000004374 0
0.02499999999749543 -0.7750000000004987 0
-2.495394609224762e-12 -0.7750000000005539 0
0.04999999999748626 -0.7750000000004436 0
0.02499999999750133 -0.75000000000056 0
0.07499999999747119 -0.8000000000003269 0
-2.483597270970767e-12 -0.7250000000006767 0
-0.4250000000007793 -0.04999999999858412 0
-0.4500000000006487 -0.07499999999853836 0
-0.4250000000006935 -0.07499999999853922 0
0.575000000001179 0.9750000000000694 0
0.5750000000011641 0.9500000000001239 0
0.6000000000010948 0.9750000000000545 0
0.5500000000012335 0.9250000000001932 0
0.5750000000011493 0.9250000000001783 0
0.5250000000013177 0.9250000000002081 0
0.600000000001065 0.9250000000001635 0
0.2750000000013175 -0.2750000000008725 0
0.2750000000013066 -0.2500000000011089 0
0.2500000000013564 -0.2750000000009638 0
0.0750000000025631 0.9000000000002746 0
0.07500000000256701 0.8750000000003373 0
0.1000000000025004 0.87500000000034 0
0.05000000000263363 0.8750000000003346 0
0.07500000000257093 0.8500000000004 0
0.02500000000269634 0.9000000000002693 0
0.02500000000270025 0.875000000000332 0
0.07500000000257484 0.8250000000004627 0
0.1000000000025082 0.8250000000004654 0
0.02500000000269098 0.950000000000136 0
0.02500000000269366 0.9250000000002025 0
0.05000000000262704 0.9250000000002052 0
-0.02500000000245934 -0.8500000000003642 0
-0.02500000000246944 -0.8750000000002962 0
-0.02500000000244925 -0.8250000000004323 0
-0.05000000000238712 -0.8250000000004403 0
-0.02500000000243916 -0.8000000000005004 0
-0.0750000000023149 -0.8000000000005162 0
-0.07500000000232498 -0.825000000000448 0
-0.07500000000112039 -0.1750000000017002 0
-0.05000000000116329 -0.1750000000016926 0
-0.07500000000095759 -0.1500000000017431 0
0.6250000000007359 -0.5499999999999202 0
0.6500000000007027 -0.5250000000000417 0
0.6250000000007345 -0.5249999999999536 0
-0.4750000000011305 0.07500000000205743 0
-0.4750000000010435 0.05000000000205922 0
-0.4500000000011774 0.07500000000205842 0
0.9250000000002079 -0.1750000000022884 0
0.9250000000002028 -0.150000000002349 0
0.9000000000002721 -0.1750000000022797 0
0.9500000000001335 -0.1250000000024183 0
0.9250000000001977 -0.1250000000024095 0
0.9750000000000694 -0.1250000000024271 0
0.9000000000002619 -0.1250000000024007 0
-0.9250000000002079 0.1750000000022884 0
-0.9250000000001978 0.1500000000023406 0
-0.9500000000001285 0.1250000000024099 0
-0.9250000000001877 0.1250000000023927 0
-0.9750000000000694 0.1250000000024271 0
0.124999999998294 -0.6000000000005739 0
0.1249999999982945 -0.5750000000006186 0
0.1499999999982508 -0.5750000000005716 0
0.1249999999982951 -0.5500000000006634 0
0.1749999999982066 -0.6000000000004798 0
-0.600000000000888 0.07500000000208995 0
-0.5750000000009385 0.07500000000209182 0
-0.5750000000010191 0.1000000000020491 0
-0.5750000000008577 0.05000000000213458 0
-0.5500000000009889 0.0750000000020937 0
-0.6000000000007266 0.02500000000217547 0
-0.52500000000112 0.1000000000020528 0
0.1499999999982394 -0.6250000000004765 0
0.1749999999981849 -0.6500000000003793 0
0.1749999999981957 -0.6250000000004295 0
0.9750000000000694 -0.2500000000020805 0
0.9750000000000694 -0.2750000000020111 0
0.9750000000000694 -0.2250000000021499 0
0.9500000000001386 -0.2250000000021498 0
0.9750000000000694 -0.2000000000022192 0
0.9250000000002079 -0.2000000000022191 0
0.9250000000002079 -0.2250000000021498 0
0.9750000000000694 -0.1750000000022885 0
0.9750000000000694 -0.1500000000023578 0
0.9500000000001386 -0.1750000000022885 0
-0.04999999999785545 0.7250000000003641 0
-0.07499999999785219 0.7500000000002375 0
-0.0749999999978552 0.7250000000002724 0
0.05000000000197372 0.6250000000007484 0
0.02500000000204041 0.6500000000006821 0
0.02500000000200648 0.6250000000007154 0
-0.3250000000018247 -0.8500000000003636 0
-0.3250000000018086 -0.8250000000004141 0
-0.3500000000017329 -0.8250000000004087 0
0.85000000000015 -0.02500000000237675 0
0.8250000000001974 -0.02500000000232675 0
0.8250000000002526 -0.05000000000230699 0
0.6250000000008729 -0.3750000000004566 0
0.6250000000008558 -0.3500000000004939 0
0.6500000000007999 -0.3250000000008558 0
0.6250000000008387 -0.3250000000005312 0
0.6750000000007612 -0.3250000000011805 0
-0.2500000000019086 -0.7250000000006294 0
-0.2250000000019916 -0.7500000000005772 0
-0.2250000000019583 -0.7250000000006268 0
0.9500000000001383 -0.2750000000020109 0
0.9250000000002077 -0.2500000000020802 0
0.9250000000002074 -0.2750000000020105 0
-0.72500000000027 -0.04999999999771571 0
-0.7500000000001794 -0.07499999999769817 0
-0.725000000000219 -0.07499999999772186 0
-0.6250000000008294 0.07500000000210363 0
-0.6250000000007487 0.05000000000214638 0
-0.6500000000006094 0.02500000000220282 0
-0.625000000000668 0.02500000000218914 0
-0.6750000000005508 0.02500000000221649 0
-0.6750000000007166 0.07500000000210111 0
-0.6750000000006338 0.05000000000215879 0
-0.6500000000007731 0.07500000000210237 0
0.2750000000019949 0.9250000000001968 0
0.2500000000020632 0.9250000000001941 0
0.225000000002138 0.9500000000001285 0
0.2250000000021316 0.9250000000001914 0
0.2250000000021444 0.9750000000000656 0
-0.07500000000250778 -0.900000000000263 0
-0.07500000000244685 -0.8750000000003246 0
-0.05000000000245814 -0.8750000000003104 0
-0.07500000000238591 -0.8500000000003864 0
-0.02500000000253037 -0.9000000000002344 0
-0.2750000000020043 -0.9250000000002011 0
-0.2500000000020701 -0.9250000000001977 0
-0.2250000000021418 -0.9500000000001306 0
-0.225000000002136 -0.9250000000001942 0
-0.2250000000021475 -0.975000000000067 0
-0.5750000000009701 0.1750000000018948 0
-0.5500000000010166 0.1750000000019014 0
-0.5250000000010834 0.1500000000019547 0
-0.5250000000010633 0.1750000000019081 0
-0.5250000000011036 0.1250000000020014 0
-0.6749999999998124 0.6499999999996492 0
-0.675000000000162 0.6249999999997864 0
-0.6500000000001727 0.624999999999667 0
0.1750000000022731 0.8750000000003206 0
0.1750000000022931 0.8500000000003803 0
0.2000000000022134 0.8750000000003113 0
0.1500000000023728 0.8250000000004495 0
0.1750000000023131 0.82500000000044 0
0.1250000000024324 0.8250000000004589 0
0.2000000000022535 0.8250000000004305 0
-0.02500000000263566 -0.9500000000001243 0
-0.02500000000258302 -0.9250000000001795 0
-0.05000000000257172 -0.9250000000001937 0
0.700000000000689 -0.3750000000010614 0
0.6750000000007502 -0.3750000000008598 0
0.6750000000007557 -0.3500000000010201 0
0.6500000000008115 -0.3750000000006582 0
0.7000000000006998 -0.325000000001382 0
0.6500000000007857 -0.2250000000015617 0
0.6250000000008227 -0.2250000000015764 0
0.6250000000008229 -0.2500000000011273 0
0.4750000000014564 0.9000000000002774 0
0.4750000000014602 0.8750000000003237 0
0.4500000000015295 0.8750000000003237 0
0.475000000001464 0.8500000000003701 0
0.4250000000015951 0.9000000000002774 0
0.4250000000015989 0.8750000000003237 0
0.4750000000014677 0.8250000000004165 0
0.7250000000005936 -0.5500000000002754 0
0.7500000000005469 -0.5250000000006693 0
0.7250000000005927 -0.5250000000003986 0
0.6500000000008033 0.8250000000003403 0
0.6250000000008951 0.8500000000002934 0
0.6250000000008316 0.8250000000003217 0
-0.5750000000009864 0.1500000000019462 0
-0.5750000000010028 0.1250000000019977 0
-0.5500000000010532 0.1250000000019995 0
-0.2500000000007147 -0.3750000000012165 0
-0.225000000001041 -0.375000000001226 0
-0.2250000000010415 -0.35000000000127 0
-0.9750000000000694 0.6750000000009015 0
-0.9500000000001189 0.6750000000008817 0
-0.9750000000000495 0.7000000000008123 0
-0.9250000000001882 0.650000000000951 0
-0.9250000000001684 0.6750000000008618 0
-0.9250000000002081 0.6250000000010403 0
-0.9000000000002575 0.6250000000010204 0
-0.900000000000218 0.675000000000842 0
-0.9250000000001486 0.7000000000007727 0
0.7250000000006411 -0.3750000000011571 0
0.7250000000006466 -0.3500000000013174 0
0.7500000000006042 -0.3250000000015735 0
0.725000000000652 -0.3250000000014778 0
0.7750000000005564 -0.3250000000016692 0
-0.3750000000013755 0.1250000000013269 0
-0.35000000000142 0.125000000001099 0
-0.375000000001348 0.1500000000008231 0
-0.6500000000008057 -0.8250000000003426 0
-0.6250000000008973 -0.8500000000002954 0
-0.6250000000008349 -0.8250000000003246 0
-0.9250000000002081 0.3750000000017337 0
-0.9250000000001977 0.3500000000017927 0
-0.900000000000267 0.3750000000017233 0
-0.9500000000001283 0.325000000001862 0
-0.9250000000001872 0.3250000000018516 0
-0.9750000000000694 0.3250000000018725 0
-0.9000000000002462 0.3250000000018411 0
0.6750000000006093 -0.6499999999996933 0
0.6750000000006414 -0.6249999999997267 0
0.6500000000006738 -0.6249999999997284 0
-0.07500000000231964 -0.7250000000006966 0
-0.05000000000237429 -0.72500000000069 0
-0.02500000000243484 -0.7500000000006219 0
-0.02500000000242894 -0.7250000000006833 0
-0.02500000000244074 -0.7750000000005606 0
0.2250000000021349 0.8500000000003641 0
0.2250000000021549 0.8250000000004238 0
0.2500000000020564 0.825000000000417 0
-0.8250000000000453 -0.04999999999764951 0
-0.8499999999999288 -0.07499999999759974 0
-0.8250000000000076 -0.0749999999976354 0
-0.8750000000003174 0.3750000000017318 0
-0.8750000000003278 0.4000000000016729 0
-0.875000000000307 0.3500000000017907 0
-0.8500000000003678 0.3750000000017403 0
-0.8250000000004287 0.4000000000016899 0
0.1250000000024246 0.8750000000003335 0
0.1250000000024286 0.8500000000003962 0
0.1500000000023489 0.8750000000003271 0
0.1500000000023578 0.9750000000000694 0
0.1250000000024271 0.9750000000000694 0
0.1250000000024271 0.9500000000001386 0
0.4250000000015797 0.8500000000003739 0
0.4250000000015605 0.8250000000004241 0
0.4500000000015141 0.8250000000004203 0
-0.1500000000023578 -0.9750000000000694 0
-0.1250000000024271 -0.9750000000000694 0
-0.1250000000024271 -0.9500000000001386 0
-0.4250000000015766 -0.8500000000003651 0
-0.4250000000015518 -0.8250000000004079 0
-0.4500000000015134 -0.8250000000004101 0
-0.6750000000009015 -0.9250000000002081 0
-0.6500000000009563 -0.9250000000001934 0
-0.6250000000010256 -0.9500000000001241 0
-0.6250000000010111 -0.9250000000001789 0
-0.6250000000010403 -0.9750000000000694 0
0.8750000000003453 -0.3750000000017343 0
0.8750000000003456 -0.4000000000016652 0
0.8750000000003449 -0.3500000000018034 0
0.8500000000004134 -0.3750000000017352 0
0.8750000000003446 -0.3250000000018725 0
0.8250000000004816 -0.3750000000017362 0
0.8250000000004819 -0.400000000001667 0
-0.9250000000002081 0.575000000001179 0
-0.9250000000001929 0.5500000000012333 0
-0.9000000000002621 0.5750000000011639 0
-0.9500000000001236 0.5250000000013025 0
-0.9250000000001777 0.5250000000012873 0
-0.9750000000000694 0.5250000000013177 0
-0.9000000000002319 0.5250000000012722 0
0.6750000000009015 0.9250000000002081 0
0.650000000000956 0.9250000000001932 0
0.6250000000010254 0.9500000000001239 0
0.6250000000010105 0.9250000000001783 0
0.6250000000010403 0.9750000000000694 0
0.8250000000004726 -0.3500000000018005 0
0.8000000000005411 -0.3750000000017323 0
0.8500000000004041 -0.3250000000018686 0
0.8250000000004636 -0.3250000000018648 0
0.8000000000005231 -0.325000000001861 0
0.04999999999742678 -0.8250000000003143 0
0.07499999999736402 -0.8500000000001912 0
0.0749999999974176 -0.8250000000002591 0
-0.2750000000020089 -0.975000000000067 0
-0.3000000000019395 -0.975000000000067 0
-0.2500000000020782 -0.975000000000067 0
-0.2750000000020065 -0.9500000000001341 0
-0.3000000000019349 -0.9250000000002011 0
-0.7750000000004899 0.3750000000016072 0
-0.7750000000004766 0.3500000000016549 0
-0.7500000000005138 0.3750000000014683 0
0.2750000000020058 0.9750000000000656 0
0.3000000000019364 0.9750000000000656 0
0.2500000000020751 0.9750000000000656 0
0.2750000000020003 0.9500000000001312 0
0.3000000000019256 0.9250000000001968 0
-0.9750000000000694 0.2500000000020805 0
-0.9750000000000694 0.2250000000021499 0
-0.9500000000001386 0.2250000000021498 0
-0.9750000000000694 0.2000000000022192 0
-0.9250000000002079 0.2000000000022191 0
-0.9750000000000694 0.1750000000022885 0
-0.9750000000000694 0.1500000000023578 0
-0.9500000000001386 0.1750000000022885 0
-0.07500000000231648 -0.7750000000005763 0
-0.05000000000237861 -0.7750000000005685 0
-0.07500000000231806 -0.7500000000006365 0
0.8249999999999938 0.04999999999762378 0
0.8499999999998799 0.07499999999757648 0
0.8249999999999122 0.07499999999759137 0
0.7750000000005743 -0.3750000000015405 0
0.7750000000005655 -0.3500000000016049 0
0.7500000000006077 -0.3750000000013488 0
0.8750000000003271 -0.5750000000011752 0
0.8750000000003348 -0.6000000000011136 0
0.8750000000003192 -0.5500000000012368 0
0.8500000000003844 -0.5750000000011792 0
0.8250000000004498 -0.6000000000011219 0
-0.9250000000002081 0.7750000000006241 0
-0.9250000000001882 0.7500000000006736 0
-0.9500000000001189 0.7250000000007429 0
-0.9250000000001684 0.7250000000007231 0
-0.9750000000000694 0.7250000000007628 0
0.9750000000000694 -0.575000000001179 0
0.9750000000000694 -0.6000000000011096 0
0.9750000000000694 -0.5500000000012484 0
0.9500000000001387 -0.575000000001179 0
0.9250000000002081 -0.6000000000011096 0
-0.8750000000002975 0.450000000001504 0
-0.8750000000003126 0.4250000000015884 0
-0.8500000000003631 0.4250000000015969 0
-0.3750000000017337 -0.9750000000000694 0
-0.4000000000016644 -0.9750000000000694 0
-0.3500000000018031 -0.9750000000000694 0
-0.3750000000017337 -0.9500000000001387 0
-0.3250000000018725 -0.9750000000000694 0
-0.3750000000017337 -0.9250000000002081 0
-0.4000000000016644 -0.9250000000002081 0
-0.4500000000015257 -0.9750000000000694 0
-0.4750000000014564 -0.9750000000000694 0
-0.425000000001595 -0.9750000000000694 0
-0.425000000001595 -0.9500000000001387 0
-0.4250000000015951 -0.9250000000002081 0
0.87500000000033 -0.450000000001511 0
0.8750000000003377 -0.4250000000015881 0
0.850000000000406 -0.425000000001589 0
0.050000000002637 0.8250000000004595 0
0.0750000000025743 0.8000000000005248 0
0.02500000000269971 0.8500000000003941 0
0.02500000000269916 0.8250000000004563 0
0.02500000000269862 0.8000000000005184 0
0.3750000000017337 0.9750000000000694 0
0.4000000000016644 0.9750000000000694 0
0.3500000000018031 0.9750000000000694 0
0.3750000000017337 0.9500000000001387 0
0.3250000000018725 0.9750000000000694 0
0.3750000000017337 0.9250000000002081 0
0.4000000000016644 0.9250000000002081 0
0.4500000000015257 0.9750000000000694 0
0.4750000000014564 0.9750000000000694 0
0.425000000001595 0.9750000000000694 0
0.425000000001595 0.9500000000001387 0
0.4250000000015951 0.9250000000002081 0
0.07500000000252428 0.7750000000005753 0
0.05000000000258643 0.7750000000005721 0
0.07500000000247425 0.7500000000006258 0
-0.5500000000012484 -0.9750000000000694 0
-0.5250000000013177 -0.9750000000000694 0
-0.5250000000013177 -0.9500000000001387 0
-0.5000000000013871 -0.9750000000000694 0
-0.5000000000013871 -0.9250000000002081 0
-0.9750000000000694 0.3750000000017337 0
-0.9750000000000694 0.3500000000018031 0
-0.9500000000001387 0.3750000000017337 0
-0.8750000000003036 0.5750000000011766 0
-0.8750000000003189 0.6000000000011224 0
-0.8750000000002884 0.5500000000012308 0
-0.8500000000003451 0.5750000000011894 0
-0.8250000000004016 0.6000000000011481 0
-0.5500000000002792 -0.6750000000005081 0
-0.5250000000005965 -0.6750000000005534 0
-0.5250000000005988 -0.6500000000005852 0
0.5500000000012484 0.9750000000000694 0
0.5250000000013177 0.9750000000000694 0
0.5250000000013177 0.9500000000001387 0
0.5000000000013871 0.9750000000000694 0
0.5000000000013871 0.9250000000002081 0
0.8750000000003331 -0.2000000000021995 0
0.8500000000003922 -0.2250000000021261 0
0.825000000000448 -0.2250000000021065 0
0.8250000000004514 -0.2500000000020526 0
0.8250000000004447 -0.2000000000021603 0
0.9750000000000694 -0.6750000000009015 0
0.9750000000000694 -0.6500000000009709 0
0.9500000000001387 -0.6750000000009015 0
0.9750000000000694 -0.6250000000010403 0
0.9250000000002081 -0.6750000000009015 0
0.875000000000328 -0.1750000000022601 0
0.8750000000003229 -0.1500000000023206 0
0.8500000000003838 -0.1750000000022405 0
0.5500000000002708 0.6750000000005072 0
0.5250000000005937 0.6750000000005574 0
0.5250000000005987 0.650000000000587 0
-0.3250000000018701 -0.9500000000001364 0
-0.3250000000018679 -0.9250000000002034 0
-0.3500000000018008 -0.9250000000002058 0
-0.6750000000009015 -0.9750000000000694 0
-0.7000000000008322 -0.9750000000000694 0
-0.6500000000009709 -0.9750000000000694 0
-0.6750000000009015 -0.9500000000001387 0
-0.7000000000008322 -0.9250000000002081 0
0.9000000000002775 -0.6750000000009015 0
0.875000000000335 -0.6500000000009749 0
0.875000000000335 -0.6750000000009055 0
0.8750000000003348 -0.6250000000010443 0
0.8500000000003924 -0.6250000000010484 0
0.9000000000002775 -0.6250000000010403 0
0.8250000000004498 -0.6250000000010525 0
0.6750000000009015 0.9750000000000694 0
0.7000000000008322 0.9750000000000694 0
0.6500000000009709 0.9750000000000694 0
0.6750000000009015 0.9500000000001387 0
0.7000000000008322 0.9250000000002081 0
0.325000000001867 0.950000000000135 0
0.3250000000018617 0.9250000000002006 0
0.3500000000017977 0.9250000000002043 0
-0.9750000000000694 0.6500000000009709 0
-0.9750000000000694 0.6250000000010403 0
-0.9500000000001387 0.6250000000010403 0
-0.9750000000000694 0.6000000000011096 0
-0.9250000000002081 0.6000000000011096 0
-0.9750000000000694 0.575000000001179 0
-0.9750000000000694 0.5500000000012484 0
-0.9500000000001387 0.575000000001179 0
-0.8750000000002791 0.650000000000944 0
-0.875000000000299 0.6250000000010332 0
-0.8500000000003404 0.6250000000010461 0
-0.4750000000014564 -0.9500000000001387 0
-0.4500000000015257 -0.9250000000002081 0
-0.4750000000014564 -0.9250000000002081 0
0.4750000000014564 0.9500000000001387 0
0.4500000000015257 0.9250000000002081 0
0.4750000000014564 0.9250000000002081 0
0.9250000000002081 -0.6500000000009709 0
0.9500000000001387 -0.6250000000010403 0
0.9250000000002081 -0.6250000000010403 0
0.8250000000004274 -0.7000000000008904 0
0.8250000000004349 -0.6750000000009444 0
0.8500000000003849 -0.675000000000925 0
0.8250000000004424 -0.6500000000009984 0
0.8750000000003275 -0.7000000000008515 0
-0.9750000000000694 0.8500000000004222 0
-0.9750000000000694 0.8250000000004916 0
-0.9500000000001387 0.8250000000004853 0
-0.9750000000000694 0.8000000000005547 0
-0.9250000000002081 0.8000000000005547 0
-0.9750000000000694 0.7750000000006168 0
-0.9750000000000694 0.7500000000006861 0
-0.9500000000001387 0.7750000000006241 0
-0.7750000000006168 -0.9750000000000694 0
-0.8000000000005548 -0.9750000000000694 0
-0.7500000000006861 -0.9750000000000694 0
-0.7750000000006241 -0.9500000000001387 0
-0.7250000000007628 -0.9750000000000694 0
-0.7750000000006241 -0.9250000000002081 0
-0.8000000000005548 -0.9250000000002081 0
-0.8500000000004222 -0.9750000000000694 0
-0.8250000000004916 -0.9750000000000694 0
-0.8250000000004855 -0.9500000000001387 0
0.7750000000006168 0.9750000000000694 0
0.8000000000005548 0.9750000000000694 0
0.7500000000006861 0.9750000000000694 0
0.7750000000006241 0.9500000000001387 0
0.7250000000007628 0.9750000000000694 0
0.7750000000006241 0.9250000000002081 0
0.8000000000005548 0.9250000000002081 0
0.8500000000004222 0.9750000000000694 0
0.8250000000004916 0.9750000000000694 0
0.8250000000004855 0.9500000000001387 0
-0.7250000000007628 -0.9500000000001387 0
-0.7250000000007628 -0.9250000000002081 0
-0.7500000000006934 -0.9250000000002081 0
0.8750000000002773 -0.7250000000005935 0
0.8500000000003274 -0.7250000000006129 0
0.8750000000002274 -0.7500000000003355 0
0.7250000000007628 0.9500000000001387 0
0.7250000000007628 0.9250000000002081 0
0.7500000000006934 0.9250000000002081 0
0.1563936297959981 0.08828978040404567 0
0.136676751431043 0.09357290203910665 0
0.1325041379564034 0.07129643917160147 0
$EndNodes
$Elements
9 13124 1 13124
0 1 15 1
1 1 
0 2 15 1
2 2 
0 3 15 1
3 3 
0 4 15 1
4 4 
1 1 1 80
5 1 5 
6 5 6 
7 6 7 
8 7 8 
9 8 9 
10 9 10 
11 10 11 
12 11 12 
13 12 13 
14 13 14 
15 14 15 
16 15 16 
17 16 17 
18 17 18 
19 18 19 
20 19 20 
21 20 21 
22 21 22 
23 22 23 
24 23 24 
25 24 25 
26 25 26 
27 26 27 
28 27 28 
29 28 29 
30 29 30 
31 30 31 
32 31 32 
33 32 33 
34 33 34 
35 34 35 
36 35 36 
37 36 37 
38 37 38 
39 38 39 
40 39 40 
41 40 41 
42 41 42 
43 42 43 
44 43 44 
45 44 45 
46 45 46 
47 46 47 
48 47 48 
49 48 49 
50 49 50 
51 50 51 
52 51 52 
53 52 53 
54 53 54 
55 54 55 
56 55 56 
57 56 57 
58 57 58 
59 58 59 
60 59 60 
61 60 61 
62 61 62 
63 62 63 
64 63 64 
65 64 65 
66 65 66 
67 66 67 
68 67 68 
69 68 69 
70 69 70 
71 70 71 
72 71 72 
73 72 73 
74 73 74 
75 74 75 
76 75 76 
77 76 77 
78 77 78 
79 78 79 
80 79 80 
81 80 81 
82 81 82 
83 82 83 
84 83 2 
1 2 1 80
85 2 84 
86 84 85 
87 85 86 
88 86 87 
89 87 88 
90 88 89 
91 89 90 
92 90 91 
93 91 92 
94 92 93 
95 93 94 
96 94 95 
97 95 96 
98 96 97 
99 97 98 
100 98 99 
101 99 100 
102 100 101 
103 101 102 
104 102 103 
105 103 104 
106 104 105 
107 105 106 
108 106 107 
109 107 108 
110 108 109 
111 109 110 
112 110 111 
113 111 112 
114 112 113 
115 113 114 
116 114 115 
117 115 116 
118 116 117 
119 117 118 
120 118 119 
121 119 120 
122 120 121 
123 121 122 
124 122 123 
125 123 124 
126 124 125 
127 125 126 
128 126 127 
129 127 128 
130 128 129 
131 129 130 
132 130 131 
133 131 132 
134 132 133 
135 133 134 
136 134 135 
137 135 136 
138 136 137 
139 137 138 
140 138 139 
141 139 140 
142 140 141 
143 141 142 
144 142 143 
145 143 144 
146 144 145 
147 145 146 
148 146 147 
149 147 148 
150 148 149 
151 149 150 
152 150 151 
153 151 152 
154 152 153 
155 153 154 
156 154 155 
157 155 156 
158 156 157 
159 157 158 
160 158 159 
161 159 160 
162 160 161 
163 161 162 
164 162 3 
1 3 1 80
165 3 163 
166 163 164 
167 164 165 
168 165 166 
169 166 167 
170 167 168 
171 168 169 
172 169 170 
173 170 171 
174 171 172 
175 172 173 
176 173 174 
177 174 175 
178 175 176 
179 176 177 
180 177 178 
181 178 179 
182 179 180 
183 180 181 
184 181 182 
185 182 183 
186 183 184 
187 184 185 
188 185 186 
189 186 187 
190 187 188 
191 188 189 
192 189 190 
193 190 191 
194 191 192 
195 192 193 
196 193 194 
197 194 195 
198 195 196 
199 196 197 
200 197 198 
201 198 199 
202 199 200 
203 200 201 
204 201 202 
205 202 203 
206 203 204 
207 204 205 
208 205 206 
209 206 207 
210 207 208 
211 208 209 
212 209 210 
213 210 211 
214 211 212 
215 212 213 
216 213 214 
217 214 215 
218 215 216 
219 216 217 
220 217 218 
221 218 219 
222 219 220 
223 220 221 
224 221 222 
225 222 223 
226 223 224 
227 224 225 
228 225 226 
229 226 227 
230 227 228 
231 228 229 
232 229 230 
233 230 231 
234 231 232 
235 232 233 
236 233 234 
237 234 235 
238 235 236 
239 236 237 
240 237 238 
241 238 239 
242 239 240 
243 240 241 
244 241 4 
1 4 1 80
245 4 242 
246 242 243 
247 243 244 
248 244 245 
249 245 246 
250 246 247 
251 247 248 
252 248 249 
253 249 250 
254 250 251 
255 251 252 
256 252 253 
257 253 254 
258 254 255 
259 255 256 
260 256 257 
261 257 258 
262 258 259 
263 259 260 
264 260 261 
265 261 262 
266 262 263 
267 263 264 
268 264 265 
269 265 266 
270 266 267 
271 267 268 
272 268 269 
273 269 270 
274 270 271 
275 271 272 
276 272 273 
277 273 274 
278 274 275 
279 275 276 
280 276 277 
281 277 278 
282 278 279 
283 279 280 
284 280 281 
285 281 282 
286 282 283 
287 283 284 
288 284 285 
289 285 286 
290 286 287 
291 287 288 
292 288 289 
293 289 290 
294 290 291 
295 291 292 
296 292 293 
297 293 294 
298 294 295 
299 295 296 
300 296 297 
301 297 298 
302 298 299 
303 299 300 
304 300 301 
305 301 302 
306 302 303 
307 303 304 
308 304 305 
309 305 306 
310 306 307 
311 307 308 
312 308 309 
313 309 310 
314 310 311 
315 311 312 
316 312 313 
317 313 314 
318 314 315 
319 315 316 
320 316 317 
321 317 318 
322 318 319 
323 319 320 
324 320 1 
2 1 2 12800
325 676 1842 1844 
326 1842 1843 1844 
327 1842 682 1843 
328 1844 1843 684 
329 682 1845 1843 
330 1845 1846 1843 
331 1845 683 1846 
332 1843 1846 684 
333 682 1847 1845 
334 1847 1848 1845 
335 1847 677 1848 
336 1845 1848 683 
337 684 1846 1850 
338 1846 1849 1850 
339 1846 683 1849 
340 1850 1849 681 
341 676 1851 1842 
342 1851 1852 1842 
343 1851 685 1852 
344 1842 1852 682 
345 685 1853 1852 
346 1853 1854 1852 
347 1853 686 1854 
348 1852 1854 682 
349 685 1855 1853 
350 1855 1856 1853 
351 1855 666 1856 
352 1853 1856 686 
353 682 1854 1847 
354 1854 1857 1847 
355 1854 686 1857 
356 1847 1857 677 
357 662 1858 1860 
358 1858 1859 1860 
359 1858 687 1859 
360 1860 1859 689 
361 687 1861 1859 
362 1861 1862 1859 
363 1861 688 1862 
364 1859 1862 689 
365 687 1863 1861 
366 1863 1864 1861 
367 1863 675 1864 
368 1861 1864 688 
369 689 1862 1866 
370 1862 1865 1866 
371 1862 688 1865 
372 1866 1865 677 
373 662 1867 1858 
374 1867 1868 1858 
375 1867 690 1868 
376 1858 1868 687 
377 690 1869 1868 
378 1869 1870 1868 
379 1869 691 1870 
380 1868 1870 687 
381 690 1871 1869 
382 1871 1872 1869 
383 1871 654 1872 
384 1869 1872 691 
385 687 1870 1863 
386 1870 1873 1863 
387 1870 691 1873 
388 1863 1873 675 
389 677 1865 1848 
390 1865 1874 1848 
391 1865 688 1874 
392 1848 1874 683 
393 688 1875 1874 
394 1875 1876 1874 
395 1875 692 1876 
396 1874 1876 683 
397 688 1864 1875 
398 1864 1877 1875 
399 1864 675 1877 
400 1875 1877 692 
401 683 1876 1849 
402 1876 1878 1849 
403 1876 692 1878 
404 1849 1878 681 
405 87 1879 86 
406 1879 1880 86 
407 1879 693 1880 
408 86 1880 85 
409 693 1881 1880 
410 1881 1882 1880 
411 1881 82 1882 
412 1880 1882 85 
413 693 1883 1881 
414 1883 81 1881 
415 1883 80 81 
416 1881 81 82 
417 85 1882 84 
418 1882 83 84 
419 1882 82 83 
420 84 83 2 
421 678 1884 1886 
422 1884 1885 1886 
423 1884 694 1885 
424 1886 1885 696 
425 694 1887 1885 
426 1887 1888 1885 
427 1887 695 1888 
428 1885 1888 696 
429 694 1889 1887 
430 1889 1890 1887 
431 1889 679 1890 
432 1887 1890 695 
433 696 1888 1892 
434 1888 1891 1892 
435 1888 695 1891 
436 1892 1891 681 
437 679 1893 1890 
438 1893 1894 1890 
439 1893 697 1894 
440 1890 1894 695 
441 697 1895 1894 
442 1895 1896 1894 
443 1895 684 1896 
444 1894 1896 695 
445 697 1897 1895 
446 1897 1844 1895 
447 1897 676 1844 
448 1895 1844 684 
449 695 1896 1891 
450 1896 1850 1891 
451 1896 684 1850 
452 1891 1850 681 
453 650 1898 1900 
454 1898 1899 1900 
455 1898 698 1899 
456 1900 1899 700 
457 698 1901 1899 
458 1901 1902 1899 
459 1901 699 1902 
460 1899 1902 700 
461 698 1903 1901 
462 1903 1904 1901 
463 1903 649 1904 
464 1901 1904 699 
465 700 1902 1906 
466 1902 1905 1906 
467 1902 699 1905 
468 1906 1905 667 
469 635 1907 1909 
470 1907 1908 1909 
471 1907 701 1908 
472 1909 1908 702 
473 701 1910 1908 
474 1910 1911 1908 
475 1910 698 1911 
476 1908 1911 702 
477 701 1912 1910 
478 1912 1903 1910 
479 1912 649 1903 
480 1910 1903 698 
481 702 1911 1913 
482 1911 1898 1913 
483 1911 698 1898 
484 1913 1898 650 
485 635 1914 1907 
486 1914 1915 1907 
487 1914 703 1915 
488 1907 1915 701 
489 703 1916 1915 
490 1916 1917 1915 
491 1916 704 1917 
492 1915 1917 701 
493 703 1918 1916 
494 1918 1919 1916 
495 1918 629 1919 
496 1916 1919 704 
497 701 1917 1912 
498 1917 1920 1912 
499 1917 704 1920 
500 1912 1920 649 
501 617 1921 1923 
502 1921 1922 1923 
503 1921 705 1922 
504 1923 1922 706 
505 705 1924 1922 
506 1924 1925 1922 
507 1924 703 1925 
508 1922 1925 706 
509 705 1926 1924 
510 1926 1918 1924 
511 1926 629 1918 
512 1924 1918 703 
513 706 1925 1927 
514 1925 1914 1927 
515 1925 703 1914 
516 1927 1914 635 
517 636 1928 1930 
518 1928 1929 1930 
519 1928 707 1929 
520 1930 1929 709 
521 707 1931 1929 
522 1931 1932 1929 
523 1931 708 1932 
524 1929 1932 709 
525 707 1933 1931 
526 1933 1934 1931 
527 1933 612 1934 
528 1931 1934 708 
529 709 1932 1936 
530 1932 1935 1936 
531 1932 708 1935 
532 1936 1935 660 
533 589 1937 1939 
534 1937 1938 1939 
535 1937 710 1938 
536 1939 1938 711 
537 710 1940 1938 
538 1940 1941 1938 
539 1940 707 1941 
540 1938 1941 711 
541 710 1942 1940 
542 1942 1933 1940 
543 1942 612 1933 
544 1940 1933 707 
545 711 1941 1943 
546 1941 1928 1943 
547 1941 707 1928 
548 1943 1928 636 
549 665 1944 1946 
550 1944 1945 1946 
551 1944 712 1945 
552 1946 1945 714 
553 712 1947 1945 
554 1947 1948 1945 
555 1947 713 1948 
556 1945 1948 714 
557 712 1949 1947 
558 1949 1950 1947 
559 1949 678 1950 
560 1947 1950 713 
561 714 1948 1952 
562 1948 1951 1952 
563 1948 713 1951 
564 1952 1951 680 
565 680 1951 1954 
566 1951 1953 1954 
567 1951 713 1953 
568 1954 1953 715 
569 713 1955 1953 
570 1955 1956 1953 
571 1955 696 1956 
572 1953 1956 715 
573 713 1950 1955 
574 1950 1886 1955 
575 1950 678 1886 
576 1955 1886 696 
577 715 1956 1957 
578 1956 1892 1957 
579 1956 696 1892 
580 1957 1892 681 
581 659 1958 1960 
582 1958 1959 1960 
583 1958 716 1959 
584 1960 1959 717 
585 716 1961 1959 
586 1961 1962 1959 
587 1961 709 1962 
588 1959 1962 717 
589 716 1963 1961 
590 1963 1930 1961 
591 1963 636 1930 
592 1961 1930 709 
593 717 1962 1964 
594 1962 1936 1964 
595 1962 709 1936 
596 1964 1936 660 
597 659 1960 1966 
598 1960 1965 1966 
599 1960 717 1965 
600 1966 1965 719 
601 717 1967 1965 
602 1967 1968 1965 
603 1967 718 1968 
604 1965 1968 719 
605 717 1964 1967 
606 1964 1969 1967 
607 1964 660 1969 
608 1967 1969 718 
609 719 1968 1971 
610 1968 1970 1971 
611 1968 718 1970 
612 1971 1970 668 
613 659 1966 1973 
614 1966 1972 1973 
615 1966 719 1972 
616 1973 1972 721 
617 719 1974 1972 
618 1974 1975 1972 
619 1974 720 1975 
620 1972 1975 721 
621 719 1971 1974 
622 1971 1976 1974 
623 1971 668 1976 
624 1974 1976 720 
625 721 1975 1978 
626 1975 1977 1978 
627 1975 720 1977 
628 1978 1977 669 
629 669 1977 1980 
630 1977 1979 1980 
631 1977 720 1979 
632 1980 1979 723 
633 720 1981 1979 
634 1981 1982 1979 
635 1981 722 1982 
636 1979 1982 723 
637 720 1976 1981 
638 1976 1983 1981 
639 1976 668 1983 
640 1981 1983 722 
641 723 1982 1985 
642 1982 1984 1985 
643 1982 722 1984 
644 1985 1984 679 
645 664 1986 1988 
646 1986 1987 1988 
647 1986 724 1987 
648 1988 1987 725 
649 724 1989 1987 
650 1989 1990 1987 
651 1989 685 1990 
652 1987 1990 725 
653 724 1991 1989 
654 1991 1855 1989 
655 1991 666 1855 
656 1989 1855 685 
657 725 1990 1992 
658 1990 1851 1992 
659 1990 685 1851 
660 1992 1851 676 
661 558 1993 1995 
662 1993 1994 1995 
663 1993 726 1994 
664 1995 1994 728 
665 726 1996 1994 
666 1996 1997 1994 
667 1996 727 1997 
668 1994 1997 728 
669 726 1998 1996 
670 1998 1999 1996 
671 1998 559 1999 
672 1996 1999 727 
673 728 1997 2001 
674 1997 2000 2001 
675 1997 727 2000 
676 2001 2000 589 
677 582 2002 2004 
678 2002 2003 2004 
679 2002 729 2003 
680 2004 2003 730 
681 729 2005 2003 
682 2005 2006 2003 
683 2005 711 2006 
684 2003 2006 730 
685 729 2007 2005 
686 2007 1939 2005 
687 2007 589 1939 
688 2005 1939 711 
689 730 2006 2008 
690 2006 1943 2008 
691 2006 711 1943 
692 2008 1943 636 
693 637 2009 2011 
694 2009 2010 2011 
695 2009 731 2010 
696 2011 2010 733 
697 731 2012 2010 
698 2012 2013 2010 
699 2012 732 2013 
700 2010 2013 733 
701 731 2014 2012 
702 2014 2015 2012 
703 2014 631 2015 
704 2012 2015 732 
705 733 2013 2017 
706 2013 2016 2017 
707 2013 732 2016 
708 2017 2016 648 
709 582 2018 2002 
710 2018 2019 2002 
711 2018 734 2019 
712 2002 2019 729 
713 734 2020 2019 
714 2020 2021 2019 
715 2020 728 2021 
716 2019 2021 729 
717 734 2022 2020 
718 2022 1995 2020 
719 2022 558 1995 
720 2020 1995 728 
721 729 2021 2007 
722 2021 2001 2007 
723 2021 728 2001 
724 2007 2001 589 
725 614 2023 2025 
726 2023 2024 2025 
727 2023 735 2024 
728 2025 2024 736 
729 735 2026 2024 
730 2026 2027 2024 
731 2026 731 2027 
732 2024 2027 736 
733 735 2028 2026 
734 2028 2014 2026 
735 2028 631 2014 
736 2026 2014 731 
737 736 2027 2029 
738 2027 2009 2029 
739 2027 731 2009 
740 2029 2009 637 
741 558 2030 1993 
742 2030 2031 1993 
743 2030 737 2031 
744 1993 2031 726 
745 737 2032 2031 
746 2032 2033 2031 
747 2032 738 2033 
748 2031 2033 726 
749 737 2034 2032 
750 2034 2035 2032 
751 2034 491 2035 
752 2032 2035 738 
753 726 2033 1998 
754 2033 2036 1998 
755 2033 738 2036 
756 1998 2036 559 
757 637 2011 2038 
758 2011 2037 2038 
759 2011 733 2037 
760 2038 2037 740 
761 733 2039 2037 
762 2039 2040 2037 
763 2039 739 2040 
764 2037 2040 740 
765 733 2017 2039 
766 2017 2041 2039 
767 2017 648 2041 
768 2039 2041 739 
769 740 2040 2043 
770 2040 2042 2043 
771 2040 739 2042 
772 2043 2042 651 
773 651 2042 2045 
774 2042 2044 2045 
775 2042 739 2044 
776 2045 2044 742 
777 739 2046 2044 
778 2046 2047 2044 
779 2046 741 2047 
780 2044 2047 742 
781 739 2041 2046 
782 2041 2048 2046 
783 2041 648 2048 
784 2046 2048 741 
785 742 2047 2050 
786 2047 2049 2050 
787 2047 741 2049 
788 2050 2049 665 
789 663 2051 2053 
790 2051 2052 2053 
791 2051 743 2052 
792 2053 2052 744 
793 743 2054 2052 
794 2054 2055 2052 
795 2054 742 2055 
796 2052 2055 744 
797 743 2056 2054 
798 2056 2045 2054 
799 2056 651 2045 
800 2054 2045 742 
801 744 2055 2057 
802 2055 2050 2057 
803 2055 742 2050 
804 2057 2050 665 
805 663 2053 2059 
806 2053 2058 2059 
807 2053 744 2058 
808 2059 2058 745 
809 744 2060 2058 
810 2060 2061 2058 
811 2060 714 2061 
812 2058 2061 745 
813 744 2057 2060 
814 2057 1946 2060 
815 2057 665 1946 
816 2060 1946 714 
817 745 2061 2062 
818 2061 1952 2062 
819 2061 714 1952 
820 2062 1952 680 
821 617 2063 1921 
822 2063 2064 1921 
823 2063 746 2064 
824 1921 2064 705 
825 746 2065 2064 
826 2065 2066 2064 
827 2065 747 2066 
828 2064 2066 705 
829 746 2067 2065 
830 2067 2068 2065 
831 2067 618 2068 
832 2065 2068 747 
833 705 2066 1926 
834 2066 2069 1926 
835 2066 747 2069 
836 1926 2069 629 
837 617 2070 2063 
838 2070 2071 2063 
839 2070 748 2071 
840 2063 2071 746 
841 748 2072 2071 
842 2072 2073 2071 
843 2072 749 2073 
844 2071 2073 746 
845 748 2074 2072 
846 2074 2075 2072 
847 2074 590 2075 
848 2072 2075 749 
849 746 2073 2067 
850 2073 2076 2067 
851 2073 749 2076 
852 2067 2076 618 
853 590 2077 2075 
854 2077 2078 2075 
855 2077 750 2078 
856 2075 2078 749 
857 750 2079 2078 
858 2079 2080 2078 
859 2079 751 2080 
860 2078 2080 749 
861 750 2081 2079 
862 2081 2082 2079 
863 2081 556 2082 
864 2079 2082 751 
865 749 2080 2076 
866 2080 2083 2076 
867 2080 751 2083 
868 2076 2083 618 
869 531 2084 2086 
870 2084 2085 2086 
871 2084 752 2085 
872 2086 2085 753 
873 752 2087 2085 
874 2087 2088 2085 
875 2087 750 2088 
876 2085 2088 753 
877 752 2089 2087 
878 2089 2081 2087 
879 2089 556 2081 
880 2087 2081 750 
881 753 2088 2090 
882 2088 2077 2090 
883 2088 750 2077 
884 2090 2077 590 
885 491 2091 2035 
886 2091 2092 2035 
887 2091 754 2092 
888 2035 2092 738 
889 754 2093 2092 
890 2093 2094 2092 
891 2093 755 2094 
892 2092 2094 738 
893 754 2095 2093 
894 2095 2096 2093 
895 2095 499 2096 
896 2093 2096 755 
897 738 2094 2036 
898 2094 2097 2036 
899 2094 755 2097 
900 2036 2097 559 
901 491 2098 2091 
902 2098 2099 2091 
903 2098 756 2099 
904 2091 2099 754 
905 756 2100 2099 
906 2100 2101 2099 
907 2100 757 2101 
908 2099 2101 754 
909 756 2102 2100 
910 2102 2103 2100 
911 2102 464 2103 
912 2100 2103 757 
913 754 2101 2095 
914 2101 2104 2095 
915 2101 757 2104 
916 2095 2104 499 
917 664 2105 1986 
918 2105 2106 1986 
919 2105 758 2106 
920 1986 2106 724 
921 758 2107 2106 
922 2107 2108 2106 
923 2107 759 2108 
924 2106 2108 724 
925 758 2109 2107 
926 2109 2110 2107 
927 2109 647 2110 
928 2107 2110 759 
929 724 2108 1991 
930 2108 2111 1991 
931 2108 759 2111 
932 1991 2111 666 
933 638 2112 2114 
934 2112 2113 2114 
935 2112 760 2113 
936 2114 2113 762 
937 760 2115 2113 
938 2115 2116 2113 
939 2115 761 2116 
940 2113 2116 762 
941 760 2117 2115 
942 2117 2118 2115 
943 2117 639 2118 
944 2115 2118 761 
945 762 2116 2120 
946 2116 2119 2120 
947 2116 761 2119 
948 2120 2119 652 
949 638 2121 2112 
950 2121 2122 2112 
951 2121 763 2122 
952 2112 2122 760 
953 763 2123 2122 
954 2123 2124 2122 
955 2123 764 2124 
956 2122 2124 760 
957 763 2125 2123 
958 2125 2126 2123 
959 2125 620 2126 
960 2123 2126 764 
961 760 2124 2117 
962 2124 2127 2117 
963 2124 764 2127 
964 2117 2127 639 
965 668 2128 1983 
966 2128 2129 1983 
967 2128 765 2129 
968 1983 2129 722 
969 765 2130 2129 
970 2130 2131 2129 
971 2130 697 2131 
972 2129 2131 722 
973 765 2132 2130 
974 2132 1897 2130 
975 2132 676 1897 
976 2130 1897 697 
977 722 2131 1984 
978 2131 1893 1984 
979 2131 697 1893 
980 1984 1893 679 
981 614 2133 2023 
982 2133 2134 2023 
983 2133 766 2134 
984 2023 2134 735 
985 766 2135 2134 
986 2135 2136 2134 
987 2135 767 2136 
988 2134 2136 735 
989 766 2137 2135 
990 2137 2138 2135 
991 2137 584 2138 
992 2135 2138 767 
993 735 2136 2028 
994 2136 2139 2028 
995 2136 767 2139 
996 2028 2139 631 
997 562 2140 2142 
998 2140 2141 2142 
999 2140 768 2141 
1000 2142 2141 769 
1001 768 2143 2141 
1002 2143 2144 2141 
1003 2143 766 2144 
1004 2141 2144 769 
1005 768 2145 2143 
1006 2145 2137 2143 
1007 2145 584 2137 
1008 2143 2137 766 
1009 769 2144 2146 
1010 2144 2133 2146 
1011 2144 766 2133 
1012 2146 2133 614 
1013 620 2147 2126 
1014 2147 2148 2126 
1015 2147 770 2148 
1016 2126 2148 764 
1017 770 2149 2148 
1018 2149 2150 2148 
1019 2149 771 2150 
1020 2148 2150 764 
1021 770 2151 2149 
1022 2151 2152 2149 
1023 2151 623 2152 
1024 2149 2152 771 
1025 764 2150 2127 
1026 2150 2153 2127 
1027 2150 771 2153 
1028 2127 2153 639 
1029 620 2154 2147 
1030 2154 2155 2147 
1031 2154 772 2155 
1032 2147 2155 770 
1033 772 2156 2155 
1034 2156 2157 2155 
1035 2156 773 2157 
1036 2155 2157 770 
1037 772 2158 2156 
1038 2158 2159 2156 
1039 2158 587 2159 
1040 2156 2159 773 
1041 770 2157 2151 
1042 2157 2160 2151 
1043 2157 773 2160 
1044 2151 2160 623 
1045 587 2161 2159 
1046 2161 2162 2159 
1047 2161 774 2162 
1048 2159 2162 773 
1049 774 2163 2162 
1050 2163 2164 2162 
1051 2163 775 2164 
1052 2162 2164 773 
1053 774 2165 2163 
1054 2165 2166 2163 
1055 2165 600 2166 
1056 2163 2166 775 
1057 773 2164 2160 
1058 2164 2167 2160 
1059 2164 775 2167 
1060 2160 2167 623 
1061 587 2168 2161 
1062 2168 2169 2161 
1063 2168 776 2169 
1064 2161 2169 774 
1065 776 2170 2169 
1066 2170 2171 2169 
1067 2170 777 2171 
1068 2169 2171 774 
1069 776 2172 2170 
1070 2172 2173 2170 
1071 2172 565 2173 
1072 2170 2173 777 
1073 774 2171 2165 
1074 2171 2174 2165 
1075 2171 777 2174 
1076 2165 2174 600 
1077 654 2175 1872 
1078 2175 2176 1872 
1079 2175 778 2176 
1080 1872 2176 691 
1081 778 2177 2176 
1082 2177 2178 2176 
1083 2177 779 2178 
1084 2176 2178 691 
1085 778 2179 2177 
1086 2179 2180 2177 
1087 2179 667 2180 
1088 2177 2180 779 
1089 691 2178 1873 
1090 2178 2181 1873 
1091 2178 779 2181 
1092 1873 2181 675 
1093 667 2182 2180 
1094 2182 2183 2180 
1095 2182 780 2183 
1096 2180 2183 779 
1097 780 2184 2183 
1098 2184 2185 2183 
1099 2184 781 2185 
1100 2183 2185 779 
1101 780 2186 2184 
1102 2186 2187 2184 
1103 2186 673 2187 
1104 2184 2187 781 
1105 779 2185 2181 
1106 2185 2188 2181 
1107 2185 781 2188 
1108 2181 2188 675 
1109 667 1905 2182 
1110 1905 2189 2182 
1111 1905 699 2189 
1112 2182 2189 780 
1113 699 2190 2189 
1114 2190 2191 2189 
1115 2190 782 2191 
1116 2189 2191 780 
1117 699 1904 2190 
1118 1904 2192 2190 
1119 1904 649 2192 
1120 2190 2192 782 
1121 780 2191 2186 
1122 2191 2193 2186 
1123 2191 782 2193 
1124 2186 2193 673 
1125 529 2194 2196 
1126 2194 2195 2196 
1127 2194 783 2195 
1128 2196 2195 785 
1129 783 2197 2195 
1130 2197 2198 2195 
1131 2197 784 2198 
1132 2195 2198 785 
1133 783 2199 2197 
1134 2199 2200 2197 
1135 2199 527 2200 
1136 2197 2200 784 
1137 785 2198 2202 
1138 2198 2201 2202 
1139 2198 784 2201 
1140 2202 2201 577 
1141 501 2203 2205 
1142 2203 2204 2205 
1143 2203 786 2204 
1144 2205 2204 787 
1145 786 2206 2204 
1146 2206 2207 2204 
1147 2206 783 2207 
1148 2204 2207 787 
1149 786 2208 2206 
1150 2208 2199 2206 
1151 2208 527 2199 
1152 2206 2199 783 
1153 787 2207 2209 
1154 2207 2194 2209 
1155 2207 783 2194 
1156 2209 2194 529 
1157 525 2210 2212 
1158 2210 2211 2212 
1159 2210 788 2211 
1160 2212 2211 790 
1161 788 2213 2211 
1162 2213 2214 2211 
1163 2213 789 2214 
1164 2211 2214 790 
1165 788 2215 2213 
1166 2215 2216 2213 
1167 2215 526 2216 
1168 2213 2216 789 
1169 790 2214 2218 
1170 2214 2217 2218 
1171 2214 789 2217 
1172 2218 2217 573 
1173 525 2219 2210 
1174 2219 2220 2210 
1175 2219 791 2220 
1176 2210 2220 788 
1177 791 2221 2220 
1178 2221 2222 2220 
1179 2221 792 2222 
1180 2220 2222 788 
1181 791 2223 2221 
1182 2223 2224 2221 
1183 2223 500 2224 
1184 2221 2224 792 
1185 788 2222 2215 
1186 2222 2225 2215 
1187 2222 792 2225 
1188 2215 2225 526 
1189 501 2226 2203 
1190 2226 2227 2203 
1191 2226 793 2227 
1192 2203 2227 786 
1193 793 2228 2227 
1194 2228 2229 2227 
1195 2228 794 2229 
1196 2227 2229 786 
1197 793 2230 2228 
1198 2230 2231 2228 
1199 2230 495 2231 
1200 2228 2231 794 
1201 786 2229 2208 
1202 2229 2232 2208 
1203 2229 794 2232 
1204 2208 2232 527 
1205 500 2233 2224 
1206 2233 2234 2224 
1207 2233 795 2234 
1208 2224 2234 792 
1209 795 2235 2234 
1210 2235 2236 2234 
1211 2235 796 2236 
1212 2234 2236 792 
1213 795 2237 2235 
1214 2237 2238 2235 
1215 2237 494 2238 
1216 2235 2238 796 
1217 792 2236 2225 
1218 2236 2239 2225 
1219 2236 796 2239 
1220 2225 2239 526 
1221 467 2240 2242 
1222 2240 2241 2242 
1223 2240 797 2241 
1224 2242 2241 798 
1225 797 2243 2241 
1226 2243 2244 2241 
1227 2243 795 2244 
1228 2241 2244 798 
1229 797 2245 2243 
1230 2245 2237 2243 
1231 2245 494 2237 
1232 2243 2237 795 
1233 798 2244 2246 
1234 2244 2233 2246 
1235 2244 795 2233 
1236 2246 2233 500 
1237 468 2247 2249 
1238 2247 2248 2249 
1239 2247 799 2248 
1240 2249 2248 800 
1241 799 2250 2248 
1242 2250 2251 2248 
1243 2250 793 2251 
1244 2248 2251 800 
1245 799 2252 2250 
1246 2252 2230 2250 
1247 2252 495 2230 
1248 2250 2230 793 
1249 800 2251 2253 
1250 2251 2226 2253 
1251 2251 793 2226 
1252 2253 2226 501 
1253 653 2254 2256 
1254 2254 2255 2256 
1255 2254 801 2255 
1256 2256 2255 802 
1257 801 2257 2255 
1258 2257 2258 2255 
1259 2257 758 2258 
1260 2255 2258 802 
1261 801 2259 2257 
1262 2259 2109 2257 
1263 2259 647 2109 
1264 2257 2109 758 
1265 802 2258 2260 
1266 2258 2105 2260 
1267 2258 758 2105 
1268 2260 2105 664 
1269 640 2261 2263 
1270 2261 2262 2263 
1271 2261 803 2262 
1272 2263 2262 804 
1273 803 2264 2262 
1274 2264 2265 2262 
1275 2264 801 2265 
1276 2262 2265 804 
1277 803 2266 2264 
1278 2266 2259 2264 
1279 2266 647 2259 
1280 2264 2259 801 
1281 804 2265 2267 
1282 2265 2254 2267 
1283 2265 801 2254 
1284 2267 2254 653 
1285 640 2268 2261 
1286 2268 2269 2261 
1287 2268 805 2269 
1288 2261 2269 803 
1289 805 2270 2269 
1290 2270 2271 2269 
1291 2270 806 2271 
1292 2269 2271 803 
1293 805 2272 2270 
1294 2272 2273 2270 
1295 2272 610 2273 
1296 2270 2273 806 
1297 803 2271 2266 
1298 2271 2274 2266 
1299 2271 806 2274 
1300 2266 2274 647 
1301 585 2275 2277 
1302 2275 2276 2277 
1303 2275 807 2276 
1304 2277 2276 808 
1305 807 2278 2276 
1306 2278 2279 2276 
1307 2278 805 2279 
1308 2276 2279 808 
1309 807 2280 2278 
1310 2280 2272 2278 
1311 2280 610 2272 
1312 2278 2272 805 
1313 808 2279 2281 
1314 2279 2268 2281 
1315 2279 805 2268 
1316 2281 2268 640 
1317 592 2282 2284 
1318 2282 2283 2284 
1319 2282 809 2283 
1320 2284 2283 810 
1321 809 2285 2283 
1322 2285 2286 2283 
1323 2285 808 2286 
1324 2283 2286 810 
1325 809 2287 2285 
1326 2287 2277 2285 
1327 2287 585 2277 
1328 2285 2277 808 
1329 810 2286 2288 
1330 2286 2281 2288 
1331 2286 808 2281 
1332 2288 2281 640 
1333 561 2289 2291 
1334 2289 2290 2291 
1335 2289 811 2290 
1336 2291 2290 812 
1337 811 2292 2290 
1338 2292 2293 2290 
1339 2292 809 2293 
1340 2290 2293 812 
1341 811 2294 2292 
1342 2294 2287 2292 
1343 2294 585 2287 
1344 2292 2287 809 
1345 812 2293 2295 
1346 2293 2282 2295 
1347 2293 809 2282 
1348 2295 2282 592 
1349 376 2296 2298 
1350 2296 2297 2298 
1351 2296 813 2297 
1352 2298 2297 815 
1353 813 2299 2297 
1354 2299 2300 2297 
1355 2299 814 2300 
1356 2297 2300 815 
1357 813 2301 2299 
1358 2301 2302 2299 
1359 2301 378 2302 
1360 2299 2302 814 
1361 815 2300 2304 
1362 2300 2303 2304 
1363 2300 814 2303 
1364 2304 2303 424 
1365 438 2305 2307 
1366 2305 2306 2307 
1367 2305 816 2306 
1368 2307 2306 818 
1369 816 2308 2306 
1370 2308 2309 2306 
1371 2308 817 2309 
1372 2306 2309 818 
1373 816 2310 2308 
1374 2310 2311 2308 
1375 2310 406 2311 
1376 2308 2311 817 
1377 818 2309 2313 
1378 2309 2312 2313 
1379 2309 817 2312 
1380 2313 2312 482 
1381 424 2314 2316 
1382 2314 2315 2316 
1383 2314 819 2315 
1384 2316 2315 821 
1385 819 2317 2315 
1386 2317 2318 2315 
1387 2317 820 2318 
1388 2315 2318 821 
1389 819 2319 2317 
1390 2319 2320 2317 
1391 2319 402 2320 
1392 2317 2320 820 
1393 821 2318 2322 
1394 2318 2321 2322 
1395 2318 820 2321 
1396 2322 2321 448 
1397 439 2323 2325 
1398 2323 2324 2325 
1399 2323 822 2324 
1400 2325 2324 824 
1401 822 2326 2324 
1402 2326 2327 2324 
1403 2326 823 2327 
1404 2324 2327 824 
1405 822 2328 2326 
1406 2328 2329 2326 
1407 2328 408 2329 
1408 2326 2329 823 
1409 824 2327 2331 
1410 2327 2330 2331 
1411 2327 823 2330 
1412 2331 2330 483 
1413 378 2332 2302 
1414 2332 2333 2302 
1415 2332 825 2333 
1416 2302 2333 814 
1417 825 2334 2333 
1418 2334 2335 2333 
1419 2334 819 2335 
1420 2333 2335 814 
1421 825 2336 2334 
1422 2336 2319 2334 
1423 2336 402 2319 
1424 2334 2319 819 
1425 814 2335 2303 
1426 2335 2314 2303 
1427 2335 819 2314 
1428 2303 2314 424 
1429 376 2337 2296 
1430 2337 2338 2296 
1431 2337 826 2338 
1432 2296 2338 813 
1433 826 2339 2338 
1434 2339 2340 2338 
1435 2339 827 2340 
1436 2338 2340 813 
1437 826 2341 2339 
1438 2341 2342 2339 
1439 2341 333 2342 
1440 2339 2342 827 
1441 813 2340 2301 
1442 2340 2343 2301 
1443 2340 827 2343 
1444 2301 2343 378 
1445 341 2344 2346 
1446 2344 2345 2346 
1447 2344 828 2345 
1448 2346 2345 829 
1449 828 2347 2345 
1450 2347 2348 2345 
1451 2347 816 2348 
1452 2345 2348 829 
1453 828 2349 2347 
1454 2349 2310 2347 
1455 2349 406 2310 
1456 2347 2310 816 
1457 829 2348 2350 
1458 2348 2305 2350 
1459 2348 816 2305 
1460 2350 2305 438 
1461 342 2351 2353 
1462 2351 2352 2353 
1463 2351 830 2352 
1464 2353 2352 831 
1465 830 2354 2352 
1466 2354 2355 2352 
1467 2354 822 2355 
1468 2352 2355 831 
1469 830 2356 2354 
1470 2356 2328 2354 
1471 2356 408 2328 
1472 2354 2328 822 
1473 831 2355 2357 
1474 2355 2323 2357 
1475 2355 822 2323 
1476 2357 2323 439 
1477 426 2358 2360 
1478 2358 2359 2360 
1479 2358 832 2359 
1480 2360 2359 834 
1481 832 2361 2359 
1482 2361 2362 2359 
1483 2361 833 2362 
1484 2359 2362 834 
1485 832 2363 2361 
1486 2363 2364 2361 
1487 2363 425 2364 
1488 2361 2364 833 
1489 834 2362 2366 
1490 2362 2365 2366 
1491 2362 833 2365 
1492 2366 2365 452 
1493 379 2367 2369 
1494 2367 2368 2369 
1495 2367 835 2368 
1496 2369 2368 836 
1497 835 2370 2368 
1498 2370 2371 2368 
1499 2370 832 2371 
1500 2368 2371 836 
1501 835 2372 2370 
1502 2372 2363 2370 
1503 2372 425 2363 
1504 2370 2363 832 
1505 836 2371 2373 
1506 2371 2358 2373 
1507 2371 832 2358 
1508 2373 2358 426 
1509 378 2343 2375 
1510 2343 2374 2375 
1511 2343 827 2374 
1512 2375 2374 838 
1513 827 2376 2374 
1514 2376 2377 2374 
1515 2376 837 2377 
1516 2374 2377 838 
1517 827 2342 2376 
1518 2342 2378 2376 
1519 2342 333 2378 
1520 2376 2378 837 
1521 838 2377 2380 
1522 2377 2379 2380 
1523 2377 837 2379 
1524 2380 2379 403 
1525 426 2360 2382 
1526 2360 2381 2382 
1527 2360 834 2381 
1528 2382 2381 840 
1529 834 2383 2381 
1530 2383 2384 2381 
1531 2383 839 2384 
1532 2381 2384 840 
1533 834 2366 2383 
1534 2366 2385 2383 
1535 2366 452 2385 
1536 2383 2385 839 
1537 840 2384 2387 
1538 2384 2386 2387 
1539 2384 839 2386 
1540 2387 2386 502 
1541 502 2386 2389 
1542 2386 2388 2389 
1543 2386 839 2388 
1544 2389 2388 842 
1545 839 2390 2388 
1546 2390 2391 2388 
1547 2390 841 2391 
1548 2388 2391 842 
1549 839 2385 2390 
1550 2385 2392 2390 
1551 2385 452 2392 
1552 2390 2392 841 
1553 842 2391 2394 
1554 2391 2393 2394 
1555 2391 841 2393 
1556 2394 2393 530 
1557 560 2395 2397 
1558 2395 2396 2397 
1559 2395 843 2396 
1560 2397 2396 845 
1561 843 2398 2396 
1562 2398 2399 2396 
1563 2398 844 2399 
1564 2396 2399 845 
1565 843 2400 2398 
1566 2400 2401 2398 
1567 2400 517 2401 
1568 2398 2401 844 
1569 845 2399 2403 
1570 2399 2402 2403 
1571 2399 844 2402 
1572 2403 2402 581 
1573 454 2404 2406 
1574 2404 2405 2406 
1575 2404 846 2405 
1576 2406 2405 847 
1577 846 2407 2405 
1578 2407 2408 2405 
1579 2407 843 2408 
1580 2405 2408 847 
1581 846 2409 2407 
1582 2409 2400 2407 
1583 2409 517 2400 
1584 2407 2400 843 
1585 847 2408 2410 
1586 2408 2395 2410 
1587 2408 843 2395 
1588 2410 2395 560 
1589 593 2411 2413 
1590 2411 2412 2413 
1591 2411 848 2412 
1592 2413 2412 850 
1593 848 2414 2412 
1594 2414 2415 2412 
1595 2414 849 2415 
1596 2412 2415 850 
1597 848 2416 2414 
1598 2416 2417 2414 
1599 2416 581 2417 
1600 2414 2417 849 
1601 850 2415 2419 
1602 2415 2418 2419 
1603 2415 849 2418 
1604 2419 2418 615 
1605 560 2397 2421 
1606 2397 2420 2421 
1607 2397 845 2420 
1608 2421 2420 851 
1609 845 2422 2420 
1610 2422 2423 2420 
1611 2422 848 2423 
1612 2420 2423 851 
1613 845 2403 2422 
1614 2403 2416 2422 
1615 2403 581 2416 
1616 2422 2416 848 
1617 851 2423 2424 
1618 2423 2411 2424 
1619 2423 848 2411 
1620 2424 2411 593 
1621 678 2425 1884 
1622 2425 2426 1884 
1623 2425 852 2426 
1624 1884 2426 694 
1625 852 2427 2426 
1626 2427 2428 2426 
1627 2427 853 2428 
1628 2426 2428 694 
1629 852 2429 2427 
1630 2429 2430 2427 
1631 2429 670 2430 
1632 2427 2430 853 
1633 694 2428 1889 
1634 2428 2431 1889 
1635 2428 853 2431 
1636 1889 2431 679 
1637 379 2432 2367 
1638 2432 2433 2367 
1639 2432 854 2433 
1640 2367 2433 835 
1641 854 2434 2433 
1642 2434 2435 2433 
1643 2434 855 2435 
1644 2433 2435 835 
1645 854 2436 2434 
1646 2436 2437 2434 
1647 2436 345 2437 
1648 2434 2437 855 
1649 835 2435 2372 
1650 2435 2438 2372 
1651 2435 855 2438 
1652 2372 2438 425 
1653 607 2439 2441 
1654 2439 2440 2441 
1655 2439 856 2440 
1656 2441 2440 857 
1657 856 2442 2440 
1658 2442 2443 2440 
1659 2442 850 2443 
1660 2440 2443 857 
1661 856 2444 2442 
1662 2444 2413 2442 
1663 2444 593 2413 
1664 2442 2413 850 
1665 857 2443 2445 
1666 2443 2419 2445 
1667 2443 850 2419 
1668 2445 2419 615 
1669 607 2441 2447 
1670 2441 2446 2447 
1671 2441 857 2446 
1672 2447 2446 859 
1673 857 2448 2446 
1674 2448 2449 2446 
1675 2448 858 2449 
1676 2446 2449 859 
1677 857 2445 2448 
1678 2445 2450 2448 
1679 2445 615 2450 
1680 2448 2450 858 
1681 859 2449 2452 
1682 2449 2451 2452 
1683 2449 858 2451 
1684 2452 2451 628 
1685 503 2453 2455 
1686 2453 2454 2455 
1687 2453 860 2454 
1688 2455 2454 861 
1689 860 2456 2454 
1690 2456 2457 2454 
1691 2456 847 2457 
1692 2454 2457 861 
1693 860 2458 2456 
1694 2458 2406 2456 
1695 2458 454 2406 
1696 2456 2406 847 
1697 861 2457 2459 
1698 2457 2410 2459 
1699 2457 847 2410 
1700 2459 2410 560 
1701 427 2460 2462 
1702 2460 2461 2462 
1703 2460 862 2461 
1704 2462 2461 864 
1705 862 2463 2461 
1706 2463 2464 2461 
1707 2463 863 2464 
1708 2461 2464 864 
1709 862 2465 2463 
1710 2465 2466 2463 
1711 2465 417 2466 
1712 2463 2466 863 
1713 864 2464 2468 
1714 2464 2467 2468 
1715 2464 863 2467 
1716 2468 2467 503 
1717 452 2469 2392 
1718 2469 2470 2392 
1719 2469 865 2470 
1720 2392 2470 841 
1721 865 2471 2470 
1722 2471 2472 2470 
1723 2471 866 2472 
1724 2470 2472 841 
1725 865 2473 2471 
1726 2473 2474 2471 
1727 2473 521 2474 
1728 2471 2474 866 
1729 841 2472 2393 
1730 2472 2475 2393 
1731 2472 866 2475 
1732 2393 2475 530 
1733 417 2476 2466 
1734 2476 2477 2466 
1735 2476 867 2477 
1736 2466 2477 863 
1737 867 2478 2477 
1738 2478 2479 2477 
1739 2478 860 2479 
1740 2477 2479 863 
1741 867 2480 2478 
1742 2480 2458 2478 
1743 2480 454 2458 
1744 2478 2458 860 
1745 863 2479 2467 
1746 2479 2453 2467 
1747 2479 860 2453 
1748 2467 2453 503 
1749 530 2475 2482 
1750 2475 2481 2482 
1751 2475 866 2481 
1752 2482 2481 869 
1753 866 2483 2481 
1754 2483 2484 2481 
1755 2483 868 2484 
1756 2481 2484 869 
1757 866 2474 2483 
1758 2474 2485 2483 
1759 2474 521 2485 
1760 2483 2485 868 
1761 869 2484 2487 
1762 2484 2486 2487 
1763 2484 868 2486 
1764 2487 2486 550 
1765 381 2488 2490 
1766 2488 2489 2490 
1767 2488 870 2489 
1768 2490 2489 871 
1769 870 2491 2489 
1770 2491 2492 2489 
1771 2491 862 2492 
1772 2489 2492 871 
1773 870 2493 2491 
1774 2493 2465 2491 
1775 2493 417 2465 
1776 2491 2465 862 
1777 871 2492 2494 
1778 2492 2460 2494 
1779 2492 862 2460 
1780 2494 2460 427 
1781 530 2482 2496 
1782 2482 2495 2496 
1783 2482 869 2495 
1784 2496 2495 873 
1785 869 2497 2495 
1786 2497 2498 2495 
1787 2497 872 2498 
1788 2495 2498 873 
1789 869 2487 2497 
1790 2487 2499 2497 
1791 2487 550 2499 
1792 2497 2499 872 
1793 873 2498 2501 
1794 2498 2500 2501 
1795 2498 872 2500 
1796 2501 2500 571 
1797 571 2500 2503 
1798 2500 2502 2503 
1799 2500 872 2502 
1800 2503 2502 875 
1801 872 2504 2502 
1802 2504 2505 2502 
1803 2504 874 2505 
1804 2502 2505 875 
1805 872 2499 2504 
1806 2499 2506 2504 
1807 2499 550 2506 
1808 2504 2506 874 
1809 875 2505 2508 
1810 2505 2507 2508 
1811 2505 874 2507 
1812 2508 2507 579 
1813 404 2509 2511 
1814 2509 2510 2511 
1815 2509 876 2510 
1816 2511 2510 878 
1817 876 2512 2510 
1818 2512 2513 2510 
1819 2512 877 2513 
1820 2510 2513 878 
1821 876 2514 2512 
1822 2514 2515 2512 
1823 2514 377 2515 
1824 2512 2515 877 
1825 878 2513 2517 
1826 2513 2516 2517 
1827 2513 877 2516 
1828 2517 2516 409 
1829 341 2518 2344 
1830 2518 2519 2344 
1831 2518 879 2519 
1832 2344 2519 828 
1833 879 2520 2519 
1834 2520 2521 2519 
1835 2520 880 2521 
1836 2519 2521 828 
1837 879 2522 2520 
1838 2522 2523 2520 
1839 2522 343 2523 
1840 2520 2523 880 
1841 828 2521 2349 
1842 2521 2524 2349 
1843 2521 880 2524 
1844 2349 2524 406 
1845 342 2525 2351 
1846 2525 2526 2351 
1847 2525 881 2526 
1848 2351 2526 830 
1849 881 2527 2526 
1850 2527 2528 2526 
1851 2527 882 2528 
1852 2526 2528 830 
1853 881 2529 2527 
1854 2529 2530 2527 
1855 2529 344 2530 
1856 2527 2530 882 
1857 830 2528 2356 
1858 2528 2531 2356 
1859 2528 882 2531 
1860 2356 2531 408 
1861 343 2522 2533 
1862 2522 2532 2533 
1863 2522 879 2532 
1864 2533 2532 884 
1865 879 2534 2532 
1866 2534 2535 2532 
1867 2534 883 2535 
1868 2532 2535 884 
1869 879 2518 2534 
1870 2518 2536 2534 
1871 2518 341 2536 
1872 2534 2536 883 
1873 884 2535 2538 
1874 2535 2537 2538 
1875 2535 883 2537 
1876 2538 2537 366 
1877 344 2529 2540 
1878 2529 2539 2540 
1879 2529 881 2539 
1880 2540 2539 886 
1881 881 2541 2539 
1882 2541 2542 2539 
1883 2541 885 2542 
1884 2539 2542 886 
1885 881 2525 2541 
1886 2525 2543 2541 
1887 2525 342 2543 
1888 2541 2543 885 
1889 886 2542 2545 
1890 2542 2544 2545 
1891 2542 885 2544 
1892 2545 2544 367 
1893 52 2546 2548 
1894 2546 2547 2548 
1895 2546 887 2547 
1896 2548 2547 888 
1897 887 2549 2547 
1898 2549 2550 2547 
1899 2549 854 2550 
1900 2547 2550 888 
1901 887 2551 2549 
1902 2551 2436 2549 
1903 2551 345 2436 
1904 2549 2436 854 
1905 888 2550 2552 
1906 2550 2432 2552 
1907 2550 854 2432 
1908 2552 2432 379 
1909 429 2553 2555 
1910 2553 2554 2555 
1911 2553 889 2554 
1912 2555 2554 891 
1913 889 2556 2554 
1914 2556 2557 2554 
1915 2556 890 2557 
1916 2554 2557 891 
1917 889 2558 2556 
1918 2558 2559 2556 
1919 2558 428 2559 
1920 2556 2559 890 
1921 891 2557 2561 
1922 2557 2560 2561 
1923 2557 890 2560 
1924 2561 2560 463 
1925 531 2562 2084 
1926 2562 2563 2084 
1927 2562 892 2563 
1928 2084 2563 752 
1929 892 2564 2563 
1930 2564 2565 2563 
1931 2564 893 2565 
1932 2563 2565 752 
1933 892 2566 2564 
1934 2566 2567 2564 
1935 2566 496 2567 
1936 2564 2567 893 
1937 752 2565 2089 
1938 2565 2568 2089 
1939 2565 893 2568 
1940 2089 2568 556 
1941 380 2569 2571 
1942 2569 2570 2571 
1943 2569 894 2570 
1944 2571 2570 895 
1945 894 2572 2570 
1946 2572 2573 2570 
1947 2572 889 2573 
1948 2570 2573 895 
1949 894 2574 2572 
1950 2574 2558 2572 
1951 2574 428 2558 
1952 2572 2558 889 
1953 895 2573 2575 
1954 2573 2553 2575 
1955 2573 889 2553 
1956 2575 2553 429 
1957 351 2576 2578 
1958 2576 2577 2578 
1959 2576 896 2577 
1960 2578 2577 897 
1961 896 2579 2577 
1962 2579 2580 2577 
1963 2579 878 2580 
1964 2577 2580 897 
1965 896 2581 2579 
1966 2581 2511 2579 
1967 2581 404 2511 
1968 2579 2511 878 
1969 897 2580 2582 
1970 2580 2517 2582 
1971 2580 878 2517 
1972 2582 2517 409 
1973 561 2583 2289 
1974 2583 2584 2289 
1975 2583 898 2584 
1976 2289 2584 811 
1977 898 2585 2584 
1978 2585 2586 2584 
1979 2585 899 2586 
1980 2584 2586 811 
1981 898 2587 2585 
1982 2587 2588 2585 
1983 2587 519 2588 
1984 2585 2588 899 
1985 811 2586 2294 
1986 2586 2589 2294 
1987 2586 899 2589 
1988 2294 2589 585 
1989 432 2590 2592 
1990 2590 2591 2592 
1991 2590 900 2591 
1992 2592 2591 901 
1993 900 2593 2591 
1994 2593 2594 2591 
1995 2593 892 2594 
1996 2591 2594 901 
1997 900 2595 2593 
1998 2595 2566 2593 
1999 2595 496 2566 
2000 2593 2566 892 
2001 901 2594 2596 
2002 2594 2562 2596 
2003 2594 892 2562 
2004 2596 2562 531 
2005 453 2597 2599 
2006 2597 2598 2599 
2007 2597 902 2598 
2008 2599 2598 903 
2009 902 2600 2598 
2010 2600 2601 2598 
2011 2600 898 2601 
2012 2598 2601 903 
2013 902 2602 2600 
2014 2602 2587 2600 
2015 2602 519 2587 
2016 2600 2587 898 
2017 903 2601 2603 
2018 2601 2583 2603 
2019 2601 898 2583 
2020 2603 2583 561 
2021 464 2604 2103 
2022 2604 2605 2103 
2023 2604 904 2605 
2024 2103 2605 757 
2025 904 2606 2605 
2026 2606 2607 2605 
2027 2606 905 2607 
2028 2605 2607 757 
2029 904 2608 2606 
2030 2608 2609 2606 
2031 2608 431 2609 
2032 2606 2609 905 
2033 757 2607 2104 
2034 2607 2610 2104 
2035 2607 905 2610 
2036 2104 2610 499 
2037 450 2611 2613 
2038 2611 2612 2613 
2039 2611 906 2612 
2040 2613 2612 907 
2041 906 2614 2612 
2042 2614 2615 2612 
2043 2614 891 2615 
2044 2612 2615 907 
2045 906 2616 2614 
2046 2616 2555 2614 
2047 2616 429 2555 
2048 2614 2555 891 
2049 907 2615 2617 
2050 2615 2561 2617 
2051 2615 891 2561 
2052 2617 2561 463 
2053 450 2613 2619 
2054 2613 2618 2619 
2055 2613 907 2618 
2056 2619 2618 909 
2057 907 2620 2618 
2058 2620 2621 2618 
2059 2620 908 2621 
2060 2618 2621 909 
2061 907 2617 2620 
2062 2617 2622 2620 
2063 2617 463 2622 
2064 2620 2622 908 
2065 909 2621 2624 
2066 2621 2623 2624 
2067 2621 908 2623 
2068 2624 2623 484 
2069 504 2625 2627 
2070 2625 2626 2627 
2071 2625 910 2626 
2072 2627 2626 911 
2073 910 2628 2626 
2074 2628 2629 2626 
2075 2628 903 2629 
2076 2626 2629 911 
2077 910 2630 2628 
2078 2630 2599 2628 
2079 2630 453 2599 
2080 2628 2599 903 
2081 911 2629 2631 
2082 2629 2603 2631 
2083 2629 903 2603 
2084 2631 2603 561 
2085 465 2632 2634 
2086 2632 2633 2634 
2087 2632 912 2633 
2088 2634 2633 913 
2089 912 2635 2633 
2090 2635 2636 2633 
2091 2635 901 2636 
2092 2633 2636 913 
2093 912 2637 2635 
2094 2637 2592 2635 
2095 2637 432 2592 
2096 2635 2592 901 
2097 913 2636 2638 
2098 2636 2596 2638 
2099 2636 901 2596 
2100 2638 2596 531 
2101 562 2639 2140 
2102 2639 2640 2140 
2103 2639 914 2640 
2104 2140 2640 768 
2105 914 2641 2640 
2106 2641 2642 2640 
2107 2641 915 2642 
2108 2640 2642 768 
2109 914 2643 2641 
2110 2643 2644 2641 
2111 2643 525 2644 
2112 2641 2644 915 
2113 768 2642 2145 
2114 2642 2645 2145 
2115 2642 915 2645 
2116 2145 2645 584 
2117 430 2646 2648 
2118 2646 2647 2648 
2119 2646 916 2647 
2120 2648 2647 918 
2121 916 2649 2647 
2122 2649 2650 2647 
2123 2649 917 2650 
2124 2647 2650 918 
2125 916 2651 2649 
2126 2651 2652 2649 
2127 2651 418 2652 
2128 2649 2652 917 
2129 918 2650 2654 
2130 2650 2653 2654 
2131 2650 917 2653 
2132 2654 2653 504 
2133 418 2655 2652 
2134 2655 2656 2652 
2135 2655 919 2656 
2136 2652 2656 917 
2137 919 2657 2656 
2138 2657 2658 2656 
2139 2657 910 2658 
2140 2656 2658 917 
2141 919 2659 2657 
2142 2659 2630 2657 
2143 2659 453 2630 
2144 2657 2630 910 
2145 917 2658 2653 
2146 2658 2625 2653 
2147 2658 910 2625 
2148 2653 2625 504 
2149 380 2660 2569 
2150 2660 2661 2569 
2151 2660 920 2661 
2152 2569 2661 894 
2153 920 2662 2661 
2154 2662 2663 2661 
2155 2662 921 2663 
2156 2661 2663 894 
2157 920 2664 2662 
2158 2664 2665 2662 
2159 2664 346 2665 
2160 2662 2665 921 
2161 894 2663 2574 
2162 2663 2666 2574 
2163 2663 921 2666 
2164 2574 2666 428 
2165 455 2667 2669 
2166 2667 2668 2669 
2167 2667 922 2668 
2168 2669 2668 923 
2169 922 2670 2668 
2170 2670 2671 2668 
2171 2670 914 2671 
2172 2668 2671 923 
2173 922 2672 2670 
2174 2672 2643 2670 
2175 2672 525 2643 
2176 2670 2643 914 
2177 923 2671 2673 
2178 2671 2639 2673 
2179 2671 914 2639 
2180 2673 2639 562 
2181 382 2674 2676 
2182 2674 2675 2676 
2183 2674 924 2675 
2184 2676 2675 925 
2185 924 2677 2675 
2186 2677 2678 2675 
2187 2677 916 2678 
2188 2675 2678 925 
2189 924 2679 2677 
2190 2679 2651 2677 
2191 2679 418 2651 
2192 2677 2651 916 
2193 925 2678 2680 
2194 2678 2646 2680 
2195 2678 916 2646 
2196 2680 2646 430 
2197 332 2681 2683 
2198 2681 2682 2683 
2199 2681 926 2682 
2200 2683 2682 927 
2201 926 2684 2682 
2202 2684 2685 2682 
2203 2684 904 2685 
2204 2682 2685 927 
2205 926 2686 2684 
2206 2686 2608 2684 
2207 2686 431 2608 
2208 2684 2608 904 
2209 927 2685 2687 
2210 2685 2604 2687 
2211 2685 904 2604 
2212 2687 2604 464 
2213 505 2688 2690 
2214 2688 2689 2690 
2215 2688 928 2689 
2216 2690 2689 929 
2217 928 2691 2689 
2218 2691 2692 2689 
2219 2691 923 2692 
2220 2689 2692 929 
2221 928 2693 2691 
2222 2693 2669 2691 
2223 2693 455 2669 
2224 2691 2669 923 
2225 929 2692 2694 
2226 2692 2673 2694 
2227 2692 923 2673 
2228 2694 2673 562 
2229 573 2695 2697 
2230 2695 2696 2697 
2231 2695 930 2696 
2232 2697 2696 932 
2233 930 2698 2696 
2234 2698 2699 2696 
2235 2698 931 2699 
2236 2696 2699 932 
2237 930 2700 2698 
2238 2700 2701 2698 
2239 2700 557 2701 
2240 2698 2701 931 
2241 932 2699 2703 
2242 2699 2702 2703 
2243 2699 931 2702 
2244 2703 2702 603 
2245 655 2704 2706 
2246 2704 2705 2706 
2247 2704 933 2705 
2248 2706 2705 935 
2249 933 2707 2705 
2250 2707 2708 2705 
2251 2707 934 2708 
2252 2705 2708 935 
2253 933 2709 2707 
2254 2709 2710 2707 
2255 2709 670 2710 
2256 2707 2710 934 
2257 935 2708 2712 
2258 2708 2711 2712 
2259 2708 934 2711 
2260 2712 2711 671 
2261 671 2711 2714 
2262 2711 2713 2714 
2263 2711 934 2713 
2264 2714 2713 936 
2265 934 2715 2713 
2266 2715 2716 2713 
2267 2715 852 2716 
2268 2713 2716 936 
2269 934 2710 2715 
2270 2710 2429 2715 
2271 2710 670 2429 
2272 2715 2429 852 
2273 936 2716 2717 
2274 2716 2425 2717 
2275 2716 852 2425 
2276 2717 2425 678 
2277 557 2700 2719 
2278 2700 2718 2719 
2279 2700 930 2718 
2280 2719 2718 938 
2281 930 2720 2718 
2282 2720 2721 2718 
2283 2720 937 2721 
2284 2718 2721 938 
2285 930 2695 2720 
2286 2695 2722 2720 
2287 2695 573 2722 
2288 2720 2722 937 
2289 938 2721 2724 
2290 2721 2723 2724 
2291 2721 937 2723 
2292 2724 2723 574 
2293 351 2725 2576 
2294 2725 2726 2576 
2295 2725 939 2726 
2296 2576 2726 896 
2297 939 2727 2726 
2298 2727 2728 2726 
2299 2727 940 2728 
2300 2726 2728 896 
2301 939 2729 2727 
2302 2729 2730 2727 
2303 2729 340 2730 
2304 2727 2730 940 
2305 896 2728 2581 
2306 2728 2731 2581 
2307 2728 940 2731 
2308 2581 2731 404 
2309 519 2732 2734 
2310 2732 2733 2734 
2311 2732 941 2733 
2312 2734 2733 943 
2313 941 2735 2733 
2314 2735 2736 2733 
2315 2735 942 2736 
2316 2733 2736 943 
2317 941 2737 2735 
2318 2737 2738 2735 
2319 2737 532 2738 
2320 2735 2738 942 
2321 943 2736 2740 
2322 2736 2739 2740 
2323 2736 942 2739 
2324 2740 2739 554 
2325 325 2741 2743 
2326 2741 2742 2743 
2327 2741 944 2742 
2328 2743 2742 945 
2329 944 2744 2742 
2330 2744 2745 2742 
2331 2744 912 2745 
2332 2742 2745 945 
2333 944 2746 2744 
2334 2746 2637 2744 
2335 2746 432 2637 
2336 2744 2637 912 
2337 945 2745 2747 
2338 2745 2632 2747 
2339 2745 912 2632 
2340 2747 2632 465 
2341 434 2748 2750 
2342 2748 2749 2750 
2343 2748 946 2749 
2344 2750 2749 947 
2345 946 2751 2749 
2346 2751 2752 2749 
2347 2751 928 2752 
2348 2749 2752 947 
2349 946 2753 2751 
2350 2753 2693 2751 
2351 2753 455 2693 
2352 2751 2693 928 
2353 947 2752 2754 
2354 2752 2688 2754 
2355 2752 928 2688 
2356 2754 2688 505 
2357 519 2755 2732 
2358 2755 2756 2732 
2359 2755 948 2756 
2360 2732 2756 941 
2361 948 2757 2756 
2362 2757 2758 2756 
2363 2757 949 2758 
2364 2756 2758 941 
2365 948 2759 2757 
2366 2759 2760 2757 
2367 2759 506 2760 
2368 2757 2760 949 
2369 941 2758 2737 
2370 2758 2761 2737 
2371 2758 949 2761 
2372 2737 2761 532 
2373 506 2762 2760 
2374 2762 2763 2760 
2375 2762 950 2763 
2376 2760 2763 949 
2377 950 2764 2763 
2378 2764 2765 2763 
2379 2764 951 2765 
2380 2763 2765 949 
2381 950 2766 2764 
2382 2766 2767 2764 
2383 2766 458 2767 
2384 2764 2767 951 
2385 949 2765 2761 
2386 2765 2768 2761 
2387 2765 951 2768 
2388 2761 2768 532 
2389 460 2769 2771 
2390 2769 2770 2771 
2391 2769 952 2770 
2392 2771 2770 954 
2393 952 2772 2770 
2394 2772 2773 2770 
2395 2772 953 2773 
2396 2770 2773 954 
2397 952 2774 2772 
2398 2774 2775 2772 
2399 2774 480 2775 
2400 2772 2775 953 
2401 954 2773 2777 
2402 2773 2776 2777 
2403 2773 953 2776 
2404 2777 2776 489 
2405 206 2778 2780 
2406 2778 2779 2780 
2407 2778 955 2779 
2408 2780 2779 956 
2409 955 2781 2779 
2410 2781 2782 2779 
2411 2781 920 2782 
2412 2779 2782 956 
2413 955 2783 2781 
2414 2783 2664 2781 
2415 2783 346 2664 
2416 2781 2664 920 
2417 956 2782 2784 
2418 2782 2660 2784 
2419 2782 920 2660 
2420 2784 2660 380 
2421 381 2785 2488 
2422 2785 2786 2488 
2423 2785 957 2786 
2424 2488 2786 870 
2425 957 2787 2786 
2426 2787 2788 2786 
2427 2787 958 2788 
2428 2786 2788 870 
2429 957 2789 2787 
2430 2789 2790 2787 
2431 2789 328 2790 
2432 2787 2790 958 
2433 870 2788 2493 
2434 2788 2791 2493 
2435 2788 958 2791 
2436 2493 2791 417 
2437 436 2792 2794 
2438 2792 2793 2794 
2439 2792 959 2793 
2440 2794 2793 960 
2441 959 2795 2793 
2442 2795 2796 2793 
2443 2795 950 2796 
2444 2793 2796 960 
2445 959 2797 2795 
2446 2797 2766 2795 
2447 2797 458 2766 
2448 2795 2766 950 
2449 960 2796 2798 
2450 2796 2762 2798 
2451 2796 950 2762 
2452 2798 2762 506 
2453 460 2799 2769 
2454 2799 2800 2769 
2455 2799 961 2800 
2456 2769 2800 952 
2457 961 2801 2800 
2458 2801 2802 2800 
2459 2801 962 2802 
2460 2800 2802 952 
2461 961 2803 2801 
2462 2803 2804 2801 
2463 2803 437 2804 
2464 2801 2804 962 
2465 952 2802 2774 
2466 2802 2805 2774 
2467 2802 962 2805 
2468 2774 2805 480 
2469 431 2806 2808 
2470 2806 2807 2808 
2471 2806 963 2807 
2472 2808 2807 965 
2473 963 2809 2807 
2474 2809 2810 2807 
2475 2809 964 2810 
2476 2807 2810 965 
2477 963 2811 2809 
2478 2811 2812 2809 
2479 2811 442 2812 
2480 2809 2812 964 
2481 965 2810 2814 
2482 2810 2813 2814 
2483 2810 964 2813 
2484 2814 2813 459 
2485 333 2815 2378 
2486 2815 2816 2378 
2487 2815 966 2816 
2488 2378 2816 837 
2489 966 2817 2816 
2490 2817 2818 2816 
2491 2817 967 2818 
2492 2816 2818 837 
2493 966 2819 2817 
2494 2819 2820 2817 
2495 2819 234 2820 
2496 2817 2820 967 
2497 837 2818 2379 
2498 2818 2821 2379 
2499 2818 967 2821 
2500 2379 2821 403 
2501 434 2822 2748 
2502 2822 2823 2748 
2503 2822 968 2823 
2504 2748 2823 946 
2505 968 2824 2823 
2506 2824 2825 2823 
2507 2824 969 2825 
2508 2823 2825 946 
2509 968 2826 2824 
2510 2826 2827 2824 
2511 2826 415 2827 
2512 2824 2827 969 
2513 946 2825 2753 
2514 2825 2828 2753 
2515 2825 969 2828 
2516 2753 2828 455 
2517 87 88 2830 
2518 88 2829 2830 
2519 88 89 2829 
2520 2830 2829 971 
2521 89 2831 2829 
2522 2831 2832 2829 
2523 2831 970 2832 
2524 2829 2832 971 
2525 89 90 2831 
2526 90 2833 2831 
2527 90 91 2833 
2528 2831 2833 970 
2529 971 2832 2835 
2530 2832 2834 2835 
2531 2832 970 2834 
2532 2835 2834 340 
2533 382 2836 2674 
2534 2836 2837 2674 
2535 2836 972 2837 
2536 2674 2837 924 
2537 972 2838 2837 
2538 2838 2839 2837 
2539 2838 973 2839 
2540 2837 2839 924 
2541 972 2840 2838 
2542 2840 2841 2838 
2543 2840 326 2841 
2544 2838 2841 973 
2545 924 2839 2679 
2546 2839 2842 2679 
2547 2839 973 2842 
2548 2679 2842 418 
2549 675 2843 1877 
2550 2843 2844 1877 
2551 2843 974 2844 
2552 1877 2844 692 
2553 974 2845 2844 
2554 2845 2846 2844 
2555 2845 715 2846 
2556 2844 2846 692 
2557 974 2847 2845 
2558 2847 1954 2845 
2559 2847 680 1954 
2560 2845 1954 715 
2561 692 2846 1878 
2562 2846 1957 1878 
2563 2846 715 1957 
2564 1878 1957 681 
2565 675 2188 2843 
2566 2188 2848 2843 
2567 2188 781 2848 
2568 2843 2848 974 
2569 781 2849 2848 
2570 2849 2850 2848 
2571 2849 975 2850 
2572 2848 2850 974 
2573 781 2187 2849 
2574 2187 2851 2849 
2575 2187 673 2851 
2576 2849 2851 975 
2577 974 2850 2847 
2578 2850 2852 2847 
2579 2850 975 2852 
2580 2847 2852 680 
2581 341 2853 2536 
2582 2853 2854 2536 
2583 2853 976 2854 
2584 2536 2854 883 
2585 976 2855 2854 
2586 2855 2856 2854 
2587 2855 977 2856 
2588 2854 2856 883 
2589 976 2857 2855 
2590 2857 2858 2855 
2591 2857 317 2858 
2592 2855 2858 977 
2593 883 2856 2537 
2594 2856 2859 2537 
2595 2856 977 2859 
2596 2537 2859 366 
2597 342 2860 2543 
2598 2860 2861 2543 
2599 2860 978 2861 
2600 2543 2861 885 
2601 978 2862 2861 
2602 2862 2863 2861 
2603 2862 979 2863 
2604 2861 2863 885 
2605 978 2864 2862 
2606 2864 2865 2862 
2607 2864 159 2865 
2608 2862 2865 979 
2609 885 2863 2544 
2610 2863 2866 2544 
2611 2863 979 2866 
2612 2544 2866 367 
2613 656 2867 2869 
2614 2867 2868 2869 
2615 2867 980 2868 
2616 2869 2868 981 
2617 980 2870 2868 
2618 2870 2871 2868 
2619 2870 690 2871 
2620 2868 2871 981 
2621 980 2872 2870 
2622 2872 1871 2870 
2623 2872 654 1871 
2624 2870 1871 690 
2625 981 2871 2873 
2626 2871 1867 2873 
2627 2871 690 1867 
2628 2873 1867 662 
2629 634 2874 2876 
2630 2874 2875 2876 
2631 2874 982 2875 
2632 2876 2875 983 
2633 982 2877 2875 
2634 2877 2878 2875 
2635 2877 980 2878 
2636 2875 2878 983 
2637 982 2879 2877 
2638 2879 2872 2877 
2639 2879 654 2872 
2640 2877 2872 980 
2641 983 2878 2880 
2642 2878 2867 2880 
2643 2878 980 2867 
2644 2880 2867 656 
2645 573 2217 2722 
2646 2217 2881 2722 
2647 2217 789 2881 
2648 2722 2881 937 
2649 789 2882 2881 
2650 2882 2883 2881 
2651 2882 984 2883 
2652 2881 2883 937 
2653 789 2216 2882 
2654 2216 2884 2882 
2655 2216 526 2884 
2656 2882 2884 984 
2657 937 2883 2723 
2658 2883 2885 2723 
2659 2883 984 2885 
2660 2723 2885 574 
2661 672 2886 2888 
2662 2886 2887 2888 
2663 2886 985 2887 
2664 2888 2887 986 
2665 985 2889 2887 
2666 2889 2890 2887 
2667 2889 725 2890 
2668 2887 2890 986 
2669 985 2891 2889 
2670 2891 1988 2889 
2671 2891 664 1988 
2672 2889 1988 725 
2673 986 2890 2892 
2674 2890 1992 2892 
2675 2890 725 1992 
2676 2892 1992 676 
2677 653 2256 2894 
2678 2256 2893 2894 
2679 2256 802 2893 
2680 2894 2893 987 
2681 802 2895 2893 
2682 2895 2896 2893 
2683 2895 985 2896 
2684 2893 2896 987 
2685 802 2260 2895 
2686 2260 2891 2895 
2687 2260 664 2891 
2688 2895 2891 985 
2689 987 2896 2897 
2690 2896 2886 2897 
2691 2896 985 2886 
2692 2897 2886 672 
2693 436 2898 2792 
2694 2898 2899 2792 
2695 2898 988 2899 
2696 2792 2899 959 
2697 988 2900 2899 
2698 2900 2901 2899 
2699 2900 989 2901 
2700 2899 2901 959 
2701 988 2902 2900 
2702 2902 2903 2900 
2703 2902 416 2903 
2704 2900 2903 989 
2705 959 2901 2797 
2706 2901 2904 2797 
2707 2901 989 2904 
2708 2797 2904 458 
2709 431 2905 2806 
2710 2905 2906 2806 
2711 2905 990 2906 
2712 2806 2906 963 
2713 990 2907 2906 
2714 2907 2908 2906 
2715 2907 991 2908 
2716 2906 2908 963 
2717 990 2909 2907 
2718 2909 2910 2907 
2719 2909 388 2910 
2720 2907 2910 991 
2721 963 2908 2811 
2722 2908 2911 2811 
2723 2908 991 2911 
2724 2811 2911 442 
2725 526 2912 2884 
2726 2912 2913 2884 
2727 2912 992 2913 
2728 2884 2913 984 
2729 992 2914 2913 
2730 2914 2915 2913 
2731 2914 993 2915 
2732 2913 2915 984 
2733 992 2916 2914 
2734 2916 2917 2914 
2735 2916 533 2917 
2736 2914 2917 993 
2737 984 2915 2885 
2738 2915 2918 2885 
2739 2915 993 2918 
2740 2885 2918 574 
2741 293 2919 2921 
2742 2919 2920 2921 
2743 2919 994 2920 
2744 2921 2920 995 
2745 994 2922 2920 
2746 2922 2923 2920 
2747 2922 957 2923 
2748 2920 2923 995 
2749 994 2924 2922 
2750 2924 2789 2922 
2751 2924 328 2789 
2752 2922 2789 957 
2753 995 2923 2925 
2754 2923 2785 2925 
2755 2923 957 2785 
2756 2925 2785 381 
2757 432 2926 2928 
2758 2926 2927 2928 
2759 2926 996 2927 
2760 2928 2927 997 
2761 996 2929 2927 
2762 2929 2930 2927 
2763 2929 961 2930 
2764 2927 2930 997 
2765 996 2931 2929 
2766 2931 2803 2929 
2767 2931 437 2803 
2768 2929 2803 961 
2769 997 2930 2932 
2770 2930 2799 2932 
2771 2930 961 2799 
2772 2932 2799 460 
2773 387 2933 2935 
2774 2933 2934 2935 
2775 2933 998 2934 
2776 2935 2934 999 
2777 998 2936 2934 
2778 2936 2937 2934 
2779 2936 968 2937 
2780 2934 2937 999 
2781 998 2938 2936 
2782 2938 2826 2936 
2783 2938 415 2826 
2784 2936 2826 968 
2785 999 2937 2939 
2786 2937 2822 2939 
2787 2937 968 2822 
2788 2939 2822 434 
2789 383 2940 2942 
2790 2940 2941 2942 
2791 2940 1000 2941 
2792 2942 2941 1001 
2793 1000 2943 2941 
2794 2943 2944 2941 
2795 2943 927 2944 
2796 2941 2944 1001 
2797 1000 2945 2943 
2798 2945 2683 2943 
2799 2945 332 2683 
2800 2943 2683 927 
2801 1001 2944 2946 
2802 2944 2687 2946 
2803 2944 927 2687 
2804 2946 2687 464 
2805 533 2916 2948 
2806 2916 2947 2948 
2807 2916 992 2947 
2808 2948 2947 1003 
2809 992 2949 2947 
2810 2949 2950 2947 
2811 2949 1002 2950 
2812 2947 2950 1003 
2813 992 2912 2949 
2814 2912 2951 2949 
2815 2912 526 2951 
2816 2949 2951 1002 
2817 1003 2950 2953 
2818 2950 2952 2953 
2819 2950 1002 2952 
2820 2953 2952 543 
2821 642 2954 2956 
2822 2954 2955 2956 
2823 2954 1004 2955 
2824 2956 2955 1006 
2825 1004 2957 2955 
2826 2957 2958 2955 
2827 2957 1005 2958 
2828 2955 2958 1006 
2829 1004 2959 2957 
2830 2959 2960 2957 
2831 2959 655 2960 
2832 2957 2960 1005 
2833 1006 2958 2962 
2834 2958 2961 2962 
2835 2958 1005 2961 
2836 2962 2961 657 
2837 657 2961 2964 
2838 2961 2963 2964 
2839 2961 1005 2963 
2840 2964 2963 1007 
2841 1005 2965 2963 
2842 2965 2966 2963 
2843 2965 935 2966 
2844 2963 2966 1007 
2845 1005 2960 2965 
2846 2960 2706 2965 
2847 2960 655 2706 
2848 2965 2706 935 
2849 1007 2966 2967 
2850 2966 2712 2967 
2851 2966 935 2712 
2852 2967 2712 671 
2853 44 45 2969 
2854 45 2968 2969 
2855 45 46 2968 
2856 2969 2968 1009 
2857 46 2970 2968 
2858 2970 2971 2968 
2859 2970 1008 2971 
2860 2968 2971 1009 
2861 46 47 2970 
2862 47 2972 2970 
2863 47 48 2972 
2864 2970 2972 1008 
2865 1009 2971 2974 
2866 2971 2973 2974 
2867 2971 1008 2973 
2868 2974 2973 347 
2869 48 2975 2972 
2870 2975 2976 2972 
2871 2975 1010 2976 
2872 2972 2976 1008 
2873 1010 2977 2976 
2874 2977 2978 2976 
2875 2977 1011 2978 
2876 2976 2978 1008 
2877 1010 2979 2977 
2878 2979 2980 2977 
2879 2979 321 2980 
2880 2977 2980 1011 
2881 1008 2978 2973 
2882 2978 2981 2973 
2883 2978 1011 2981 
2884 2973 2981 347 
2885 123 124 2983 
2886 124 2982 2983 
2887 124 125 2982 
2888 2983 2982 1013 
2889 125 2984 2982 
2890 2984 2985 2982 
2891 2984 1012 2985 
2892 2982 2985 1013 
2893 125 126 2984 
2894 126 2986 2984 
2895 126 127 2986 
2896 2984 2986 1012 
2897 1013 2985 2988 
2898 2985 2987 2988 
2899 2985 1012 2987 
2900 2988 2987 324 
2901 281 282 2990 
2902 282 2989 2990 
2903 282 283 2989 
2904 2990 2989 1015 
2905 283 2991 2989 
2906 2991 2992 2989 
2907 2991 1014 2992 
2908 2989 2992 1015 
2909 283 284 2991 
2910 284 2993 2991 
2911 284 285 2993 
2912 2991 2993 1014 
2913 1015 2992 2995 
2914 2992 2994 2995 
2915 2992 1014 2994 
2916 2995 2994 322 
2917 340 2834 2730 
2918 2834 2996 2730 
2919 2834 970 2996 
2920 2730 2996 940 
2921 970 2997 2996 
2922 2997 2998 2996 
2923 2997 1016 2998 
2924 2996 2998 940 
2925 970 2833 2997 
2926 2833 2999 2997 
2927 2833 91 2999 
2928 2997 2999 1016 
2929 940 2998 2731 
2930 2998 3000 2731 
2931 2998 1016 3000 
2932 2731 3000 404 
2933 135 3001 3003 
2934 3001 3002 3003 
2935 3001 1017 3002 
2936 3003 3002 1018 
2937 1017 3004 3002 
2938 3004 3005 3002 
2939 3004 972 3005 
2940 3002 3005 1018 
2941 1017 3006 3004 
2942 3006 2840 3004 
2943 3006 326 2840 
2944 3004 2840 972 
2945 1018 3005 3007 
2946 3005 2836 3007 
2947 3005 972 2836 
2948 3007 2836 382 
2949 385 3008 3010 
2950 3008 3009 3010 
2951 3008 1019 3009 
2952 3010 3009 1020 
2953 1019 3011 3009 
2954 3011 3012 3009 
2955 3011 945 3012 
2956 3009 3012 1020 
2957 1019 3013 3011 
2958 3013 2743 3011 
2959 3013 325 2743 
2960 3011 2743 945 
2961 1020 3012 3014 
2962 3012 2747 3014 
2963 3012 945 2747 
2964 3014 2747 465 
2965 322 2994 3016 
2966 2994 3015 3016 
2967 2994 1014 3015 
2968 3016 3015 1022 
2969 1014 3017 3015 
2970 3017 3018 3015 
2971 3017 1021 3018 
2972 3015 3018 1022 
2973 1014 2993 3017 
2974 2993 3019 3017 
2975 2993 285 3019 
2976 3017 3019 1021 
2977 1022 3018 3021 
2978 3018 3020 3021 
2979 3018 1021 3020 
2980 3021 3020 353 
2981 384 3022 3024 
2982 3022 3023 3024 
2983 3022 1023 3023 
2984 3024 3023 1025 
2985 1023 3025 3023 
2986 3025 3026 3023 
2987 3025 1024 3026 
2988 3023 3026 1025 
2989 1023 3027 3025 
2990 3027 3028 3025 
2991 3027 435 3028 
2992 3025 3028 1024 
2993 1025 3026 3030 
2994 3026 3029 3030 
2995 3026 1024 3029 
2996 3030 3029 443 
2997 391 3031 3033 
2998 3031 3032 3033 
2999 3031 1026 3032 
3000 3033 3032 1027 
3001 1026 3034 3032 
3002 3034 3035 3032 
3003 3034 988 3035 
3004 3032 3035 1027 
3005 1026 3036 3034 
3006 3036 2902 3034 
3007 3036 416 2902 
3008 3034 2902 988 
3009 1027 3035 3037 
3010 3035 2898 3037 
3011 3035 988 2898 
3012 3037 2898 436 
3013 444 3038 3040 
3014 3038 3039 3040 
3015 3038 1028 3039 
3016 3040 3039 1030 
3017 1028 3041 3039 
3018 3041 3042 3039 
3019 3041 1029 3042 
3020 3039 3042 1030 
3021 1028 3043 3041 
3022 3043 3044 3041 
3023 3043 433 3044 
3024 3041 3044 1029 
3025 1030 3042 3046 
3026 3042 3045 3046 
3027 3042 1029 3045 
3028 3046 3045 451 
3029 324 2987 3048 
3030 2987 3047 3048 
3031 2987 1012 3047 
3032 3048 3047 1032 
3033 1012 3049 3047 
3034 3049 3050 3047 
3035 3049 1031 3050 
3036 3047 3050 1032 
3037 1012 2986 3049 
3038 2986 3051 3049 
3039 2986 127 3051 
3040 3049 3051 1031 
3041 1032 3050 3053 
3042 3050 3052 3053 
3043 3050 1031 3052 
3044 3053 3052 352 
3045 386 3054 3056 
3046 3054 3055 3056 
3047 3054 1033 3055 
3048 3056 3055 1034 
3049 1033 3057 3055 
3050 3057 3058 3055 
3051 3057 1028 3058 
3052 3055 3058 1034 
3053 1033 3059 3057 
3054 3059 3043 3057 
3055 3059 433 3043 
3056 3057 3043 1028 
3057 1034 3058 3060 
3058 3058 3038 3060 
3059 3058 1028 3038 
3060 3060 3038 444 
3061 608 3061 3063 
3062 3061 3062 3063 
3063 3061 1035 3062 
3064 3063 3062 1037 
3065 1035 3064 3062 
3066 3064 3065 3062 
3067 3064 1036 3065 
3068 3062 3065 1037 
3069 1035 3066 3064 
3070 3066 3067 3064 
3071 3066 579 3067 
3072 3064 3067 1036 
3073 1037 3065 3069 
3074 3065 3068 3069 
3075 3065 1036 3068 
3076 3069 3068 641 
3077 608 3063 3071 
3078 3063 3070 3071 
3079 3063 1037 3070 
3080 3071 3070 1039 
3081 1037 3072 3070 
3082 3072 3073 3070 
3083 3072 1038 3073 
3084 3070 3073 1039 
3085 1037 3069 3072 
3086 3069 3074 3072 
3087 3069 641 3074 
3088 3072 3074 1038 
3089 1039 3073 3076 
3090 3073 3075 3076 
3091 3073 1038 3075 
3092 3076 3075 646 
3093 289 290 3078 
3094 290 3077 3078 
3095 290 291 3077 
3096 3078 3077 1040 
3097 291 3079 3077 
3098 3079 3080 3077 
3099 3079 995 3080 
3100 3077 3080 1040 
3101 291 292 3079 
3102 292 2921 3079 
3103 292 293 2921 
3104 3079 2921 995 
3105 1040 3080 3081 
3106 3080 2925 3081 
3107 3080 995 2925 
3108 3081 2925 381 
3109 202 203 3083 
3110 203 3082 3083 
3111 203 204 3082 
3112 3083 3082 1041 
3113 204 3084 3082 
3114 3084 3085 3082 
3115 3084 956 3085 
3116 3082 3085 1041 
3117 204 205 3084 
3118 205 2780 3084 
3119 205 206 2780 
3120 3084 2780 956 
3121 1041 3085 3086 
3122 3085 2784 3086 
3123 3085 956 2784 
3124 3086 2784 380 
3125 444 3040 3088 
3126 3040 3087 3088 
3127 3040 1030 3087 
3128 3088 3087 1043 
3129 1030 3089 3087 
3130 3089 3090 3087 
3131 3089 1042 3090 
3132 3087 3090 1043 
3133 1030 3046 3089 
3134 3046 3091 3089 
3135 3046 451 3091 
3136 3089 3091 1042 
3137 1043 3090 3093 
3138 3090 3092 3093 
3139 3090 1042 3092 
3140 3093 3092 507 
3141 432 3094 2926 
3142 3094 3095 2926 
3143 3094 1044 3095 
3144 2926 3095 996 
3145 1044 3096 3095 
3146 3096 3097 3095 
3147 3096 1045 3097 
3148 3095 3097 996 
3149 1044 3098 3096 
3150 3098 3099 3096 
3151 3098 356 3099 
3152 3096 3099 1045 
3153 996 3097 2931 
3154 3097 3100 2931 
3155 3097 1045 3100 
3156 2931 3100 437 
3157 443 3029 3102 
3158 3029 3101 3102 
3159 3029 1024 3101 
3160 3102 3101 1047 
3161 1024 3103 3101 
3162 3103 3104 3101 
3163 3103 1046 3104 
3164 3101 3104 1047 
3165 1024 3028 3103 
3166 3028 3105 3103 
3167 3028 435 3105 
3168 3103 3105 1046 
3169 1047 3104 3107 
3170 3104 3106 3107 
3171 3104 1046 3106 
3172 3107 3106 508 
3173 131 132 3109 
3174 132 3108 3109 
3175 132 133 3108 
3176 3109 3108 1048 
3177 133 3110 3108 
3178 3110 3111 3108 
3179 3110 1018 3111 
3180 3108 3111 1048 
3181 133 134 3110 
3182 134 3003 3110 
3183 134 135 3003 
3184 3110 3003 1018 
3185 1048 3111 3112 
3186 3111 3007 3112 
3187 3111 1018 3007 
3188 3112 3007 382 
3189 388 3113 2910 
3190 3113 3114 2910 
3191 3113 1049 3114 
3192 2910 3114 991 
3193 1049 3115 3114 
3194 3115 3116 3114 
3195 3115 1050 3116 
3196 3114 3116 991 
3197 1049 3117 3115 
3198 3117 3118 3115 
3199 3117 355 3118 
3200 3115 3118 1050 
3201 991 3116 2911 
3202 3116 3119 2911 
3203 3116 1050 3119 
3204 2911 3119 442 
3205 673 3120 2851 
3206 3120 3121 2851 
3207 3120 1051 3121 
3208 2851 3121 975 
3209 1051 3122 3121 
3210 3122 3123 3121 
3211 3122 1052 3123 
3212 3121 3123 975 
3213 1051 3124 3122 
3214 3124 3125 3122 
3215 3124 674 3125 
3216 3122 3125 1052 
3217 975 3123 2852 
3218 3123 3126 2852 
3219 3123 1052 3126 
3220 2852 3126 680 
3221 347 2981 3128 
3222 2981 3127 3128 
3223 2981 1011 3127 
3224 3128 3127 1054 
3225 1011 3129 3127 
3226 3129 3130 3127 
3227 3129 1053 3130 
3228 3127 3130 1054 
3229 1011 2980 3129 
3230 2980 3131 3129 
3231 2980 321 3131 
3232 3129 3131 1053 
3233 1054 3130 3133 
3234 3130 3132 3133 
3235 3130 1053 3132 
3236 3133 3132 368 
3237 673 3134 3120 
3238 3134 3135 3120 
3239 3134 1055 3135 
3240 3120 3135 1051 
3241 1055 3136 3135 
3242 3136 3137 3135 
3243 3136 1056 3137 
3244 3135 3137 1051 
3245 1055 3138 3136 
3246 3138 3139 3136 
3247 3138 658 3139 
3248 3136 3139 1056 
3249 1051 3137 3124 
3250 3137 3140 3124 
3251 3137 1056 3140 
3252 3124 3140 674 
3253 498 3141 3143 
3254 3141 3142 3143 
3255 3141 1057 3142 
3256 3143 3142 1059 
3257 1057 3144 3142 
3258 3144 3145 3142 
3259 3144 1058 3145 
3260 3142 3145 1059 
3261 1057 3146 3144 
3262 3146 3147 3144 
3263 3146 547 3147 
3264 3144 3147 1058 
3265 1059 3145 3149 
3266 3145 3148 3149 
3267 3145 1058 3148 
3268 3149 3148 548 
3269 389 3150 3152 
3270 3150 3151 3152 
3271 3150 1060 3151 
3272 3152 3151 1061 
3273 1060 3153 3151 
3274 3153 3154 3151 
3275 3153 829 3154 
3276 3151 3154 1061 
3277 1060 3155 3153 
3278 3155 2346 3153 
3279 3155 341 2346 
3280 3153 2346 829 
3281 1061 3154 3156 
3282 3154 2350 3156 
3283 3154 829 2350 
3284 3156 2350 438 
3285 507 3092 3158 
3286 3092 3157 3158 
3287 3092 1042 3157 
3288 3158 3157 1063 
3289 1042 3159 3157 
3290 3159 3160 3157 
3291 3159 1062 3160 
3292 3157 3160 1063 
3293 1042 3091 3159 
3294 3091 3161 3159 
3295 3091 451 3161 
3296 3159 3161 1062 
3297 1063 3160 3163 
3298 3160 3162 3163 
3299 3160 1062 3162 
3300 3163 3162 522 
3301 123 2983 3165 
3302 2983 3164 3165 
3303 2983 1013 3164 
3304 3165 3164 1065 
3305 1013 3166 3164 
3306 3166 3167 3164 
3307 3166 1064 3167 
3308 3164 3167 1065 
3309 1013 2988 3166 
3310 2988 3168 3166 
3311 2988 324 3168 
3312 3166 3168 1064 
3313 1065 3167 3170 
3314 3167 3169 3170 
3315 3167 1064 3169 
3316 3170 3169 384 
3317 412 3171 3173 
3318 3171 3172 3173 
3319 3171 1066 3172 
3320 3173 3172 1067 
3321 1066 3174 3172 
3322 3174 3175 3172 
3323 3174 756 3175 
3324 3172 3175 1067 
3325 1066 3176 3174 
3326 3176 2102 3174 
3327 3176 464 2102 
3328 3174 2102 756 
3329 1067 3175 3177 
3330 3175 2098 3177 
3331 3175 756 2098 
3332 3177 2098 491 
3333 60 3178 3180 
3334 3178 3179 3180 
3335 3178 1068 3179 
3336 3180 3179 1069 
3337 1068 3181 3179 
3338 3181 3182 3179 
3339 3181 1000 3182 
3340 3179 3182 1069 
3341 1068 3183 3181 
3342 3183 2945 3181 
3343 3183 332 2945 
3344 3181 2945 1000 
3345 1069 3182 3184 
3346 3182 2940 3184 
3347 3182 1000 2940 
3348 3184 2940 383 
3349 601 3185 3187 
3350 3185 3186 3187 
3351 3185 1070 3186 
3352 3187 3186 1072 
3353 1070 3188 3186 
3354 3188 3189 3186 
3355 3188 1071 3189 
3356 3186 3189 1072 
3357 1070 3190 3188 
3358 3190 3191 3188 
3359 3190 596 3191 
3360 3188 3191 1071 
3361 1072 3189 3193 
3362 3189 3192 3193 
3363 3189 1071 3192 
3364 3193 3192 612 
3365 515 3194 3196 
3366 3194 3195 3196 
3367 3194 1073 3195 
3368 3196 3195 1074 
3369 1073 3197 3195 
3370 3197 3198 3195 
3371 3197 1059 3198 
3372 3195 3198 1074 
3373 1073 3199 3197 
3374 3199 3143 3197 
3375 3199 498 3143 
3376 3197 3143 1059 
3377 1074 3198 3200 
3378 3198 3149 3200 
3379 3198 1059 3149 
3380 3200 3149 548 
3381 238 239 3202 
3382 239 3201 3202 
3383 239 240 3201 
3384 3202 3201 1076 
3385 240 3203 3201 
3386 3203 3204 3201 
3387 3203 1075 3204 
3388 3201 3204 1076 
3389 240 241 3203 
3390 241 3205 3203 
3391 241 4 3205 
3392 3203 3205 1075 
3393 1076 3204 3207 
3394 3204 3206 3207 
3395 3204 1075 3206 
3396 3207 3206 365 
3397 281 2990 3209 
3398 2990 3208 3209 
3399 2990 1015 3208 
3400 3209 3208 1078 
3401 1015 3210 3208 
3402 3210 3211 3208 
3403 3210 1077 3211 
3404 3208 3211 1078 
3405 1015 2995 3210 
3406 2995 3212 3210 
3407 2995 322 3212 
3408 3210 3212 1077 
3409 1078 3211 3214 
3410 3211 3213 3214 
3411 3211 1077 3213 
3412 3214 3213 386 
3413 534 3215 3217 
3414 3215 3216 3217 
3415 3215 1079 3216 
3416 3217 3216 1081 
3417 1079 3218 3216 
3418 3218 3219 3216 
3419 3218 1080 3219 
3420 3216 3219 1081 
3421 1079 3220 3218 
3422 3220 3221 3218 
3423 3220 492 3221 
3424 3218 3221 1080 
3425 1081 3219 3223 
3426 3219 3222 3223 
3427 3219 1080 3222 
3428 3223 3222 553 
3429 317 318 2858 
3430 318 3224 2858 
3431 318 319 3224 
3432 2858 3224 977 
3433 319 3225 3224 
3434 3225 3226 3224 
3435 3225 1082 3226 
3436 3224 3226 977 
3437 319 320 3225 
3438 320 3227 3225 
3439 320 1 3227 
3440 3225 3227 1082 
3441 977 3226 2859 
3442 3226 3228 2859 
3443 3226 1082 3228 
3444 2859 3228 366 
3445 159 160 2865 
3446 160 3229 2865 
3447 160 161 3229 
3448 2865 3229 979 
3449 161 3230 3229 
3450 3230 3231 3229 
3451 3230 1083 3231 
3452 3229 3231 979 
3453 161 162 3230 
3454 162 3232 3230 
3455 162 3 3232 
3456 3230 3232 1083 
3457 979 3231 2866 
3458 3231 3233 2866 
3459 3231 1083 3233 
3460 2866 3233 367 
3461 390 3234 3236 
3462 3234 3235 3236 
3463 3234 1084 3235 
3464 3236 3235 1085 
3465 1084 3237 3235 
3466 3237 3238 3235 
3467 3237 831 3238 
3468 3235 3238 1085 
3469 1084 3239 3237 
3470 3239 2353 3237 
3471 3239 342 2353 
3472 3237 2353 831 
3473 1085 3238 3240 
3474 3238 2357 3240 
3475 3238 831 2357 
3476 3240 2357 439 
3477 563 3241 3243 
3478 3241 3242 3243 
3479 3241 1086 3242 
3480 3243 3242 1088 
3481 1086 3244 3242 
3482 3244 3245 3242 
3483 3244 1087 3245 
3484 3242 3245 1088 
3485 1086 3246 3244 
3486 3246 3247 3244 
3487 3246 553 3247 
3488 3244 3247 1087 
3489 1088 3245 3249 
3490 3245 3248 3249 
3491 3245 1087 3248 
3492 3249 3248 586 
3493 567 3250 3252 
3494 3250 3251 3252 
3495 3250 1089 3251 
3496 3252 3251 1090 
3497 1089 3253 3251 
3498 3253 3254 3251 
3499 3253 1070 3254 
3500 3251 3254 1090 
3501 1089 3255 3253 
3502 3255 3190 3253 
3503 3255 596 3190 
3504 3253 3190 1070 
3505 1090 3254 3256 
3506 3254 3185 3256 
3507 3254 1070 3185 
3508 3256 3185 601 
3509 618 3257 2068 
3510 3257 3258 2068 
3511 3257 1091 3258 
3512 2068 3258 747 
3513 1091 3259 3258 
3514 3259 3260 3258 
3515 3259 1092 3260 
3516 3258 3260 747 
3517 1091 3261 3259 
3518 3261 3262 3259 
3519 3261 616 3262 
3520 3259 3262 1092 
3521 747 3260 2069 
3522 3260 3263 2069 
3523 3260 1092 3263 
3524 2069 3263 629 
3525 571 2503 3265 
3526 2503 3264 3265 
3527 2503 875 3264 
3528 3265 3264 1094 
3529 875 3266 3264 
3530 3266 3267 3264 
3531 3266 1093 3267 
3532 3264 3267 1094 
3533 875 2508 3266 
3534 2508 3268 3266 
3535 2508 579 3268 
3536 3266 3268 1093 
3537 1094 3267 3270 
3538 3267 3269 3270 
3539 3267 1093 3269 
3540 3270 3269 594 
3541 594 3269 3272 
3542 3269 3271 3272 
3543 3269 1093 3271 
3544 3272 3271 1095 
3545 1093 3273 3271 
3546 3273 3274 3271 
3547 3273 1035 3274 
3548 3271 3274 1095 
3549 1093 3268 3273 
3550 3268 3066 3273 
3551 3268 579 3066 
3552 3273 3066 1035 
3553 1095 3274 3275 
3554 3274 3061 3275 
3555 3274 1035 3061 
3556 3275 3061 608 
3557 595 3276 3278 
3558 3276 3277 3278 
3559 3276 1096 3277 
3560 3278 3277 1098 
3561 1096 3279 3277 
3562 3279 3280 3277 
3563 3279 1097 3280 
3564 3277 3280 1098 
3565 1096 3281 3279 
3566 3281 3282 3279 
3567 3281 586 3282 
3568 3279 3282 1097 
3569 1098 3280 3284 
3570 3280 3283 3284 
3571 3280 1097 3283 
3572 3284 3283 606 
3573 353 3020 3286 
3574 3020 3285 3286 
3575 3020 1021 3285 
3576 3286 3285 1100 
3577 1021 3287 3285 
3578 3287 3288 3285 
3579 3287 1099 3288 
3580 3285 3288 1100 
3581 1021 3019 3287 
3582 3019 3289 3287 
3583 3019 285 3289 
3584 3287 3289 1099 
3585 1100 3288 3291 
3586 3288 3290 3291 
3587 3288 1099 3290 
3588 3291 3290 381 
3589 80 1883 3293 
3590 1883 3292 3293 
3591 1883 693 3292 
3592 3293 3292 1101 
3593 693 3294 3292 
3594 3294 3295 3292 
3595 3294 971 3295 
3596 3292 3295 1101 
3597 693 1879 3294 
3598 1879 2830 3294 
3599 1879 87 2830 
3600 3294 2830 971 
3601 1101 3295 3296 
3602 3295 2835 3296 
3603 3295 971 2835 
3604 3296 2835 340 
3605 563 3243 3298 
3606 3243 3297 3298 
3607 3243 1088 3297 
3608 3298 3297 1102 
3609 1088 3299 3297 
3610 3299 3300 3297 
3611 3299 1096 3300 
3612 3297 3300 1102 
3613 1088 3249 3299 
3614 3249 3281 3299 
3615 3249 586 3281 
3616 3299 3281 1096 
3617 1102 3300 3301 
3618 3300 3276 3301 
3619 3300 1096 3276 
3620 3301 3276 595 
3621 534 3217 3303 
3622 3217 3302 3303 
3623 3217 1081 3302 
3624 3303 3302 1103 
3625 1081 3304 3302 
3626 3304 3305 3302 
3627 3304 1086 3305 
3628 3302 3305 1103 
3629 1081 3223 3304 
3630 3223 3246 3304 
3631 3223 553 3246 
3632 3304 3246 1086 
3633 1103 3305 3306 
3634 3305 3241 3306 
3635 3305 1086 3241 
3636 3306 3241 563 
3637 214 3307 3309 
3638 3307 3308 3309 
3639 3307 1104 3308 
3640 3309 3308 1105 
3641 1104 3310 3308 
3642 3310 3311 3308 
3643 3310 1019 3311 
3644 3308 3311 1105 
3645 1104 3312 3310 
3646 3312 3013 3310 
3647 3312 325 3013 
3648 3310 3013 1019 
3649 1105 3311 3313 
3650 3311 3008 3313 
3651 3311 1019 3008 
3652 3313 3008 385 
3653 598 3314 3316 
3654 3314 3315 3316 
3655 3314 1106 3315 
3656 3316 3315 1107 
3657 1106 3317 3315 
3658 3317 3318 3315 
3659 3317 1091 3318 
3660 3315 3318 1107 
3661 1106 3319 3317 
3662 3319 3261 3317 
3663 3319 616 3261 
3664 3317 3261 1091 
3665 1107 3318 3320 
3666 3318 3257 3320 
3667 3318 1091 3257 
3668 3320 3257 618 
3669 387 3321 2933 
3670 3321 3322 2933 
3671 3321 1108 3322 
3672 2933 3322 998 
3673 1108 3323 3322 
3674 3323 3324 3322 
3675 3323 1109 3324 
3676 3322 3324 998 
3677 1108 3325 3323 
3678 3325 3326 3323 
3679 3325 335 3326 
3680 3323 3326 1109 
3681 998 3324 2938 
3682 3324 3327 2938 
3683 3324 1109 3327 
3684 2938 3327 415 
3685 613 3328 3330 
3686 3328 3329 3330 
3687 3328 1110 3329 
3688 3330 3329 1112 
3689 1110 3331 3329 
3690 3331 3332 3329 
3691 3331 1111 3332 
3692 3329 3332 1112 
3693 1110 3333 3331 
3694 3333 3334 3331 
3695 3333 588 3334 
3696 3331 3334 1111 
3697 1112 3332 3336 
3698 3332 3335 3336 
3699 3332 1111 3335 
3700 3336 3335 645 
3701 322 3016 3338 
3702 3016 3337 3338 
3703 3016 1022 3337 
3704 3338 3337 1114 
3705 1022 3339 3337 
3706 3339 3340 3337 
3707 3339 1113 3340 
3708 3337 3340 1114 
3709 1022 3021 3339 
3710 3021 3341 3339 
3711 3021 353 3341 
3712 3339 3341 1113 
3713 1114 3340 3343 
3714 3340 3342 3343 
3715 3340 1113 3342 
3716 3343 3342 371 
3717 605 3344 3346 
3718 3344 3345 3346 
3719 3344 1115 3345 
3720 3346 3345 1116 
3721 1115 3347 3345 
3722 3347 3348 3345 
3723 3347 1110 3348 
3724 3345 3348 1116 
3725 1115 3349 3347 
3726 3349 3333 3347 
3727 3349 588 3333 
3728 3347 3333 1110 
3729 1116 3348 3350 
3730 3348 3328 3350 
3731 3348 1110 3328 
3732 3350 3328 613 
3733 412 3351 3171 
3734 3351 3352 3171 
3735 3351 1117 3352 
3736 3171 3352 1066 
3737 1117 3353 3352 
3738 3353 3354 3352 
3739 3353 1001 3354 
3740 3352 3354 1066 
3741 1117 3355 3353 
3742 3355 2942 3353 
3743 3355 383 2942 
3744 3353 2942 1001 
3745 1066 3354 3176 
3746 3354 2946 3176 
3747 3354 1001 2946 
3748 3176 2946 464 
3749 384 3169 3022 
3750 3169 3356 3022 
3751 3169 1064 3356 
3752 3022 3356 1023 
3753 1064 3357 3356 
3754 3357 3358 3356 
3755 3357 1118 3358 
3756 3356 3358 1023 
3757 1064 3168 3357 
3758 3168 3359 3357 
3759 3168 324 3359 
3760 3357 3359 1118 
3761 1023 3358 3027 
3762 3358 3360 3027 
3763 3358 1118 3360 
3764 3027 3360 435 
3765 352 3052 3362 
3766 3052 3361 3362 
3767 3052 1031 3361 
3768 3362 3361 1120 
3769 1031 3363 3361 
3770 3363 3364 3361 
3771 3363 1119 3364 
3772 3361 3364 1120 
3773 1031 3051 3363 
3774 3051 3365 3363 
3775 3051 127 3365 
3776 3363 3365 1119 
3777 1120 3364 3367 
3778 3364 3366 3367 
3779 3364 1119 3366 
3780 3367 3366 382 
3781 467 3368 2240 
3782 3368 3369 2240 
3783 3368 1121 3369 
3784 2240 3369 797 
3785 1121 3370 3369 
3786 3370 3371 3369 
3787 3370 1122 3371 
3788 3369 3371 797 
3789 1121 3372 3370 
3790 3372 3373 3370 
3791 3372 438 3373 
3792 3370 3373 1122 
3793 797 3371 2245 
3794 3371 3374 2245 
3795 3371 1122 3374 
3796 2245 3374 494 
3797 386 3213 3054 
3798 3213 3375 3054 
3799 3213 1077 3375 
3800 3054 3375 1033 
3801 1077 3376 3375 
3802 3376 3377 3375 
3803 3376 1123 3377 
3804 3375 3377 1033 
3805 1077 3212 3376 
3806 3212 3378 3376 
3807 3212 322 3378 
3808 3376 3378 1123 
3809 1033 3377 3059 
3810 3377 3379 3059 
3811 3377 1123 3379 
3812 3059 3379 433 
3813 410 3380 3382 
3814 3380 3381 3382 
3815 3380 1124 3381 
3816 3382 3381 1125 
3817 1124 3383 3381 
3818 3383 3384 3381 
3819 3383 1020 3384 
3820 3381 3384 1125 
3821 1124 3385 3383 
3822 3385 3010 3383 
3823 3385 385 3010 
3824 3383 3010 1020 
3825 1125 3384 3386 
3826 3384 3014 3386 
3827 3384 1020 3014 
3828 3386 3014 465 
3829 323 3387 3389 
3830 3387 3388 3389 
3831 3387 1126 3388 
3832 3389 3388 1127 
3833 1126 3390 3388 
3834 3390 3391 3388 
3835 3390 1041 3391 
3836 3388 3391 1127 
3837 1126 3392 3390 
3838 3392 3083 3390 
3839 3392 202 3083 
3840 3390 3083 1041 
3841 1127 3391 3393 
3842 3391 3086 3393 
3843 3391 1041 3086 
3844 3393 3086 380 
3845 321 3394 3396 
3846 3394 3395 3396 
3847 3394 1128 3395 
3848 3396 3395 1129 
3849 1128 3397 3395 
3850 3397 3398 3395 
3851 3397 836 3398 
3852 3395 3398 1129 
3853 1128 3399 3397 
3854 3399 2369 3397 
3855 3399 379 2369 
3856 3397 2369 836 
3857 1129 3398 3400 
3858 3398 2373 3400 
3859 3398 836 2373 
3860 3400 2373 426 
3861 410 3401 3403 
3862 3401 3402 3403 
3863 3401 1130 3402 
3864 3403 3402 1131 
3865 1130 3404 3402 
3866 3404 3405 3402 
3867 3404 1079 3405 
3868 3402 3405 1131 
3869 1130 3406 3404 
3870 3406 3220 3404 
3871 3406 492 3220 
3872 3404 3220 1079 
3873 1131 3405 3407 
3874 3405 3215 3407 
3875 3405 1079 3215 
3876 3407 3215 534 
3877 328 3408 3410 
3878 3408 3409 3410 
3879 3408 1132 3409 
3880 3410 3409 1134 
3881 1132 3411 3409 
3882 3411 3412 3409 
3883 3411 1133 3412 
3884 3409 3412 1134 
3885 1132 3413 3411 
3886 3413 3414 3411 
3887 3413 350 3414 
3888 3411 3414 1133 
3889 1134 3412 3416 
3890 3412 3415 3416 
3891 3412 1133 3415 
3892 3416 3415 374 
3893 468 3417 2247 
3894 3417 3418 2247 
3895 3417 1135 3418 
3896 2247 3418 799 
3897 1135 3419 3418 
3898 3419 3420 3418 
3899 3419 1136 3420 
3900 3418 3420 799 
3901 1135 3421 3419 
3902 3421 3422 3419 
3903 3421 439 3422 
3904 3419 3422 1136 
3905 799 3420 2252 
3906 3420 3423 2252 
3907 3420 1136 3423 
3908 2252 3423 495 
3909 323 3389 3425 
3910 3389 3424 3425 
3911 3389 1127 3424 
3912 3425 3424 1137 
3913 1127 3426 3424 
3914 3426 3427 3424 
3915 3426 895 3427 
3916 3424 3427 1137 
3917 1127 3393 3426 
3918 3393 2571 3426 
3919 3393 380 2571 
3920 3426 2571 895 
3921 1137 3427 3428 
3922 3427 2575 3428 
3923 3427 895 2575 
3924 3428 2575 429 
3925 522 3429 3431 
3926 3429 3430 3431 
3927 3429 1138 3430 
3928 3431 3430 1139 
3929 1138 3432 3430 
3930 3432 3433 3430 
3931 3432 1115 3433 
3932 3430 3433 1139 
3933 1138 3434 3432 
3934 3434 3349 3432 
3935 3434 588 3349 
3936 3432 3349 1115 
3937 1139 3433 3435 
3938 3433 3344 3435 
3939 3433 1115 3344 
3940 3435 3344 605 
3941 391 3436 3031 
3942 3436 3437 3031 
3943 3436 1140 3437 
3944 3031 3437 1026 
3945 1140 3438 3437 
3946 3438 3439 3437 
3947 3438 1141 3439 
3948 3437 3439 1026 
3949 1140 3440 3438 
3950 3440 3441 3438 
3951 3440 336 3441 
3952 3438 3441 1141 
3953 1026 3439 3036 
3954 3439 3442 3036 
3955 3439 1141 3442 
3956 3036 3442 416 
3957 421 3443 3445 
3958 3443 3444 3445 
3959 3443 1142 3444 
3960 3445 3444 1144 
3961 1142 3446 3444 
3962 3446 3447 3444 
3963 3446 1143 3447 
3964 3444 3447 1144 
3965 1142 3448 3446 
3966 3448 3449 3446 
3967 3448 479 3449 
3968 3446 3449 1143 
3969 1144 3447 3451 
3970 3447 3450 3451 
3971 3447 1143 3450 
3972 3451 3450 514 
3973 575 3452 3454 
3974 3452 3453 3454 
3975 3452 1145 3453 
3976 3454 3453 1146 
3977 1145 3455 3453 
3978 3455 3456 3453 
3979 3455 1139 3456 
3980 3453 3456 1146 
3981 1145 3457 3455 
3982 3457 3431 3455 
3983 3457 522 3431 
3984 3455 3431 1139 
3985 1146 3456 3458 
3986 3456 3435 3458 
3987 3456 1139 3435 
3988 3458 3435 605 
3989 355 3459 3461 
3990 3459 3460 3461 
3991 3459 1147 3460 
3992 3461 3460 1148 
3993 1147 3462 3460 
3994 3462 3463 3460 
3995 3462 897 3463 
3996 3460 3463 1148 
3997 1147 3464 3462 
3998 3464 2578 3462 
3999 3464 351 2578 
4000 3462 2578 897 
4001 1148 3463 3465 
4002 3463 2582 3465 
4003 3463 897 2582 
4004 3465 2582 409 
4005 324 3048 3467 
4006 3048 3466 3467 
4007 3048 1032 3466 
4008 3467 3466 1150 
4009 1032 3468 3466 
4010 3468 3469 3466 
4011 3468 1149 3469 
4012 3466 3469 1150 
4013 1032 3053 3468 
4014 3053 3470 3468 
4015 3053 352 3470 
4016 3468 3470 1149 
4017 1150 3469 3472 
4018 3469 3471 3472 
4019 3469 1149 3471 
4020 3472 3471 369 
4021 353 3286 3474 
4022 3286 3473 3474 
4023 3286 1100 3473 
4024 3474 3473 1151 
4025 1100 3475 3473 
4026 3475 3476 3473 
4027 3475 871 3476 
4028 3473 3476 1151 
4029 1100 3291 3475 
4030 3291 2490 3475 
4031 3291 381 2490 
4032 3475 2490 871 
4033 1151 3476 3477 
4034 3476 2494 3477 
4035 3476 871 2494 
4036 3477 2494 427 
4037 446 3478 3480 
4038 3478 3479 3480 
4039 3478 1152 3479 
4040 3480 3479 1153 
4041 1152 3481 3479 
4042 3481 3482 3479 
4043 3481 1144 3482 
4044 3479 3482 1153 
4045 1152 3483 3481 
4046 3483 3445 3481 
4047 3483 421 3445 
4048 3481 3445 1144 
4049 1153 3482 3484 
4050 3482 3451 3484 
4051 3482 1144 3451 
4052 3484 3451 514 
4053 392 3485 3487 
4054 3485 3486 3487 
4055 3485 1154 3486 
4056 3487 3486 1155 
4057 1154 3488 3486 
4058 3488 3489 3486 
4059 3488 1044 3489 
4060 3486 3489 1155 
4061 1154 3490 3488 
4062 3490 3098 3488 
4063 3490 356 3098 
4064 3488 3098 1044 
4065 1155 3489 3491 
4066 3489 3094 3491 
4067 3489 1044 3094 
4068 3491 3094 432 
4069 422 3492 3494 
4070 3492 3493 3494 
4071 3492 1156 3493 
4072 3494 3493 1158 
4073 1156 3495 3493 
4074 3495 3496 3493 
4075 3495 1157 3496 
4076 3493 3496 1158 
4077 1156 3497 3495 
4078 3497 3498 3495 
4079 3497 456 3498 
4080 3495 3498 1157 
4081 1158 3496 3500 
4082 3496 3499 3500 
4083 3496 1157 3499 
4084 3500 3499 513 
4085 411 3501 3503 
4086 3501 3502 3503 
4087 3501 1159 3502 
4088 3503 3502 1160 
4089 1159 3504 3502 
4090 3504 3505 3502 
4091 3504 1073 3505 
4092 3502 3505 1160 
4093 1159 3506 3504 
4094 3506 3199 3504 
4095 3506 498 3199 
4096 3504 3199 1073 
4097 1160 3505 3507 
4098 3505 3194 3507 
4099 3505 1073 3194 
4100 3507 3194 515 
4101 345 3508 3510 
4102 3508 3509 3510 
4103 3508 1161 3509 
4104 3510 3509 1163 
4105 1161 3511 3509 
4106 3511 3512 3509 
4107 3511 1162 3512 
4108 3509 3512 1163 
4109 1161 3513 3511 
4110 3513 3514 3511 
4111 3513 56 3514 
4112 3511 3514 1162 
4113 1163 3512 3516 
4114 3512 3515 3516 
4115 3512 1162 3515 
4116 3516 3515 383 
4117 477 3517 3519 
4118 3517 3518 3519 
4119 3517 1164 3518 
4120 3519 3518 1165 
4121 1164 3520 3518 
4122 3520 3521 3518 
4123 3520 1160 3521 
4124 3518 3521 1165 
4125 1164 3522 3520 
4126 3522 3503 3520 
4127 3522 411 3503 
4128 3520 3503 1160 
4129 1165 3521 3523 
4130 3521 3507 3523 
4131 3521 1160 3507 
4132 3523 3507 515 
4133 598 3524 3314 
4134 3524 3525 3314 
4135 3524 1166 3525 
4136 3314 3525 1106 
4137 1166 3526 3525 
4138 3526 3527 3525 
4139 3526 1167 3527 
4140 3525 3527 1106 
4141 1166 3528 3526 
4142 3528 3529 3526 
4143 3528 597 3529 
4144 3526 3529 1167 
4145 1106 3527 3319 
4146 3527 3530 3319 
4147 3527 1167 3530 
4148 3319 3530 616 
4149 447 3531 3533 
4150 3531 3532 3533 
4151 3531 1168 3532 
4152 3533 3532 1169 
4153 1168 3534 3532 
4154 3534 3535 3532 
4155 3534 1158 3535 
4156 3532 3535 1169 
4157 1168 3536 3534 
4158 3536 3494 3534 
4159 3536 422 3494 
4160 3534 3494 1158 
4161 1169 3535 3537 
4162 3535 3500 3537 
4163 3535 1158 3500 
4164 3537 3500 513 
4165 4 242 3205 
4166 242 3538 3205 
4167 242 243 3538 
4168 3205 3538 1075 
4169 243 3539 3538 
4170 3539 3540 3538 
4171 3539 1170 3540 
4172 3538 3540 1075 
4173 243 244 3539 
4174 244 3541 3539 
4175 244 245 3541 
4176 3539 3541 1170 
4177 1075 3540 3206 
4178 3540 3542 3206 
4179 3540 1170 3542 
4180 3206 3542 365 
4181 326 3543 3545 
4182 3543 3544 3545 
4183 3543 1171 3544 
4184 3545 3544 1173 
4185 1171 3546 3544 
4186 3546 3547 3544 
4187 3546 1172 3547 
4188 3544 3547 1173 
4189 1171 3548 3546 
4190 3548 3549 3546 
4191 3548 354 3549 
4192 3546 3549 1172 
4193 1173 3547 3551 
4194 3547 3550 3551 
4195 3547 1172 3550 
4196 3551 3550 372 
4197 1 5 3227 
4198 5 3552 3227 
4199 5 6 3552 
4200 3227 3552 1082 
4201 6 3553 3552 
4202 3553 3554 3552 
4203 3553 1174 3554 
4204 3552 3554 1082 
4205 6 7 3553 
4206 7 3555 3553 
4207 7 8 3555 
4208 3553 3555 1174 
4209 1082 3554 3228 
4210 3554 3556 3228 
4211 3554 1174 3556 
4212 3228 3556 366 
4213 3 163 3232 
4214 163 3557 3232 
4215 163 164 3557 
4216 3232 3557 1083 
4217 164 3558 3557 
4218 3558 3559 3557 
4219 3558 1175 3559 
4220 3557 3559 1083 
4221 164 165 3558 
4222 165 3560 3558 
4223 165 166 3560 
4224 3558 3560 1175 
4225 1083 3559 3233 
4226 3559 3561 3233 
4227 3559 1175 3561 
4228 3233 3561 367 
4229 570 3562 3564 
4230 3562 3563 3564 
4231 3562 1176 3563 
4232 3564 3563 1177 
4233 1176 3565 3563 
4234 3565 3566 3563 
4235 3565 1166 3566 
4236 3563 3566 1177 
4237 1176 3567 3565 
4238 3567 3528 3565 
4239 3567 597 3528 
4240 3565 3528 1166 
4241 1177 3566 3568 
4242 3566 3524 3568 
4243 3566 1166 3524 
4244 3568 3524 598 
4245 516 3569 3571 
4246 3569 3570 3571 
4247 3569 1178 3570 
4248 3571 3570 1180 
4249 1178 3572 3570 
4250 3572 3573 3570 
4251 3572 1179 3573 
4252 3570 3573 1180 
4253 1178 3574 3572 
4254 3574 3575 3572 
4255 3574 497 3575 
4256 3572 3575 1179 
4257 1180 3573 3577 
4258 3573 3576 3577 
4259 3573 1179 3576 
4260 3577 3576 546 
4261 665 2049 3579 
4262 2049 3578 3579 
4263 2049 741 3578 
4264 3579 3578 1182 
4265 741 3580 3578 
4266 3580 3581 3578 
4267 3580 1181 3581 
4268 3578 3581 1182 
4269 741 2048 3580 
4270 2048 3582 3580 
4271 2048 648 3582 
4272 3580 3582 1181 
4273 1182 3581 3584 
4274 3581 3583 3584 
4275 3581 1181 3583 
4276 3584 3583 671 
4277 305 3585 3587 
4278 3585 3586 3587 
4279 3585 1183 3586 
4280 3587 3586 1184 
4281 1183 3588 3586 
4282 3588 3589 3586 
4283 3588 1108 3589 
4284 3586 3589 1184 
4285 1183 3590 3588 
4286 3590 3325 3588 
4287 3590 335 3325 
4288 3588 3325 1108 
4289 1184 3589 3591 
4290 3589 3321 3591 
4291 3589 1108 3321 
4292 3591 3321 387 
4293 665 3579 1944 
4294 3579 3592 1944 
4295 3579 1182 3592 
4296 1944 3592 712 
4297 1182 3593 3592 
4298 3593 3594 3592 
4299 3593 936 3594 
4300 3592 3594 712 
4301 1182 3584 3593 
4302 3584 2714 3593 
4303 3584 671 2714 
4304 3593 2714 936 
4305 712 3594 1949 
4306 3594 2717 1949 
4307 3594 936 2717 
4308 1949 2717 678 
4309 48 49 3596 
4310 49 3595 3596 
4311 49 50 3595 
4312 3596 3595 1185 
4313 50 3597 3595 
4314 3597 3598 3595 
4315 3597 888 3598 
4316 3595 3598 1185 
4317 50 51 3597 
4318 51 2548 3597 
4319 51 52 2548 
4320 3597 2548 888 
4321 1185 3598 3599 
4322 3598 2552 3599 
4323 3598 888 2552 
4324 3599 2552 379 
4325 335 3600 3602 
4326 3600 3601 3602 
4327 3600 1186 3601 
4328 3602 3601 1187 
4329 1186 3603 3601 
4330 3603 3604 3601 
4331 3603 1121 3604 
4332 3601 3604 1187 
4333 1186 3605 3603 
4334 3605 3372 3603 
4335 3605 438 3372 
4336 3603 3372 1121 
4337 1187 3604 3606 
4338 3604 3368 3606 
4339 3604 1121 3368 
4340 3606 3368 467 
4341 576 3607 3609 
4342 3607 3608 3609 
4343 3607 1188 3608 
4344 3609 3608 1190 
4345 1188 3610 3608 
4346 3610 3611 3608 
4347 3610 1189 3611 
4348 3608 3611 1190 
4349 1188 3612 3610 
4350 3612 3613 3610 
4351 3612 591 3613 
4352 3610 3613 1189 
4353 1190 3611 3615 
4354 3611 3614 3615 
4355 3611 1189 3614 
4356 3615 3614 600 
4357 497 3616 3575 
4358 3616 3617 3575 
4359 3616 1191 3617 
4360 3575 3617 1179 
4361 1191 3618 3617 
4362 3618 3619 3617 
4363 3618 1192 3619 
4364 3617 3619 1179 
4365 1191 3620 3618 
4366 3620 3621 3618 
4367 3620 545 3621 
4368 3618 3621 1192 
4369 1179 3619 3576 
4370 3619 3622 3576 
4371 3619 1192 3622 
4372 3576 3622 546 
4373 346 3623 3625 
4374 3623 3624 3625 
4375 3623 1193 3624 
4376 3625 3624 1195 
4377 1193 3626 3624 
4378 3626 3627 3624 
4379 3626 1194 3627 
4380 3624 3627 1195 
4381 1193 3628 3626 
4382 3628 3629 3626 
4383 3628 210 3629 
4384 3626 3629 1194 
4385 1195 3627 3631 
4386 3627 3630 3631 
4387 3627 1194 3630 
4388 3631 3630 385 
4389 350 3632 3634 
4390 3632 3633 3634 
4391 3632 1196 3633 
4392 3634 3633 1197 
4393 1196 3635 3633 
4394 3635 3636 3633 
4395 3635 999 3636 
4396 3633 3636 1197 
4397 1196 3637 3635 
4398 3637 2935 3635 
4399 3637 387 2935 
4400 3635 2935 999 
4401 1197 3636 3638 
4402 3636 2939 3638 
4403 3636 999 2939 
4404 3638 2939 434 
4405 352 3362 3640 
4406 3362 3639 3640 
4407 3362 1120 3639 
4408 3640 3639 1198 
4409 1120 3641 3639 
4410 3641 3642 3639 
4411 3641 925 3642 
4412 3639 3642 1198 
4413 1120 3367 3641 
4414 3367 2676 3641 
4415 3367 382 2676 
4416 3641 2676 925 
4417 1198 3642 3643 
4418 3642 2680 3643 
4419 3642 925 2680 
4420 3643 2680 430 
4421 507 3158 3645 
4422 3158 3644 3645 
4423 3158 1063 3644 
4424 3645 3644 1199 
4425 1063 3646 3644 
4426 3646 3647 3644 
4427 3646 1145 3647 
4428 3644 3647 1199 
4429 1063 3163 3646 
4430 3163 3457 3646 
4431 3163 522 3457 
4432 3646 3457 1145 
4433 1199 3647 3648 
4434 3647 3452 3648 
4435 3647 1145 3452 
4436 3648 3452 575 
4437 336 3649 3651 
4438 3649 3650 3651 
4439 3649 1200 3650 
4440 3651 3650 1201 
4441 1200 3652 3650 
4442 3652 3653 3650 
4443 3652 1135 3653 
4444 3650 3653 1201 
4445 1200 3654 3652 
4446 3654 3421 3652 
4447 3654 439 3421 
4448 3652 3421 1135 
4449 1201 3653 3655 
4450 3653 3417 3655 
4451 3653 1135 3417 
4452 3655 3417 468 
4453 423 3656 3658 
4454 3656 3657 3658 
4455 3656 1202 3657 
4456 3658 3657 1204 
4457 1202 3659 3657 
4458 3659 3660 3657 
4459 3659 1203 3660 
4460 3657 3660 1204 
4461 1202 3661 3659 
4462 3661 3662 3659 
4463 3661 440 3662 
4464 3659 3662 1203 
4465 1204 3660 3664 
4466 3660 3663 3664 
4467 3660 1203 3663 
4468 3664 3663 466 
4469 469 3665 3667 
4470 3665 3666 3667 
4471 3665 1205 3666 
4472 3667 3666 1206 
4473 1205 3668 3666 
4474 3668 3669 3666 
4475 3668 1067 3669 
4476 3666 3669 1206 
4477 1205 3670 3668 
4478 3670 3173 3668 
4479 3670 412 3173 
4480 3668 3173 1067 
4481 1206 3669 3671 
4482 3669 3177 3671 
4483 3669 1067 3177 
4484 3671 3177 491 
4485 577 3672 3674 
4486 3672 3673 3674 
4487 3672 1207 3673 
4488 3674 3673 1208 
4489 1207 3675 3673 
4490 3675 3676 3673 
4491 3675 1190 3676 
4492 3673 3676 1208 
4493 1207 3677 3675 
4494 3677 3609 3675 
4495 3677 576 3609 
4496 3675 3609 1190 
4497 1208 3676 3678 
4498 3676 3615 3678 
4499 3676 1190 3615 
4500 3678 3615 600 
4501 540 3679 3681 
4502 3679 3680 3681 
4503 3679 1209 3680 
4504 3681 3680 1210 
4505 1209 3682 3680 
4506 3682 3683 3680 
4507 3682 1199 3683 
4508 3680 3683 1210 
4509 1209 3684 3682 
4510 3684 3645 3682 
4511 3684 507 3645 
4512 3682 3645 1199 
4513 1210 3683 3685 
4514 3683 3648 3685 
4515 3683 1199 3648 
4516 3685 3648 575 
4517 345 3510 3687 
4518 3510 3686 3687 
4519 3510 1163 3686 
4520 3687 3686 1211 
4521 1163 3688 3686 
4522 3688 3689 3686 
4523 3688 1117 3689 
4524 3686 3689 1211 
4525 1163 3516 3688 
4526 3516 3355 3688 
4527 3516 383 3355 
4528 3688 3355 1117 
4529 1211 3689 3690 
4530 3689 3351 3690 
4531 3689 1117 3351 
4532 3690 3351 412 
4533 415 3691 3693 
4534 3691 3692 3693 
4535 3691 1212 3692 
4536 3693 3692 1213 
4537 1212 3694 3692 
4538 3694 3695 3692 
4539 3694 798 3695 
4540 3692 3695 1213 
4541 1212 3696 3694 
4542 3696 2242 3694 
4543 3696 467 2242 
4544 3694 2242 798 
4545 1213 3695 3697 
4546 3695 2246 3697 
4547 3695 798 2246 
4548 3697 2246 500 
4549 354 3698 3700 
4550 3698 3699 3700 
4551 3698 1214 3699 
4552 3700 3699 1215 
4553 1214 3701 3699 
4554 3701 3702 3699 
4555 3701 1027 3702 
4556 3699 3702 1215 
4557 1214 3703 3701 
4558 3703 3033 3701 
4559 3703 391 3033 
4560 3701 3033 1027 
4561 1215 3702 3704 
4562 3702 3037 3704 
4563 3702 1027 3037 
4564 3704 3037 436 
4565 628 3705 3707 
4566 3705 3706 3707 
4567 3705 1216 3706 
4568 3707 3706 1218 
4569 1216 3708 3706 
4570 3708 3709 3706 
4571 3708 1217 3709 
4572 3706 3709 1218 
4573 1216 3710 3708 
4574 3710 3711 3708 
4575 3710 663 3711 
4576 3708 3711 1217 
4577 1218 3709 3713 
4578 3709 3712 3713 
4579 3709 1217 3712 
4580 3713 3712 674 
4581 608 3071 3715 
4582 3071 3714 3715 
4583 3071 1039 3714 
4584 3715 3714 1220 
4585 1039 3716 3714 
4586 3716 3717 3714 
4587 3716 1219 3717 
4588 3714 3717 1220 
4589 1039 3076 3716 
4590 3076 3718 3716 
4591 3076 646 3718 
4592 3716 3718 1219 
4593 1220 3717 3720 
4594 3717 3719 3720 
4595 3717 1219 3719 
4596 3720 3719 655 
4597 512 3721 3723 
4598 3721 3722 3723 
4599 3721 1221 3722 
4600 3723 3722 1222 
4601 1221 3724 3722 
4602 3724 3725 3722 
4603 3724 938 3725 
4604 3722 3725 1222 
4605 1221 3726 3724 
4606 3726 2719 3724 
4607 3726 557 2719 
4608 3724 2719 938 
4609 1222 3725 3727 
4610 3725 2724 3727 
4611 3725 938 2724 
4612 3727 2724 574 
4613 642 3728 2954 
4614 3728 3729 2954 
4615 3728 1223 3729 
4616 2954 3729 1004 
4617 1223 3730 3729 
4618 3730 3731 3729 
4619 3730 1220 3731 
4620 3729 3731 1004 
4621 1223 3732 3730 
4622 3732 3715 3730 
4623 3732 608 3715 
4624 3730 3715 1220 
4625 1004 3731 2959 
4626 3731 3720 2959 
4627 3731 1220 3720 
4628 2959 3720 655 
4629 661 3733 3735 
4630 3733 3734 3735 
4631 3733 1224 3734 
4632 3735 3734 1225 
4633 1224 3736 3734 
4634 3736 3737 3734 
4635 3736 1218 3737 
4636 3734 3737 1225 
4637 1224 3738 3736 
4638 3738 3707 3736 
4639 3738 628 3707 
4640 3736 3707 1218 
4641 1225 3737 3739 
4642 3737 3713 3739 
4643 3737 1218 3713 
4644 3739 3713 674 
4645 68 3740 3742 
4646 3740 3741 3742 
4647 3740 1226 3741 
4648 3742 3741 1227 
4649 1226 3743 3741 
4650 3743 3744 3741 
4651 3743 1049 3744 
4652 3741 3744 1227 
4653 1226 3745 3743 
4654 3745 3117 3743 
4655 3745 355 3117 
4656 3743 3117 1049 
4657 1227 3744 3746 
4658 3744 3113 3746 
4659 3744 1049 3113 
4660 3746 3113 388 
4661 408 3747 2329 
4662 3747 3748 2329 
4663 3747 1228 3748 
4664 2329 3748 823 
4665 1228 3749 3748 
4666 3749 3750 3748 
4667 3749 1229 3750 
4668 3748 3750 823 
4669 1228 3751 3749 
4670 3751 3752 3749 
4671 3751 407 3752 
4672 3749 3752 1229 
4673 823 3750 2330 
4674 3750 3753 2330 
4675 3750 1229 3753 
4676 2330 3753 483 
4677 410 3382 3401 
4678 3382 3754 3401 
4679 3382 1125 3754 
4680 3401 3754 1130 
4681 1125 3755 3754 
4682 3755 3756 3754 
4683 3755 1230 3756 
4684 3754 3756 1130 
4685 1125 3386 3755 
4686 3386 3757 3755 
4687 3386 465 3757 
4688 3755 3757 1230 
4689 1130 3756 3406 
4690 3756 3758 3406 
4691 3756 1230 3758 
4692 3406 3758 492 
4693 416 3759 3761 
4694 3759 3760 3761 
4695 3759 1231 3760 
4696 3761 3760 1232 
4697 1231 3762 3760 
4698 3762 3763 3760 
4699 3762 800 3763 
4700 3760 3763 1232 
4701 1231 3764 3762 
4702 3764 2249 3762 
4703 3764 468 2249 
4704 3762 2249 800 
4705 1232 3763 3765 
4706 3763 2253 3765 
4707 3763 800 2253 
4708 3765 2253 501 
4709 309 3766 3768 
4710 3766 3767 3768 
4711 3766 1233 3767 
4712 3768 3767 1234 
4713 1233 3769 3767 
4714 3769 3770 3767 
4715 3769 1060 3770 
4716 3767 3770 1234 
4717 1233 3771 3769 
4718 3771 3155 3769 
4719 3771 341 3155 
4720 3769 3155 1060 
4721 1234 3770 3772 
4722 3770 3150 3772 
4723 3770 1060 3150 
4724 3772 3150 389 
4725 151 3773 3775 
4726 3773 3774 3775 
4727 3773 1235 3774 
4728 3775 3774 1236 
4729 1235 3776 3774 
4730 3776 3777 3774 
4731 3776 1084 3777 
4732 3774 3777 1236 
4733 1235 3778 3776 
4734 3778 3239 3776 
4735 3778 342 3239 
4736 3776 3239 1084 
4737 1236 3777 3779 
4738 3777 3234 3779 
4739 3777 1084 3234 
4740 3779 3234 390 
4741 356 3780 3099 
4742 3780 3781 3099 
4743 3780 1237 3781 
4744 3099 3781 1045 
4745 1237 3782 3781 
4746 3782 3783 3781 
4747 3782 1238 3783 
4748 3781 3783 1045 
4749 1237 3784 3782 
4750 3784 3785 3782 
4751 3784 333 3785 
4752 3782 3785 1238 
4753 1045 3783 3100 
4754 3783 3786 3100 
4755 3783 1238 3786 
4756 3100 3786 437 
4757 668 3787 2128 
4758 3787 3788 2128 
4759 3787 1239 3788 
4760 2128 3788 765 
4761 1239 3789 3788 
4762 3789 3790 3788 
4763 3789 986 3790 
4764 3788 3790 765 
4765 1239 3791 3789 
4766 3791 2888 3789 
4767 3791 672 2888 
4768 3789 2888 986 
4769 765 3790 2132 
4770 3790 2892 2132 
4771 3790 986 2892 
4772 2132 2892 676 
4773 533 3792 2917 
4774 3792 3793 2917 
4775 3792 1240 3793 
4776 2917 3793 993 
4777 1240 3794 3793 
4778 3794 3795 3793 
4779 3794 1222 3795 
4780 3793 3795 993 
4781 1240 3796 3794 
4782 3796 3723 3794 
4783 3796 512 3723 
4784 3794 3723 1222 
4785 993 3795 2918 
4786 3795 3727 2918 
4787 3795 1222 3727 
4788 2918 3727 574 
4789 301 302 3798 
4790 302 3797 3798 
4791 302 303 3797 
4792 3798 3797 1241 
4793 303 3799 3797 
4794 3799 3800 3797 
4795 3799 1184 3800 
4796 3797 3800 1241 
4797 303 304 3799 
4798 304 3587 3799 
4799 304 305 3587 
4800 3799 3587 1184 
4801 1241 3800 3801 
4802 3800 3591 3801 
4803 3800 1184 3591 
4804 3801 3591 387 
4805 91 92 2999 
4806 92 3802 2999 
4807 92 93 3802 
4808 2999 3802 1016 
4809 93 3803 3802 
4810 3803 3804 3802 
4811 3803 1242 3804 
4812 3802 3804 1016 
4813 93 94 3803 
4814 94 3805 3803 
4815 94 95 3805 
4816 3803 3805 1242 
4817 1016 3804 3000 
4818 3804 3806 3000 
4819 3804 1242 3806 
4820 3000 3806 404 
4821 406 3807 2311 
4822 3807 3808 2311 
4823 3807 1243 3808 
4824 2311 3808 817 
4825 1243 3809 3808 
4826 3809 3810 3808 
4827 3809 1244 3810 
4828 3808 3810 817 
4829 1243 3811 3809 
4830 3811 3812 3809 
4831 3811 405 3812 
4832 3809 3812 1244 
4833 817 3810 2312 
4834 3810 3813 2312 
4835 3810 1244 3813 
4836 2312 3813 482 
4837 572 3814 3816 
4838 3814 3815 3816 
4839 3814 1245 3815 
4840 3816 3815 1246 
4841 1245 3817 3815 
4842 3817 3818 3815 
4843 3817 1094 3818 
4844 3815 3818 1246 
4845 1245 3819 3817 
4846 3819 3265 3817 
4847 3819 571 3265 
4848 3817 3265 1094 
4849 1246 3818 3820 
4850 3818 3270 3820 
4851 3818 1094 3270 
4852 3820 3270 594 
4853 147 3821 3823 
4854 3821 3822 3823 
4855 3821 1247 3822 
4856 3823 3822 1248 
4857 1247 3824 3822 
4858 3824 3825 3822 
4859 3824 1140 3825 
4860 3822 3825 1248 
4861 1247 3826 3824 
4862 3826 3440 3824 
4863 3826 336 3440 
4864 3824 3440 1140 
4865 1248 3825 3827 
4866 3825 3436 3827 
4867 3825 1140 3436 
4868 3827 3436 391 
4869 328 3828 3408 
4870 3828 3829 3408 
4871 3828 1249 3829 
4872 3408 3829 1132 
4873 1249 3830 3829 
4874 3830 3831 3829 
4875 3830 1250 3831 
4876 3829 3831 1132 
4877 1249 3832 3830 
4878 3832 3833 3830 
4879 3832 297 3833 
4880 3830 3833 1250 
4881 1132 3831 3413 
4882 3831 3834 3413 
4883 3831 1250 3834 
4884 3413 3834 350 
4885 476 3835 3837 
4886 3835 3836 3837 
4887 3835 1251 3836 
4888 3837 3836 1253 
4889 1251 3838 3836 
4890 3838 3839 3836 
4891 3838 1252 3839 
4892 3836 3839 1253 
4893 1251 3840 3838 
4894 3840 3841 3838 
4895 3840 413 3841 
4896 3838 3841 1252 
4897 1253 3839 3843 
4898 3839 3842 3843 
4899 3839 1252 3842 
4900 3843 3842 516 
4901 365 3844 3846 
4902 3844 3845 3846 
4903 3844 1254 3845 
4904 3846 3845 1255 
4905 1254 3847 3845 
4906 3847 3848 3845 
4907 3847 838 3848 
4908 3845 3848 1255 
4909 1254 3849 3847 
4910 3849 2375 3847 
4911 3849 378 2375 
4912 3847 2375 838 
4913 1255 3848 3850 
4914 3848 2380 3850 
4915 3848 838 2380 
4916 3850 2380 403 
4917 374 3851 3853 
4918 3851 3852 3853 
4919 3851 1256 3852 
4920 3853 3852 1257 
4921 1256 3854 3852 
4922 3854 3855 3852 
4923 3854 947 3855 
4924 3852 3855 1257 
4925 1256 3856 3854 
4926 3856 2750 3854 
4927 3856 434 2750 
4928 3854 2750 947 
4929 1257 3855 3857 
4930 3855 2754 3857 
4931 3855 947 2754 
4932 3857 2754 505 
4933 423 3858 3656 
4934 3858 3859 3656 
4935 3858 1258 3859 
4936 3656 3859 1202 
4937 1258 3860 3859 
4938 3860 3861 3859 
4939 3860 1259 3861 
4940 3859 3861 1202 
4941 1258 3862 3860 
4942 3862 3863 3860 
4943 3862 377 3863 
4944 3860 3863 1259 
4945 1202 3861 3661 
4946 3861 3864 3661 
4947 3861 1259 3864 
4948 3661 3864 440 
4949 486 3865 3867 
4950 3865 3866 3867 
4951 3865 1260 3866 
4952 3867 3866 1261 
4953 1260 3868 3866 
4954 3868 3869 3866 
4955 3868 1245 3869 
4956 3866 3869 1261 
4957 1260 3870 3868 
4958 3870 3819 3868 
4959 3870 571 3819 
4960 3868 3819 1245 
4961 1261 3869 3871 
4962 3869 3814 3871 
4963 3869 1245 3814 
4964 3871 3814 572 
4965 493 3872 3874 
4966 3872 3873 3874 
4967 3872 1262 3873 
4968 3874 3873 1263 
4969 1262 3875 3873 
4970 3875 3876 3873 
4971 3875 1207 3876 
4972 3873 3876 1263 
4973 1262 3877 3875 
4974 3877 3677 3875 
4975 3877 576 3677 
4976 3875 3677 1207 
4977 1263 3876 3878 
4978 3876 3672 3878 
4979 3876 1207 3672 
4980 3878 3672 577 
4981 541 3879 3881 
4982 3879 3880 3881 
4983 3879 1264 3880 
4984 3881 3880 1265 
4985 1264 3882 3880 
4986 3882 3883 3880 
4987 3882 1261 3883 
4988 3880 3883 1265 
4989 1264 3884 3882 
4990 3884 3867 3882 
4991 3884 486 3867 
4992 3882 3867 1261 
4993 1265 3883 3885 
4994 3883 3871 3885 
4995 3883 1261 3871 
4996 3885 3871 572 
4997 332 3886 2681 
4998 3886 3887 2681 
4999 3886 1266 3887 
5000 2681 3887 926 
5001 1266 3888 3887 
5002 3888 3889 3887 
5003 3888 990 3889 
5004 3887 3889 926 
5005 1266 3890 3888 
5006 3890 2909 3888 
5007 3890 388 2909 
5008 3888 2909 990 
5009 926 3889 2686 
5010 3889 2905 2686 
5011 3889 990 2905 
5012 2686 2905 431 
5013 285 286 3289 
5014 286 3891 3289 
5015 286 287 3891 
5016 3289 3891 1099 
5017 287 3892 3891 
5018 3892 3893 3891 
5019 3892 1040 3893 
5020 3891 3893 1099 
5021 287 288 3892 
5022 288 3078 3892 
5023 288 289 3078 
5024 3892 3078 1040 
5025 1099 3893 3290 
5026 3893 3081 3290 
5027 3893 1040 3081 
5028 3290 3081 381 
5029 652 3894 3896 
5030 3894 3895 3896 
5031 3894 1267 3895 
5032 3896 3895 1268 
5033 1267 3897 3895 
5034 3897 3898 3895 
5035 3897 981 3898 
5036 3895 3898 1268 
5037 1267 3899 3897 
5038 3899 2869 3897 
5039 3899 656 2869 
5040 3897 2869 981 
5041 1268 3898 3900 
5042 3898 2873 3900 
5043 3898 981 2873 
5044 3900 2873 662 
5045 372 3901 3903 
5046 3901 3902 3903 
5047 3901 1269 3902 
5048 3903 3902 1270 
5049 1269 3904 3902 
5050 3904 3905 3902 
5051 3904 960 3905 
5052 3902 3905 1270 
5053 1269 3906 3904 
5054 3906 2794 3904 
5055 3906 436 2794 
5056 3904 2794 960 
5057 1270 3905 3907 
5058 3905 2798 3907 
5059 3905 960 2798 
5060 3907 2798 506 
5061 544 3908 3910 
5062 3908 3909 3910 
5063 3908 1271 3909 
5064 3910 3909 1272 
5065 1271 3911 3909 
5066 3911 3912 3909 
5067 3911 1263 3912 
5068 3909 3912 1272 
5069 1271 3913 3911 
5070 3913 3874 3911 
5071 3913 493 3874 
5072 3911 3874 1263 
5073 1272 3912 3914 
5074 3912 3878 3914 
5075 3912 1263 3878 
5076 3914 3878 577 
5077 470 3915 3917 
5078 3915 3916 3917 
5079 3915 1273 3916 
5080 3917 3916 1274 
5081 1273 3918 3916 
5082 3918 3919 3916 
5083 3918 1131 3919 
5084 3916 3919 1274 
5085 1273 3920 3918 
5086 3920 3403 3918 
5087 3920 410 3403 
5088 3918 3403 1131 
5089 1274 3919 3921 
5090 3919 3407 3921 
5091 3919 1131 3407 
5092 3921 3407 534 
5093 245 3922 3541 
5094 3922 3923 3541 
5095 3922 1275 3923 
5096 3541 3923 1170 
5097 1275 3924 3923 
5098 3924 3925 3923 
5099 3924 1276 3925 
5100 3923 3925 1170 
5101 1275 3926 3924 
5102 3926 3927 3924 
5103 3926 339 3927 
5104 3924 3927 1276 
5105 1170 3925 3542 
5106 3925 3928 3542 
5107 3925 1276 3928 
5108 3542 3928 365 
5109 206 207 2778 
5110 207 3929 2778 
5111 207 208 3929 
5112 2778 3929 955 
5113 208 3930 3929 
5114 3930 3931 3929 
5115 3930 1193 3931 
5116 3929 3931 955 
5117 208 209 3930 
5118 209 3628 3930 
5119 209 210 3628 
5120 3930 3628 1193 
5121 955 3931 2783 
5122 3931 3623 2783 
5123 3931 1193 3623 
5124 2783 3623 346 
5125 333 2341 3785 
5126 2341 3932 3785 
5127 2341 826 3932 
5128 3785 3932 1238 
5129 826 3933 3932 
5130 3933 3934 3932 
5131 3933 1277 3934 
5132 3932 3934 1238 
5133 826 2337 3933 
5134 2337 3935 3933 
5135 2337 376 3935 
5136 3933 3935 1277 
5137 1238 3934 3786 
5138 3934 3936 3786 
5139 3934 1277 3936 
5140 3786 3936 437 
5141 583 3937 3939 
5142 3937 3938 3939 
5143 3937 1278 3938 
5144 3939 3938 1280 
5145 1278 3940 3938 
5146 3940 3941 3938 
5147 3940 1279 3941 
5148 3938 3941 1280 
5149 1278 3942 3940 
5150 3942 3943 3940 
5151 3942 621 3943 
5152 3940 3943 1279 
5153 1280 3941 3945 
5154 3941 3944 3945 
5155 3941 1279 3944 
5156 3945 3944 623 
5157 52 53 2546 
5158 53 3946 2546 
5159 53 54 3946 
5160 2546 3946 887 
5161 54 3947 3946 
5162 3947 3948 3946 
5163 3947 1161 3948 
5164 3946 3948 887 
5165 54 55 3947 
5166 55 3513 3947 
5167 55 56 3513 
5168 3947 3513 1161 
5169 887 3948 2551 
5170 3948 3508 2551 
5171 3948 1161 3508 
5172 2551 3508 345 
5173 345 3687 3950 
5174 3687 3949 3950 
5175 3687 1211 3949 
5176 3950 3949 1281 
5177 1211 3951 3949 
5178 3951 3952 3949 
5179 3951 1205 3952 
5180 3949 3952 1281 
5181 1211 3690 3951 
5182 3690 3670 3951 
5183 3690 412 3670 
5184 3951 3670 1205 
5185 1281 3952 3953 
5186 3952 3665 3953 
5187 3952 1205 3665 
5188 3953 3665 469 
5189 437 3936 2804 
5190 3936 3954 2804 
5191 3936 1277 3954 
5192 2804 3954 962 
5193 1277 3955 3954 
5194 3955 3956 3954 
5195 3955 1282 3956 
5196 3954 3956 962 
5197 1277 3935 3955 
5198 3935 3957 3955 
5199 3935 376 3957 
5200 3955 3957 1282 
5201 962 3956 2805 
5202 3956 3958 2805 
5203 3956 1282 3958 
5204 2805 3958 480 
5205 652 2119 3894 
5206 2119 3959 3894 
5207 2119 761 3959 
5208 3894 3959 1267 
5209 761 3960 3959 
5210 3960 3961 3959 
5211 3960 1283 3961 
5212 3959 3961 1267 
5213 761 2118 3960 
5214 2118 3962 3960 
5215 2118 639 3962 
5216 3960 3962 1283 
5217 1267 3961 3899 
5218 3961 3963 3899 
5219 3961 1283 3963 
5220 3899 3963 656 
5221 76 3964 3966 
5222 3964 3965 3966 
5223 3964 1284 3965 
5224 3966 3965 1285 
5225 1284 3967 3965 
5226 3967 3968 3965 
5227 3967 939 3968 
5228 3965 3968 1285 
5229 1284 3969 3967 
5230 3969 2729 3967 
5231 3969 340 2729 
5232 3967 2729 939 
5233 1285 3968 3970 
5234 3968 2725 3970 
5235 3968 939 2725 
5236 3970 2725 351 
5237 346 3625 3972 
5238 3625 3971 3972 
5239 3625 1195 3971 
5240 3972 3971 1286 
5241 1195 3973 3971 
5242 3973 3974 3971 
5243 3973 1124 3974 
5244 3971 3974 1286 
5245 1195 3631 3973 
5246 3631 3385 3973 
5247 3631 385 3385 
5248 3973 3385 1124 
5249 1286 3974 3975 
5250 3974 3380 3975 
5251 3974 1124 3380 
5252 3975 3380 410 
5253 328 3410 2790 
5254 3410 3976 2790 
5255 3410 1134 3976 
5256 2790 3976 958 
5257 1134 3977 3976 
5258 3977 3978 3976 
5259 3977 1287 3978 
5260 3976 3978 958 
5261 1134 3416 3977 
5262 3416 3979 3977 
5263 3416 374 3979 
5264 3977 3979 1287 
5265 958 3978 2791 
5266 3978 3980 2791 
5267 3978 1287 3980 
5268 2791 3980 417 
5269 413 3981 3841 
5270 3981 3982 3841 
5271 3981 1288 3982 
5272 3841 3982 1252 
5273 1288 3983 3982 
5274 3983 3984 3982 
5275 3983 1178 3984 
5276 3982 3984 1252 
5277 1288 3985 3983 
5278 3985 3574 3983 
5279 3985 497 3574 
5280 3983 3574 1178 
5281 1252 3984 3842 
5282 3984 3569 3842 
5283 3984 1178 3569 
5284 3842 3569 516 
5285 400 3986 3988 
5286 3986 3987 3988 
5287 3986 1289 3987 
5288 3988 3987 1291 
5289 1289 3989 3987 
5290 3989 3990 3987 
5291 3989 1290 3990 
5292 3987 3990 1291 
5293 1289 3991 3989 
5294 3991 3992 3989 
5295 3991 364 3992 
5296 3989 3992 1290 
5297 1291 3990 3994 
5298 3990 3993 3994 
5299 3990 1290 3993 
5300 3994 3993 446 
5301 409 3995 3997 
5302 3995 3996 3997 
5303 3995 1292 3996 
5304 3997 3996 1294 
5305 1292 3998 3996 
5306 3998 3999 3996 
5307 3998 1293 3999 
5308 3996 3999 1294 
5309 1292 4000 3998 
5310 4000 4001 3998 
5311 4000 423 4001 
5312 3998 4001 1293 
5313 1294 3999 4003 
5314 3999 4002 4003 
5315 3999 1293 4002 
5316 4003 4002 442 
5317 335 4004 3600 
5318 4004 4005 3600 
5319 4004 1295 4005 
5320 3600 4005 1186 
5321 1295 4006 4005 
5322 4006 4007 4005 
5323 4006 1061 4007 
5324 4005 4007 1186 
5325 1295 4008 4006 
5326 4008 3152 4006 
5327 4008 389 3152 
5328 4006 3152 1061 
5329 1186 4007 3605 
5330 4007 3156 3605 
5331 4007 1061 3156 
5332 3605 3156 438 
5333 591 4009 4011 
5334 4009 4010 4011 
5335 4009 1296 4010 
5336 4011 4010 1297 
5337 1296 4012 4010 
5338 4012 4013 4010 
5339 4012 1280 4013 
5340 4010 4013 1297 
5341 1296 4014 4012 
5342 4014 3939 4012 
5343 4014 583 3939 
5344 4012 3939 1280 
5345 1297 4013 4015 
5346 4013 3945 4015 
5347 4013 1280 3945 
5348 4015 3945 623 
5349 551 4016 4018 
5350 4016 4017 4018 
5351 4016 1298 4017 
5352 4018 4017 1300 
5353 1298 4019 4017 
5354 4019 4020 4017 
5355 4019 1299 4020 
5356 4017 4020 1300 
5357 1298 4021 4019 
5358 4021 4022 4019 
5359 4021 607 4022 
5360 4019 4022 1299 
5361 1300 4020 4024 
5362 4020 4023 4024 
5363 4020 1299 4023 
5364 4024 4023 645 
5365 644 4025 4027 
5366 4025 4026 4027 
5367 4025 1301 4026 
5368 4027 4026 1302 
5369 1301 4028 4026 
5370 4028 4029 4026 
5371 4028 983 4029 
5372 4026 4029 1302 
5373 1301 4030 4028 
5374 4030 2876 4028 
5375 4030 634 2876 
5376 4028 2876 983 
5377 1302 4029 4031 
5378 4029 2880 4031 
5379 4029 983 2880 
5380 4031 2880 656 
5381 399 4032 4034 
5382 4032 4033 4034 
5383 4032 1303 4033 
5384 4034 4033 1305 
5385 1303 4035 4033 
5386 4035 4036 4033 
5387 4035 1304 4036 
5388 4033 4036 1305 
5389 1303 4037 4035 
5390 4037 4038 4035 
5391 4037 363 4038 
5392 4035 4038 1304 
5393 1305 4036 4040 
5394 4036 4039 4040 
5395 4036 1304 4039 
5396 4040 4039 447 
5397 127 128 3365 
5398 128 4041 3365 
5399 128 129 4041 
5400 3365 4041 1119 
5401 129 4042 4041 
5402 4042 4043 4041 
5403 4042 1048 4043 
5404 4041 4043 1119 
5405 129 130 4042 
5406 130 3109 4042 
5407 130 131 3109 
5408 4042 3109 1048 
5409 1119 4043 3366 
5410 4043 3112 3366 
5411 4043 1048 3112 
5412 3366 3112 382 
5413 72 4044 4046 
5414 4044 4045 4046 
5415 4044 1306 4045 
5416 4046 4045 1307 
5417 1306 4047 4045 
5418 4047 4048 4045 
5419 4047 1147 4048 
5420 4045 4048 1307 
5421 1306 4049 4047 
5422 4049 3464 4047 
5423 4049 351 3464 
5424 4047 3464 1147 
5425 1307 4048 4050 
5426 4048 3459 4050 
5427 4048 1147 3459 
5428 4050 3459 355 
5429 588 4051 3334 
5430 4051 4052 3334 
5431 4051 1308 4052 
5432 3334 4052 1111 
5433 1308 4053 4052 
5434 4053 4054 4052 
5435 4053 1300 4054 
5436 4052 4054 1111 
5437 1308 4055 4053 
5438 4055 4018 4053 
5439 4055 551 4018 
5440 4053 4018 1300 
5441 1111 4054 3335 
5442 4054 4024 3335 
5443 4054 1300 4024 
5444 3335 4024 645 
5445 8 4056 3555 
5446 4056 4057 3555 
5447 4056 1309 4057 
5448 3555 4057 1174 
5449 1309 4058 4057 
5450 4058 4059 4057 
5451 4058 884 4059 
5452 4057 4059 1174 
5453 1309 4060 4058 
5454 4060 2533 4058 
5455 4060 343 2533 
5456 4058 2533 884 
5457 1174 4059 3556 
5458 4059 2538 3556 
5459 4059 884 2538 
5460 3556 2538 366 
5461 336 4061 3649 
5462 4061 4062 3649 
5463 4061 1310 4062 
5464 3649 4062 1200 
5465 1310 4063 4062 
5466 4063 4064 4062 
5467 4063 1085 4064 
5468 4062 4064 1200 
5469 1310 4065 4063 
5470 4065 3236 4063 
5471 4065 390 3236 
5472 4063 3236 1085 
5473 1200 4064 3654 
5474 4064 3240 3654 
5475 4064 1085 3240 
5476 3654 3240 439 
5477 166 4066 3560 
5478 4066 4067 3560 
5479 4066 1311 4067 
5480 3560 4067 1175 
5481 1311 4068 4067 
5482 4068 4069 4067 
5483 4068 886 4069 
5484 4067 4069 1175 
5485 1311 4070 4068 
5486 4070 2540 4068 
5487 4070 344 2540 
5488 4068 2540 886 
5489 1175 4069 3561 
5490 4069 2545 3561 
5491 4069 886 2545 
5492 3561 2545 367 
5493 350 3834 3632 
5494 3834 4071 3632 
5495 3834 1250 4071 
5496 3632 4071 1196 
5497 1250 4072 4071 
5498 4072 4073 4071 
5499 4072 1312 4073 
5500 4071 4073 1196 
5501 1250 3833 4072 
5502 3833 4074 4072 
5503 3833 297 4074 
5504 4072 4074 1312 
5505 1196 4073 3637 
5506 4073 4075 3637 
5507 4073 1312 4075 
5508 3637 4075 387 
5509 621 4076 4078 
5510 4076 4077 4078 
5511 4076 1313 4077 
5512 4078 4077 1315 
5513 1313 4079 4077 
5514 4079 4080 4077 
5515 4079 1314 4080 
5516 4077 4080 1315 
5517 1313 4081 4079 
5518 4081 4082 4079 
5519 4081 625 4082 
5520 4079 4082 1314 
5521 1315 4080 4084 
5522 4080 4083 4084 
5523 4080 1314 4083 
5524 4084 4083 644 
5525 555 4085 4087 
5526 4085 4086 4087 
5527 4085 1316 4086 
5528 4087 4086 1317 
5529 1316 4088 4086 
5530 4088 4089 4086 
5531 4088 1296 4089 
5532 4086 4089 1317 
5533 1316 4090 4088 
5534 4090 4014 4088 
5535 4090 583 4014 
5536 4088 4014 1296 
5537 1317 4089 4091 
5538 4089 4009 4091 
5539 4089 1296 4009 
5540 4091 4009 591 
5541 343 4092 2523 
5542 4092 4093 2523 
5543 4092 1318 4093 
5544 2523 4093 880 
5545 1318 4094 4093 
5546 4094 4095 4093 
5547 4094 1319 4095 
5548 4093 4095 880 
5549 1318 4096 4094 
5550 4096 4097 4094 
5551 4096 337 4097 
5552 4094 4097 1319 
5553 880 4095 2524 
5554 4095 4098 2524 
5555 4095 1319 4098 
5556 2524 4098 406 
5557 344 4099 2530 
5558 4099 4100 2530 
5559 4099 1320 4100 
5560 2530 4100 882 
5561 1320 4101 4100 
5562 4101 4102 4100 
5563 4101 1321 4102 
5564 4100 4102 882 
5565 1320 4103 4101 
5566 4103 4104 4101 
5567 4103 338 4104 
5568 4101 4104 1321 
5569 882 4102 2531 
5570 4102 4105 2531 
5571 4102 1321 4105 
5572 2531 4105 408 
5573 648 4106 3582 
5574 4106 4107 3582 
5575 4106 1322 4107 
5576 3582 4107 1181 
5577 1322 4108 4107 
5578 4108 4109 4107 
5579 4108 1007 4109 
5580 4107 4109 1181 
5581 1322 4110 4108 
5582 4110 2964 4108 
5583 4110 657 2964 
5584 4108 2964 1007 
5585 1181 4109 3583 
5586 4109 2967 3583 
5587 4109 1007 2967 
5588 3583 2967 671 
5589 621 3942 4076 
5590 3942 4111 4076 
5591 3942 1278 4111 
5592 4076 4111 1313 
5593 1278 4112 4111 
5594 4112 4113 4111 
5595 4112 1323 4113 
5596 4111 4113 1313 
5597 1278 3937 4112 
5598 3937 4114 4112 
5599 3937 583 4114 
5600 4112 4114 1323 
5601 1313 4113 4081 
5602 4113 4115 4081 
5603 4113 1323 4115 
5604 4081 4115 625 
5605 325 4116 2741 
5606 4116 4117 2741 
5607 4116 1324 4117 
5608 2741 4117 944 
5609 1324 4118 4117 
5610 4118 4119 4117 
5611 4118 1155 4119 
5612 4117 4119 944 
5613 1324 4120 4118 
5614 4120 3487 4118 
5615 4120 392 3487 
5616 4118 3487 1155 
5617 944 4119 2746 
5618 4119 3491 2746 
5619 4119 1155 3491 
5620 2746 3491 432 
5621 622 4121 4123 
5622 4121 4122 4123 
5623 4121 1325 4122 
5624 4123 4122 1326 
5625 1325 4124 4122 
5626 4124 4125 4122 
5627 4124 1301 4125 
5628 4122 4125 1326 
5629 1325 4126 4124 
5630 4126 4030 4124 
5631 4126 634 4030 
5632 4124 4030 1301 
5633 1326 4125 4127 
5634 4125 4025 4127 
5635 4125 1301 4025 
5636 4127 4025 644 
5637 143 144 4129 
5638 144 4128 4129 
5639 144 145 4128 
5640 4129 4128 1327 
5641 145 4130 4128 
5642 4130 4131 4128 
5643 4130 1248 4131 
5644 4128 4131 1327 
5645 145 146 4130 
5646 146 3823 4130 
5647 146 147 3823 
5648 4130 3823 1248 
5649 1327 4131 4132 
5650 4131 3827 4132 
5651 4131 1248 3827 
5652 4132 3827 391 
5653 481 4133 4135 
5654 4133 4134 4135 
5655 4133 1328 4134 
5656 4135 4134 1329 
5657 1328 4136 4134 
5658 4136 4137 4134 
5659 4136 1240 4137 
5660 4134 4137 1329 
5661 1328 4138 4136 
5662 4138 3796 4136 
5663 4138 512 3796 
5664 4136 3796 1240 
5665 1329 4137 4139 
5666 4137 3792 4139 
5667 4137 1240 3792 
5668 4139 3792 533 
5669 648 2016 4106 
5670 2016 4140 4106 
5671 2016 732 4140 
5672 4106 4140 1322 
5673 732 4141 4140 
5674 4141 4142 4140 
5675 4141 1330 4142 
5676 4140 4142 1322 
5677 732 2015 4141 
5678 2015 4143 4141 
5679 2015 631 4143 
5680 4141 4143 1330 
5681 1322 4142 4110 
5682 4142 4144 4110 
5683 4142 1330 4144 
5684 4110 4144 657 
5685 326 3545 2841 
5686 3545 4145 2841 
5687 3545 1173 4145 
5688 2841 4145 973 
5689 1173 4146 4145 
5690 4146 4147 4145 
5691 4146 1331 4147 
5692 4145 4147 973 
5693 1173 3551 4146 
5694 3551 4148 4146 
5695 3551 372 4148 
5696 4146 4148 1331 
5697 973 4147 2842 
5698 4147 4149 2842 
5699 4147 1331 4149 
5700 2842 4149 418 
5701 625 4150 4082 
5702 4150 4151 4082 
5703 4150 1332 4151 
5704 4082 4151 1314 
5705 1332 4152 4151 
5706 4152 4153 4151 
5707 4152 1326 4153 
5708 4151 4153 1314 
5709 1332 4154 4152 
5710 4154 4123 4152 
5711 4154 622 4123 
5712 4152 4123 1326 
5713 1314 4153 4083 
5714 4153 4127 4083 
5715 4153 1326 4127 
5716 4083 4127 644 
5717 95 4155 3805 
5718 4155 4156 3805 
5719 4155 1333 4156 
5720 3805 4156 1242 
5721 1333 4157 4156 
5722 4157 4158 4156 
5723 4157 1334 4158 
5724 4156 4158 1242 
5725 1333 4159 4157 
5726 4159 4160 4157 
5727 4159 334 4160 
5728 4157 4160 1334 
5729 1242 4158 3806 
5730 4158 4161 3806 
5731 4158 1334 4161 
5732 3806 4161 404 
5733 456 4162 4164 
5734 4162 4163 4164 
5735 4162 1335 4163 
5736 4164 4163 1336 
5737 1335 4165 4163 
5738 4165 4166 4163 
5739 4165 1329 4166 
5740 4163 4166 1336 
5741 1335 4167 4165 
5742 4167 4135 4165 
5743 4167 481 4135 
5744 4165 4135 1329 
5745 1336 4166 4168 
5746 4166 4139 4168 
5747 4166 1329 4139 
5748 4168 4139 533 
5749 364 4169 3992 
5750 4169 4170 3992 
5751 4169 1337 4170 
5752 3992 4170 1290 
5753 1337 4171 4170 
5754 4171 4172 4170 
5755 4171 1152 4172 
5756 4170 4172 1290 
5757 1337 4173 4171 
5758 4173 3483 4171 
5759 4173 421 3483 
5760 4171 3483 1152 
5761 1290 4172 3993 
5762 4172 3478 3993 
5763 4172 1152 3478 
5764 3993 3478 446 
5765 415 3327 3691 
5766 3327 4174 3691 
5767 3327 1109 4174 
5768 3691 4174 1212 
5769 1109 4175 4174 
5770 4175 4176 4174 
5771 4175 1187 4176 
5772 4174 4176 1212 
5773 1109 3326 4175 
5774 3326 3602 4175 
5775 3326 335 3602 
5776 4175 3602 1187 
5777 1212 4176 3696 
5778 4176 3606 3696 
5779 4176 1187 3606 
5780 3696 3606 467 
5781 564 4177 4179 
5782 4177 4178 4179 
5783 4177 1338 4178 
5784 4179 4178 1339 
5785 1338 4180 4178 
5786 4180 4181 4178 
5787 4180 734 4181 
5788 4178 4181 1339 
5789 1338 4182 4180 
5790 4182 2022 4180 
5791 4182 558 2022 
5792 4180 2022 734 
5793 1339 4181 4183 
5794 4181 2018 4183 
5795 4181 734 2018 
5796 4183 2018 582 
5797 357 4184 4186 
5798 4184 4185 4186 
5799 4184 1340 4185 
5800 4186 4185 1342 
5801 1340 4187 4185 
5802 4187 4188 4185 
5803 4187 1341 4188 
5804 4185 4188 1342 
5805 1340 4189 4187 
5806 4189 4190 4187 
5807 4189 419 4190 
5808 4187 4190 1341 
5809 1342 4188 4192 
5810 4188 4191 4192 
5811 4188 1341 4191 
5812 4192 4191 441 
5813 535 4193 4195 
5814 4193 4194 4195 
5815 4193 1343 4194 
5816 4195 4194 1344 
5817 1343 4196 4194 
5818 4196 4197 4194 
5819 4196 737 4197 
5820 4194 4197 1344 
5821 1343 4198 4196 
5822 4198 2034 4196 
5823 4198 491 2034 
5824 4196 2034 737 
5825 1344 4197 4199 
5826 4197 2030 4199 
5827 4197 737 2030 
5828 4199 2030 558 
5829 576 4200 3607 
5830 4200 4201 3607 
5831 4200 1345 4201 
5832 3607 4201 1188 
5833 1345 4202 4201 
5834 4202 4203 4201 
5835 4202 1317 4203 
5836 4201 4203 1188 
5837 1345 4204 4202 
5838 4204 4087 4202 
5839 4204 555 4087 
5840 4202 4087 1317 
5841 1188 4203 3612 
5842 4203 4091 3612 
5843 4203 1317 4091 
5844 3612 4091 591 
5845 326 4205 3543 
5846 4205 4206 3543 
5847 4205 1346 4206 
5848 3543 4206 1171 
5849 1346 4207 4206 
5850 4207 4208 4206 
5851 4207 1347 4208 
5852 4206 4208 1171 
5853 1346 4209 4207 
5854 4209 4210 4207 
5855 4209 139 4210 
5856 4207 4210 1347 
5857 1171 4208 3548 
5858 4208 4211 3548 
5859 4208 1347 4211 
5860 3548 4211 354 
5861 549 4212 4214 
5862 4212 4213 4214 
5863 4212 1348 4213 
5864 4214 4213 1349 
5865 1348 4215 4213 
5866 4215 4216 4213 
5867 4215 1332 4216 
5868 4213 4216 1349 
5869 1348 4217 4215 
5870 4217 4154 4215 
5871 4217 622 4154 
5872 4215 4154 1332 
5873 1349 4216 4218 
5874 4216 4150 4218 
5875 4216 1332 4150 
5876 4218 4150 625 
5877 416 3442 3759 
5878 3442 4219 3759 
5879 3442 1141 4219 
5880 3759 4219 1231 
5881 1141 4220 4219 
5882 4220 4221 4219 
5883 4220 1201 4221 
5884 4219 4221 1231 
5885 1141 3441 4220 
5886 3441 3651 4220 
5887 3441 336 3651 
5888 4220 3651 1201 
5889 1231 4221 3764 
5890 4221 3655 3764 
5891 4221 1201 3655 
5892 3764 3655 468 
5893 602 4222 4224 
5894 4222 4223 4224 
5895 4222 1350 4223 
5896 4224 4223 1351 
5897 1350 4225 4223 
5898 4225 4226 4223 
5899 4225 1349 4226 
5900 4223 4226 1351 
5901 1350 4227 4225 
5902 4227 4214 4225 
5903 4227 549 4214 
5904 4225 4214 1349 
5905 1351 4226 4228 
5906 4226 4218 4228 
5907 4226 1349 4218 
5908 4228 4218 625 
5909 535 4195 4230 
5910 4195 4229 4230 
5911 4195 1344 4229 
5912 4230 4229 1352 
5913 1344 4231 4229 
5914 4231 4232 4229 
5915 4231 1338 4232 
5916 4229 4232 1352 
5917 1344 4199 4231 
5918 4199 4182 4231 
5919 4199 558 4182 
5920 4231 4182 1338 
5921 1352 4232 4233 
5922 4232 4177 4233 
5923 4232 1338 4177 
5924 4233 4177 564 
5925 363 4234 4038 
5926 4234 4235 4038 
5927 4234 1353 4235 
5928 4038 4235 1304 
5929 1353 4236 4235 
5930 4236 4237 4235 
5931 4236 1168 4237 
5932 4235 4237 1304 
5933 1353 4238 4236 
5934 4238 3536 4236 
5935 4238 422 3536 
5936 4236 3536 1168 
5937 1304 4237 4039 
5938 4237 3531 4039 
5939 4237 1168 3531 
5940 4039 3531 447 
5941 567 4239 3250 
5942 4239 4240 3250 
5943 4239 1354 4240 
5944 3250 4240 1089 
5945 1354 4241 4240 
5946 4241 4242 4240 
5947 4241 1355 4242 
5948 4240 4242 1089 
5949 1354 4243 4241 
5950 4243 4244 4241 
5951 4243 566 4244 
5952 4241 4244 1355 
5953 1089 4242 3255 
5954 4242 4245 3255 
5955 4242 1355 4245 
5956 3255 4245 596 
5957 565 4246 2173 
5958 4246 4247 2173 
5959 4246 1356 4247 
5960 2173 4247 777 
5961 1356 4248 4247 
5962 4248 4249 4247 
5963 4248 1357 4249 
5964 4247 4249 777 
5965 1356 4250 4248 
5966 4250 4251 4248 
5967 4250 529 4251 
5968 4248 4251 1357 
5969 777 4249 2174 
5970 4249 4252 2174 
5971 4249 1357 4252 
5972 2174 4252 600 
5973 337 4253 4097 
5974 4253 4254 4097 
5975 4253 1358 4254 
5976 4097 4254 1319 
5977 1358 4255 4254 
5978 4255 4256 4254 
5979 4255 1243 4256 
5980 4254 4256 1319 
5981 1358 4257 4255 
5982 4257 3811 4255 
5983 4257 405 3811 
5984 4255 3811 1243 
5985 1319 4256 4098 
5986 4256 3807 4098 
5987 4256 1243 3807 
5988 4098 3807 406 
5989 442 4002 2812 
5990 4002 4258 2812 
5991 4002 1293 4258 
5992 2812 4258 964 
5993 1293 4259 4258 
5994 4259 4260 4258 
5995 4259 1359 4260 
5996 4258 4260 964 
5997 1293 4001 4259 
5998 4001 4261 4259 
5999 4001 423 4261 
6000 4259 4261 1359 
6001 964 4260 2813 
6002 4260 4262 2813 
6003 4260 1359 4262 
6004 2813 4262 459 
6005 603 4263 4265 
6006 4263 4264 4265 
6007 4263 1360 4264 
6008 4265 4264 1362 
6009 1360 4266 4264 
6010 4266 4267 4264 
6011 4266 1361 4267 
6012 4264 4267 1362 
6013 1360 4268 4266 
6014 4268 4269 4266 
6015 4268 518 4269 
6016 4266 4269 1361 
6017 1362 4267 4271 
6018 4267 4270 4271 
6019 4267 1361 4270 
6020 4271 4270 626 
6021 338 4272 4104 
6022 4272 4273 4104 
6023 4272 1363 4273 
6024 4104 4273 1321 
6025 1363 4274 4273 
6026 4274 4275 4273 
6027 4274 1228 4275 
6028 4273 4275 1321 
6029 1363 4276 4274 
6030 4276 3751 4274 
6031 4276 407 3751 
6032 4274 3751 1228 
6033 1321 4275 4105 
6034 4275 3747 4105 
6035 4275 1228 3747 
6036 4105 3747 408 
6037 469 3667 4278 
6038 3667 4277 4278 
6039 3667 1206 4277 
6040 4278 4277 1364 
6041 1206 4279 4277 
6042 4279 4280 4277 
6043 4279 1343 4280 
6044 4277 4280 1364 
6045 1206 3671 4279 
6046 3671 4198 4279 
6047 3671 491 4198 
6048 4279 4198 1343 
6049 1364 4280 4281 
6050 4280 4193 4281 
6051 4280 1343 4193 
6052 4281 4193 535 
6053 599 4282 4284 
6054 4282 4283 4284 
6055 4282 1365 4283 
6056 4284 4283 1367 
6057 1365 4285 4283 
6058 4285 4286 4283 
6059 4285 1366 4286 
6060 4283 4286 1367 
6061 1365 4287 4285 
6062 4287 4288 4285 
6063 4287 582 4288 
6064 4285 4288 1366 
6065 1367 4286 4290 
6066 4286 4289 4290 
6067 4286 1366 4289 
6068 4290 4289 611 
6069 564 4179 4292 
6070 4179 4291 4292 
6071 4179 1339 4291 
6072 4292 4291 1368 
6073 1339 4293 4291 
6074 4293 4294 4291 
6075 4293 1365 4294 
6076 4291 4294 1368 
6077 1339 4183 4293 
6078 4183 4287 4293 
6079 4183 582 4287 
6080 4293 4287 1365 
6081 1368 4294 4295 
6082 4294 4282 4295 
6083 4294 1365 4282 
6084 4295 4282 599 
6085 524 4296 4298 
6086 4296 4297 4298 
6087 4296 1369 4297 
6088 4298 4297 1371 
6089 1369 4299 4297 
6090 4299 4300 4297 
6091 4299 1370 4300 
6092 4297 4300 1371 
6093 1369 4301 4299 
6094 4301 4302 4299 
6095 4301 484 4302 
6096 4299 4302 1370 
6097 1371 4300 4304 
6098 4300 4303 4304 
6099 4300 1370 4303 
6100 4304 4303 602 
6101 484 4305 4302 
6102 4305 4306 4302 
6103 4305 1372 4306 
6104 4302 4306 1370 
6105 1372 4307 4306 
6106 4307 4308 4306 
6107 4307 1350 4308 
6108 4306 4308 1370 
6109 1372 4309 4307 
6110 4309 4227 4307 
6111 4309 549 4227 
6112 4307 4227 1350 
6113 1370 4308 4303 
6114 4308 4222 4303 
6115 4308 1350 4222 
6116 4303 4222 602 
6117 355 3461 3118 
6118 3461 4310 3118 
6119 3461 1148 4310 
6120 3118 4310 1050 
6121 1148 4311 4310 
6122 4311 4312 4310 
6123 4311 1294 4312 
6124 4310 4312 1050 
6125 1148 3465 4311 
6126 3465 3997 4311 
6127 3465 409 3997 
6128 4311 3997 1294 
6129 1050 4312 3119 
6130 4312 4003 3119 
6131 4312 1294 4003 
6132 3119 4003 442 
6133 378 4313 2332 
6134 4313 4314 2332 
6135 4313 1373 4314 
6136 2332 4314 825 
6137 1373 4315 4314 
6138 4315 4316 4314 
6139 4315 1374 4316 
6140 4314 4316 825 
6141 1373 4317 4315 
6142 4317 4318 4315 
6143 4317 339 4318 
6144 4315 4318 1374 
6145 825 4316 2336 
6146 4316 4319 2336 
6147 4316 1374 4319 
6148 2336 4319 402 
6149 546 4320 4322 
6150 4320 4321 4322 
6151 4320 1375 4321 
6152 4322 4321 1376 
6153 1375 4323 4321 
6154 4323 4324 4321 
6155 4323 1354 4324 
6156 4321 4324 1376 
6157 1375 4325 4323 
6158 4325 4243 4323 
6159 4325 566 4243 
6160 4323 4243 1354 
6161 1376 4324 4326 
6162 4324 4239 4326 
6163 4324 1354 4239 
6164 4326 4239 567 
6165 354 4211 3698 
6166 4211 4327 3698 
6167 4211 1347 4327 
6168 3698 4327 1214 
6169 1347 4328 4327 
6170 4328 4329 4327 
6171 4328 1377 4329 
6172 4327 4329 1214 
6173 1347 4210 4328 
6174 4210 4330 4328 
6175 4210 139 4330 
6176 4328 4330 1377 
6177 1214 4329 3703 
6178 4329 4331 3703 
6179 4329 1377 4331 
6180 3703 4331 391 
6181 346 3972 4333 
6182 3972 4332 4333 
6183 3972 1286 4332 
6184 4333 4332 1378 
6185 1286 4334 4332 
6186 4334 4335 4332 
6187 4334 1273 4335 
6188 4332 4335 1378 
6189 1286 3975 4334 
6190 3975 3920 4334 
6191 3975 410 3920 
6192 4334 3920 1273 
6193 1378 4335 4336 
6194 4335 3915 4336 
6195 4335 1273 3915 
6196 4336 3915 470 
6197 226 4337 4339 
6198 4337 4338 4339 
6199 4337 1379 4338 
6200 4339 4338 1380 
6201 1379 4340 4338 
6202 4340 4341 4338 
6203 4340 1154 4341 
6204 4338 4341 1380 
6205 1379 4342 4340 
6206 4342 3490 4340 
6207 4342 356 3490 
6208 4340 3490 1154 
6209 1380 4341 4343 
6210 4341 3485 4343 
6211 4341 1154 3485 
6212 4343 3485 392 
6213 443 3102 4345 
6214 3102 4344 4345 
6215 3102 1047 4344 
6216 4345 4344 1382 
6217 1047 4346 4344 
6218 4346 4347 4344 
6219 4346 1381 4347 
6220 4344 4347 1382 
6221 1047 3107 4346 
6222 3107 4348 4346 
6223 3107 508 4348 
6224 4346 4348 1381 
6225 1382 4347 4350 
6226 4347 4349 4350 
6227 4347 1381 4349 
6228 4350 4349 536 
6229 557 4351 2701 
6230 4351 4352 2701 
6231 4351 1383 4352 
6232 2701 4352 931 
6233 1383 4353 4352 
6234 4353 4354 4352 
6235 4353 1360 4354 
6236 4352 4354 931 
6237 1383 4355 4353 
6238 4355 4268 4353 
6239 4355 518 4268 
6240 4353 4268 1360 
6241 931 4354 2702 
6242 4354 4263 2702 
6243 4354 1360 4263 
6244 2702 4263 603 
6245 566 4356 4358 
6246 4356 4357 4358 
6247 4356 1384 4357 
6248 4358 4357 1386 
6249 1384 4359 4357 
6250 4359 4360 4357 
6251 4359 1385 4360 
6252 4357 4360 1386 
6253 1384 4361 4359 
6254 4361 4362 4359 
6255 4361 545 4362 
6256 4359 4362 1385 
6257 1386 4360 4364 
6258 4360 4363 4364 
6259 4360 1385 4363 
6260 4364 4363 604 
6261 599 4284 4366 
6262 4284 4365 4366 
6263 4284 1367 4365 
6264 4366 4365 1388 
6265 1367 4367 4365 
6266 4367 4368 4365 
6267 4367 1387 4368 
6268 4365 4368 1388 
6269 1367 4290 4367 
6270 4290 4369 4367 
6271 4290 611 4369 
6272 4367 4369 1387 
6273 1388 4368 4371 
6274 4368 4370 4371 
6275 4368 1387 4370 
6276 4371 4370 619 
6277 619 4370 4373 
6278 4370 4372 4373 
6279 4370 1387 4372 
6280 4373 4372 1390 
6281 1387 4374 4372 
6282 4374 4375 4372 
6283 4374 1389 4375 
6284 4372 4375 1390 
6285 1387 4369 4374 
6286 4369 4376 4374 
6287 4369 611 4376 
6288 4374 4376 1389 
6289 1390 4375 4378 
6290 4375 4377 4378 
6291 4375 1389 4377 
6292 4378 4377 641 
6293 332 4379 3886 
6294 4379 4380 3886 
6295 4379 1391 4380 
6296 3886 4380 1266 
6297 1391 4381 4380 
6298 4381 4382 4380 
6299 4381 1392 4382 
6300 4380 4382 1266 
6301 1391 4383 4381 
6302 4383 4384 4381 
6303 4383 64 4384 
6304 4381 4384 1392 
6305 1266 4382 3890 
6306 4382 4385 3890 
6307 4382 1392 4385 
6308 3890 4385 388 
6309 545 4386 4362 
6310 4386 4387 4362 
6311 4386 1393 4387 
6312 4362 4387 1385 
6313 1393 4388 4387 
6314 4388 4389 4387 
6315 4388 1394 4389 
6316 4387 4389 1385 
6317 1393 4390 4388 
6318 4390 4391 4388 
6319 4390 578 4391 
6320 4388 4391 1394 
6321 1385 4389 4363 
6322 4389 4392 4363 
6323 4389 1394 4392 
6324 4363 4392 604 
6325 623 3944 2152 
6326 3944 4393 2152 
6327 3944 1279 4393 
6328 2152 4393 771 
6329 1279 4394 4393 
6330 4394 4395 4393 
6331 4394 1395 4395 
6332 4393 4395 771 
6333 1279 3943 4394 
6334 3943 4396 4394 
6335 3943 621 4396 
6336 4394 4396 1395 
6337 771 4395 2153 
6338 4395 4397 2153 
6339 4395 1395 4397 
6340 2153 4397 639 
6341 56 57 3514 
6342 57 4398 3514 
6343 57 58 4398 
6344 3514 4398 1162 
6345 58 4399 4398 
6346 4399 4400 4398 
6347 4399 1069 4400 
6348 4398 4400 1162 
6349 58 59 4399 
6350 59 3180 4399 
6351 59 60 3180 
6352 4399 3180 1069 
6353 1162 4400 3515 
6354 4400 3184 3515 
6355 4400 1069 3184 
6356 3515 3184 383 
6357 441 4191 4402 
6358 4191 4401 4402 
6359 4191 1341 4401 
6360 4402 4401 1397 
6361 1341 4403 4401 
6362 4403 4404 4401 
6363 4403 1396 4404 
6364 4401 4404 1397 
6365 1341 4190 4403 
6366 4190 4405 4403 
6367 4190 419 4405 
6368 4403 4405 1396 
6369 1397 4404 4407 
6370 4404 4406 4407 
6371 4404 1396 4406 
6372 4407 4406 462 
6373 335 3590 4004 
6374 3590 4408 4004 
6375 3590 1183 4408 
6376 4004 4408 1295 
6377 1183 4409 4408 
6378 4409 4410 4408 
6379 4409 1398 4410 
6380 4408 4410 1295 
6381 1183 3585 4409 
6382 3585 4411 4409 
6383 3585 305 4411 
6384 4409 4411 1398 
6385 1295 4410 4008 
6386 4410 4412 4008 
6387 4410 1398 4412 
6388 4008 4412 389 
6389 555 4413 4415 
6390 4413 4414 4415 
6391 4413 1399 4414 
6392 4415 4414 1400 
6393 1399 4416 4414 
6394 4416 4417 4414 
6395 4416 1371 4417 
6396 4414 4417 1400 
6397 1399 4418 4416 
6398 4418 4298 4416 
6399 4418 524 4298 
6400 4416 4298 1371 
6401 1400 4417 4419 
6402 4417 4304 4419 
6403 4417 1371 4304 
6404 4419 4304 602 
6405 542 4420 4422 
6406 4420 4421 4422 
6407 4420 1401 4421 
6408 4422 4421 1402 
6409 1401 4423 4421 
6410 4423 4424 4421 
6411 4423 1399 4424 
6412 4421 4424 1402 
6413 1401 4425 4423 
6414 4425 4418 4423 
6415 4425 524 4418 
6416 4423 4418 1399 
6417 1402 4424 4426 
6418 4424 4413 4426 
6419 4424 1399 4413 
6420 4426 4413 555 
6421 293 294 2919 
6422 294 4427 2919 
6423 294 295 4427 
6424 2919 4427 994 
6425 295 4428 4427 
6426 4428 4429 4427 
6427 4428 1249 4429 
6428 4427 4429 994 
6429 295 296 4428 
6430 296 3832 4428 
6431 296 297 3832 
6432 4428 3832 1249 
6433 994 4429 2924 
6434 4429 3828 2924 
6435 4429 1249 3828 
6436 2924 3828 328 
6437 478 4430 4432 
6438 4430 4431 4432 
6439 4430 1403 4431 
6440 4432 4431 1405 
6441 1403 4433 4431 
6442 4433 4434 4431 
6443 4433 1404 4434 
6444 4431 4434 1405 
6445 1403 4435 4433 
6446 4435 4436 4433 
6447 4435 450 4436 
6448 4433 4436 1404 
6449 1405 4434 4438 
6450 4434 4437 4438 
6451 4434 1404 4437 
6452 4438 4437 524 
6453 490 4439 4441 
6454 4439 4440 4441 
6455 4439 1406 4440 
6456 4441 4440 1407 
6457 1406 4442 4440 
6458 4442 4443 4440 
6459 4442 1383 4443 
6460 4440 4443 1407 
6461 1406 4444 4442 
6462 4444 4355 4442 
6463 4444 518 4355 
6464 4442 4355 1383 
6465 1407 4443 4445 
6466 4443 4351 4445 
6467 4443 1383 4351 
6468 4445 4351 557 
6469 579 4446 3067 
6470 4446 4447 3067 
6471 4446 1408 4447 
6472 3067 4447 1036 
6473 1408 4448 4447 
6474 4448 4449 4447 
6475 4448 1390 4449 
6476 4447 4449 1036 
6477 1408 4450 4448 
6478 4450 4373 4448 
6479 4450 619 4373 
6480 4448 4373 1390 
6481 1036 4449 3068 
6482 4449 4378 3068 
6483 4449 1390 4378 
6484 3068 4378 641 
6485 336 3826 4061 
6486 3826 4451 4061 
6487 3826 1247 4451 
6488 4061 4451 1310 
6489 1247 4452 4451 
6490 4452 4453 4451 
6491 4452 1409 4453 
6492 4451 4453 1310 
6493 1247 3821 4452 
6494 3821 4454 4452 
6495 3821 147 4454 
6496 4452 4454 1409 
6497 1310 4453 4065 
6498 4453 4455 4065 
6499 4453 1409 4455 
6500 4065 4455 390 
6501 457 4456 4458 
6502 4456 4457 4458 
6503 4456 1410 4457 
6504 4458 4457 1411 
6505 1410 4459 4457 
6506 4459 4460 4457 
6507 4459 1271 4460 
6508 4457 4460 1411 
6509 1410 4461 4459 
6510 4461 3913 4459 
6511 4461 493 3913 
6512 4459 3913 1271 
6513 1411 4460 4462 
6514 4460 3908 4462 
6515 4460 1271 3908 
6516 4462 3908 544 
6517 453 4463 2597 
6518 4463 4464 2597 
6519 4463 1412 4464 
6520 2597 4464 902 
6521 1412 4465 4464 
6522 4465 4466 4464 
6523 4465 948 4466 
6524 4464 4466 902 
6525 1412 4467 4465 
6526 4467 2759 4465 
6527 4467 506 2759 
6528 4465 2759 948 
6529 902 4466 2602 
6530 4466 2755 2602 
6531 4466 948 2755 
6532 2602 2755 519 
6533 454 4468 2404 
6534 4468 4469 2404 
6535 4468 1413 4469 
6536 2404 4469 846 
6537 1413 4470 4469 
6538 4470 4471 4469 
6539 4470 1414 4471 
6540 4469 4471 846 
6541 1413 4472 4470 
6542 4472 4473 4470 
6543 4472 505 4473 
6544 4470 4473 1414 
6545 846 4471 2409 
6546 4471 4474 2409 
6547 4471 1414 4474 
6548 2409 4474 517 
6549 459 4262 4476 
6550 4262 4475 4476 
6551 4262 1359 4475 
6552 4476 4475 1416 
6553 1359 4477 4475 
6554 4477 4478 4475 
6555 4477 1415 4478 
6556 4475 4478 1416 
6557 1359 4261 4477 
6558 4261 4479 4477 
6559 4261 423 4479 
6560 4477 4479 1415 
6561 1416 4478 4481 
6562 4478 4480 4481 
6563 4478 1415 4480 
6564 4481 4480 488 
6565 649 4482 2192 
6566 4482 4483 2192 
6567 4482 1417 4483 
6568 2192 4483 782 
6569 1417 4484 4483 
6570 4484 4485 4483 
6571 4484 1055 4485 
6572 4483 4485 782 
6573 1417 4486 4484 
6574 4486 3138 4484 
6575 4486 658 3138 
6576 4484 3138 1055 
6577 782 4485 2193 
6578 4485 3134 2193 
6579 4485 1055 3134 
6580 2193 3134 673 
6581 349 4487 4489 
6582 4487 4488 4489 
6583 4487 1418 4488 
6584 4489 4488 1420 
6585 1418 4490 4488 
6586 4490 4491 4488 
6587 4490 1419 4491 
6588 4488 4491 1420 
6589 1418 4492 4490 
6590 4492 4493 4490 
6591 4492 444 4493 
6592 4490 4493 1419 
6593 1420 4491 4495 
6594 4491 4494 4495 
6595 4491 1419 4494 
6596 4495 4494 472 
6597 372 3550 3901 
6598 3550 4496 3901 
6599 3550 1172 4496 
6600 3901 4496 1269 
6601 1172 4497 4496 
6602 4497 4498 4496 
6603 4497 1215 4498 
6604 4496 4498 1269 
6605 1172 3549 4497 
6606 3549 3700 4497 
6607 3549 354 3700 
6608 4497 3700 1215 
6609 1269 4498 3906 
6610 4498 3704 3906 
6611 4498 1215 3704 
6612 3906 3704 436 
6613 456 4499 4162 
6614 4499 4500 4162 
6615 4499 1421 4500 
6616 4162 4500 1335 
6617 1421 4501 4500 
6618 4501 4502 4500 
6619 4501 1422 4502 
6620 4500 4502 1335 
6621 1421 4503 4501 
6622 4503 4504 4501 
6623 4503 397 4504 
6624 4501 4504 1422 
6625 1335 4502 4167 
6626 4502 4505 4167 
6627 4502 1422 4505 
6628 4167 4505 481 
6629 417 3980 2476 
6630 3980 4506 2476 
6631 3980 1287 4506 
6632 2476 4506 867 
6633 1287 4507 4506 
6634 4507 4508 4506 
6635 4507 1423 4508 
6636 4506 4508 867 
6637 1287 3979 4507 
6638 3979 4509 4507 
6639 3979 374 4509 
6640 4507 4509 1423 
6641 867 4508 2480 
6642 4508 4510 2480 
6643 4508 1423 4510 
6644 2480 4510 454 
6645 398 4511 4513 
6646 4511 4512 4513 
6647 4511 1424 4512 
6648 4513 4512 1425 
6649 1424 4514 4512 
6650 4514 4515 4512 
6651 4514 1420 4515 
6652 4512 4515 1425 
6653 1424 4516 4514 
6654 4516 4489 4514 
6655 4516 349 4489 
6656 4514 4489 1420 
6657 1425 4515 4517 
6658 4515 4495 4517 
6659 4515 1420 4495 
6660 4517 4495 472 
6661 633 4518 4520 
6662 4518 4519 4520 
6663 4518 1426 4519 
6664 4520 4519 1427 
6665 1426 4521 4519 
6666 4521 4522 4519 
6667 4521 1006 4522 
6668 4519 4522 1427 
6669 1426 4523 4521 
6670 4523 2956 4521 
6671 4523 642 2956 
6672 4521 2956 1006 
6673 1427 4522 4524 
6674 4522 2962 4524 
6675 4522 1006 2962 
6676 4524 2962 657 
6677 492 4525 4527 
6678 4525 4526 4527 
6679 4525 1428 4526 
6680 4527 4526 1429 
6681 1428 4528 4526 
6682 4528 4529 4526 
6683 4528 753 4529 
6684 4526 4529 1429 
6685 1428 4530 4528 
6686 4530 2086 4528 
6687 4530 531 2086 
6688 4528 2086 753 
6689 1429 4529 4531 
6690 4529 2090 4531 
6691 4529 753 2090 
6692 4531 2090 590 
6693 321 2979 3394 
6694 2979 4532 3394 
6695 2979 1010 4532 
6696 3394 4532 1128 
6697 1010 4533 4532 
6698 4533 4534 4532 
6699 4533 1185 4534 
6700 4532 4534 1128 
6701 1010 2975 4533 
6702 2975 3596 4533 
6703 2975 48 3596 
6704 4533 3596 1185 
6705 1128 4534 3399 
6706 4534 3599 3399 
6707 4534 1185 3599 
6708 3399 3599 379 
6709 479 4535 4537 
6710 4535 4536 4537 
6711 4535 1430 4536 
6712 4537 4536 1431 
6713 1430 4538 4536 
6714 4538 4539 4536 
6715 4538 1411 4539 
6716 4536 4539 1431 
6717 1430 4540 4538 
6718 4540 4458 4538 
6719 4540 457 4458 
6720 4538 4458 1411 
6721 1431 4539 4541 
6722 4539 4462 4541 
6723 4539 1411 4462 
6724 4541 4462 544 
6725 526 2239 2951 
6726 2239 4542 2951 
6727 2239 796 4542 
6728 2951 4542 1002 
6729 796 4543 4542 
6730 4543 4544 4542 
6731 4543 1432 4544 
6732 4542 4544 1002 
6733 796 2238 4543 
6734 2238 4545 4543 
6735 2238 494 4545 
6736 4543 4545 1432 
6737 1002 4544 2952 
6738 4544 4546 2952 
6739 4544 1432 4546 
6740 2952 4546 543 
6741 424 4547 4549 
6742 4547 4548 4549 
6743 4547 1433 4548 
6744 4549 4548 1435 
6745 1433 4550 4548 
6746 4550 4551 4548 
6747 4550 1434 4551 
6748 4548 4551 1435 
6749 1433 4552 4550 
6750 4552 4553 4550 
6751 4552 461 4553 
6752 4550 4553 1434 
6753 1435 4551 4555 
6754 4551 4554 4555 
6755 4551 1434 4554 
6756 4555 4554 480 
6757 210 211 3629 
6758 211 4556 3629 
6759 211 212 4556 
6760 3629 4556 1194 
6761 212 4557 4556 
6762 4557 4558 4556 
6763 4557 1105 4558 
6764 4556 4558 1194 
6765 212 213 4557 
6766 213 3309 4557 
6767 213 214 3309 
6768 4557 3309 1105 
6769 1194 4558 3630 
6770 4558 3313 3630 
6771 4558 1105 3313 
6772 3630 3313 385 
6773 649 1920 4482 
6774 1920 4559 4482 
6775 1920 704 4559 
6776 4482 4559 1417 
6777 704 4560 4559 
6778 4560 4561 4559 
6779 4560 1436 4561 
6780 4559 4561 1417 
6781 704 1919 4560 
6782 1919 4562 4560 
6783 1919 629 4562 
6784 4560 4562 1436 
6785 1417 4561 4486 
6786 4561 4563 4486 
6787 4561 1436 4563 
6788 4486 4563 658 
6789 374 3415 3851 
6790 3415 4564 3851 
6791 3415 1133 4564 
6792 3851 4564 1256 
6793 1133 4565 4564 
6794 4565 4566 4564 
6795 4565 1197 4566 
6796 4564 4566 1256 
6797 1133 3414 4565 
6798 3414 3634 4565 
6799 3414 350 3634 
6800 4565 3634 1197 
6801 1256 4566 3856 
6802 4566 3638 3856 
6803 4566 1197 3638 
6804 3856 3638 434 
6805 432 2928 2590 
6806 2928 4567 2590 
6807 2928 997 4567 
6808 2590 4567 900 
6809 997 4568 4567 
6810 4568 4569 4567 
6811 4568 1437 4569 
6812 4567 4569 900 
6813 997 2932 4568 
6814 2932 4570 4568 
6815 2932 460 4570 
6816 4568 4570 1437 
6817 900 4569 2595 
6818 4569 4571 2595 
6819 4569 1437 4571 
6820 2595 4571 496 
6821 536 4349 4573 
6822 4349 4572 4573 
6823 4349 1381 4572 
6824 4573 4572 1439 
6825 1381 4574 4572 
6826 4574 4575 4572 
6827 4574 1438 4575 
6828 4572 4575 1439 
6829 1381 4348 4574 
6830 4348 4576 4574 
6831 4348 508 4576 
6832 4574 4576 1438 
6833 1439 4575 4578 
6834 4575 4577 4578 
6835 4575 1438 4577 
6836 4578 4577 578 
6837 450 2619 4436 
6838 2619 4579 4436 
6839 2619 909 4579 
6840 4436 4579 1404 
6841 909 4580 4579 
6842 4580 4581 4579 
6843 4580 1369 4581 
6844 4579 4581 1404 
6845 909 2624 4580 
6846 2624 4301 4580 
6847 2624 484 4301 
6848 4580 4301 1369 
6849 1404 4581 4437 
6850 4581 4296 4437 
6851 4581 1369 4296 
6852 4437 4296 524 
6853 458 4582 4584 
6854 4582 4583 4584 
6855 4582 1440 4583 
6856 4584 4583 1441 
6857 1440 4585 4583 
6858 4585 4586 4583 
6859 4585 1356 4586 
6860 4583 4586 1441 
6861 1440 4587 4585 
6862 4587 4250 4585 
6863 4587 529 4250 
6864 4585 4250 1356 
6865 1441 4586 4588 
6866 4586 4246 4588 
6867 4586 1356 4246 
6868 4588 4246 565 
6869 511 4589 4591 
6870 4589 4590 4591 
6871 4589 1442 4590 
6872 4591 4590 1444 
6873 1442 4592 4590 
6874 4592 4593 4590 
6875 4592 1443 4593 
6876 4590 4593 1444 
6877 1442 4594 4592 
6878 4594 4595 4592 
6879 4594 478 4595 
6880 4592 4595 1443 
6881 1444 4593 4597 
6882 4593 4596 4597 
6883 4593 1443 4596 
6884 4597 4596 542 
6885 422 4598 3492 
6886 4598 4599 3492 
6887 4598 1445 4599 
6888 3492 4599 1156 
6889 1445 4600 4599 
6890 4600 4601 4599 
6891 4600 1421 4601 
6892 4599 4601 1156 
6893 1445 4602 4600 
6894 4602 4503 4600 
6895 4602 397 4503 
6896 4600 4503 1421 
6897 1156 4601 3497 
6898 4601 4499 3497 
6899 4601 1421 4499 
6900 3497 4499 456 
6901 373 4603 4605 
6902 4603 4604 4605 
6903 4603 1446 4604 
6904 4605 4604 1447 
6905 1446 4606 4604 
6906 4606 4607 4604 
6907 4606 1430 4607 
6908 4604 4607 1447 
6909 1446 4608 4606 
6910 4608 4540 4606 
6911 4608 457 4540 
6912 4606 4540 1430 
6913 1447 4607 4609 
6914 4607 4535 4609 
6915 4607 1430 4535 
6916 4609 4535 479 
6917 425 4610 4612 
6918 4610 4611 4612 
6919 4610 1448 4611 
6920 4612 4611 1450 
6921 1448 4613 4611 
6922 4613 4614 4611 
6923 4613 1449 4614 
6924 4611 4614 1450 
6925 1448 4615 4613 
6926 4615 4616 4613 
6927 4615 469 4616 
6928 4613 4616 1449 
6929 1450 4614 4618 
6930 4614 4617 4618 
6931 4614 1449 4617 
6932 4618 4617 509 
6933 407 4619 3752 
6934 4619 4620 3752 
6935 4619 1451 4620 
6936 3752 4620 1229 
6937 1451 4621 4620 
6938 4621 4622 4620 
6939 4621 1452 4622 
6940 4620 4622 1229 
6941 1451 4623 4621 
6942 4623 4624 4621 
6943 4623 446 4624 
6944 4621 4624 1452 
6945 1229 4622 3753 
6946 4622 4625 3753 
6947 4622 1452 4625 
6948 3753 4625 483 
6949 451 4626 3161 
6950 4626 4627 3161 
6951 4626 1453 4627 
6952 3161 4627 1062 
6953 1453 4628 4627 
6954 4628 4629 4627 
6955 4628 1454 4629 
6956 4627 4629 1062 
6957 1453 4630 4628 
6958 4630 4631 4628 
6959 4630 485 4631 
6960 4628 4631 1454 
6961 1062 4629 3162 
6962 4629 4632 3162 
6963 4629 1454 4632 
6964 3162 4632 522 
6965 72 73 4044 
6966 73 4633 4044 
6967 73 74 4633 
6968 4044 4633 1306 
6969 74 4634 4633 
6970 4634 4635 4633 
6971 4634 1285 4635 
6972 4633 4635 1306 
6973 74 75 4634 
6974 75 3966 4634 
6975 75 76 3966 
6976 4634 3966 1285 
6977 1306 4635 4049 
6978 4635 3970 4049 
6979 4635 1285 3970 
6980 4049 3970 351 
6981 76 77 3964 
6982 77 4636 3964 
6983 77 78 4636 
6984 3964 4636 1284 
6985 78 4637 4636 
6986 4637 4638 4636 
6987 4637 1101 4638 
6988 4636 4638 1284 
6989 78 79 4637 
6990 79 3293 4637 
6991 79 80 3293 
6992 4637 3293 1101 
6993 1284 4638 3969 
6994 4638 3296 3969 
6995 4638 1101 3296 
6996 3969 3296 340 
6997 496 4571 4640 
6998 4571 4639 4640 
6999 4571 1437 4639 
7000 4640 4639 1456 
7001 1437 4641 4639 
7002 4641 4642 4639 
7003 4641 1455 4642 
7004 4639 4642 1456 
7005 1437 4570 4641 
7006 4570 4643 4641 
7007 4570 460 4643 
7008 4641 4643 1455 
7009 1456 4642 4645 
7010 4642 4644 4645 
7011 4642 1455 4644 
7012 4645 4644 520 
7013 612 4646 1934 
7014 4646 4647 1934 
7015 4646 1457 4647 
7016 1934 4647 708 
7017 1457 4648 4647 
7018 4648 4649 4647 
7019 4648 1458 4649 
7020 4647 4649 708 
7021 1457 4650 4648 
7022 4650 4651 4648 
7023 4650 643 4651 
7024 4648 4651 1458 
7025 708 4649 1935 
7026 4649 4652 1935 
7027 4649 1458 4652 
7028 1935 4652 660 
7029 414 4653 4655 
7030 4653 4654 4655 
7031 4653 1459 4654 
7032 4655 4654 1461 
7033 1459 4656 4654 
7034 4656 4657 4654 
7035 4656 1460 4657 
7036 4654 4657 1461 
7037 1459 4658 4656 
7038 4658 4659 4656 
7039 4658 490 4659 
7040 4656 4659 1460 
7041 1461 4657 4661 
7042 4657 4660 4661 
7043 4657 1460 4660 
7044 4661 4660 512 
7045 495 4662 4664 
7046 4662 4663 4664 
7047 4662 1462 4663 
7048 4664 4663 1464 
7049 1462 4665 4663 
7050 4665 4666 4663 
7051 4665 1463 4666 
7052 4663 4666 1464 
7053 1462 4667 4665 
7054 4667 4668 4665 
7055 4667 483 4668 
7056 4665 4668 1463 
7057 1464 4666 4670 
7058 4666 4669 4670 
7059 4666 1463 4669 
7060 4670 4669 514 
7061 512 4660 3721 
7062 4660 4671 3721 
7063 4660 1460 4671 
7064 3721 4671 1221 
7065 1460 4672 4671 
7066 4672 4673 4671 
7067 4672 1407 4673 
7068 4671 4673 1221 
7069 1460 4659 4672 
7070 4659 4441 4672 
7071 4659 490 4441 
7072 4672 4441 1407 
7073 1221 4673 3726 
7074 4673 4445 3726 
7075 4673 1407 4445 
7076 3726 4445 557 
7077 226 4674 4337 
7078 4674 4675 4337 
7079 4674 1465 4675 
7080 4337 4675 1379 
7081 1465 4676 4675 
7082 4676 4677 4675 
7083 4676 1237 4677 
7084 4675 4677 1379 
7085 1465 4678 4676 
7086 4678 3784 4676 
7087 4678 333 3784 
7088 4676 3784 1237 
7089 1379 4677 4342 
7090 4677 3780 4342 
7091 4677 1237 3780 
7092 4342 3780 356 
7093 322 3338 3378 
7094 3338 4679 3378 
7095 3338 1114 4679 
7096 3378 4679 1123 
7097 1114 4680 4679 
7098 4680 4681 4679 
7099 4680 1466 4681 
7100 4679 4681 1123 
7101 1114 3343 4680 
7102 3343 4682 4680 
7103 3343 371 4682 
7104 4680 4682 1466 
7105 1123 4681 3379 
7106 4681 4683 3379 
7107 4681 1466 4683 
7108 3379 4683 433 
7109 234 235 2820 
7110 235 4684 2820 
7111 235 236 4684 
7112 2820 4684 967 
7113 236 4685 4684 
7114 4685 4686 4684 
7115 4685 1467 4686 
7116 4684 4686 967 
7117 236 237 4685 
7118 237 4687 4685 
7119 237 238 4687 
7120 4685 4687 1467 
7121 967 4686 2821 
7122 4686 4688 2821 
7123 4686 1467 4688 
7124 2821 4688 403 
7125 405 4689 3812 
7126 4689 4690 3812 
7127 4689 1468 4690 
7128 3812 4690 1244 
7129 1468 4691 4690 
7130 4691 4692 4690 
7131 4691 1469 4692 
7132 4690 4692 1244 
7133 1468 4693 4691 
7134 4693 4694 4691 
7135 4693 447 4694 
7136 4691 4694 1469 
7137 1244 4692 3813 
7138 4692 4695 3813 
7139 4692 1469 4695 
7140 3813 4695 482 
7141 481 4696 4133 
7142 4696 4697 4133 
7143 4696 1470 4697 
7144 4133 4697 1328 
7145 1470 4698 4697 
7146 4698 4699 4697 
7147 4698 1461 4699 
7148 4697 4699 1328 
7149 1470 4700 4698 
7150 4700 4655 4698 
7151 4700 414 4655 
7152 4698 4655 1461 
7153 1328 4699 4138 
7154 4699 4661 4138 
7155 4699 1461 4661 
7156 4138 4661 512 
7157 455 4701 2667 
7158 4701 4702 2667 
7159 4701 1471 4702 
7160 2667 4702 922 
7161 1471 4703 4702 
7162 4703 4704 4702 
7163 4703 791 4704 
7164 4702 4704 922 
7165 1471 4705 4703 
7166 4705 2223 4703 
7167 4705 500 2223 
7168 4703 2223 791 
7169 922 4704 2672 
7170 4704 2219 2672 
7171 4704 791 2219 
7172 2672 2219 525 
7173 494 4706 4545 
7174 4706 4707 4545 
7175 4706 1472 4707 
7176 4545 4707 1432 
7177 1472 4708 4707 
7178 4708 4709 4707 
7179 4708 1473 4709 
7180 4707 4709 1432 
7181 1472 4710 4708 
7182 4710 4711 4708 
7183 4710 482 4711 
7184 4708 4711 1473 
7185 1432 4709 4546 
7186 4709 4712 4546 
7187 4709 1473 4712 
7188 4546 4712 543 
7189 222 223 4714 
7190 223 4713 4714 
7191 223 224 4713 
7192 4714 4713 1474 
7193 224 4715 4713 
7194 4715 4716 4713 
7195 4715 1380 4716 
7196 4713 4716 1474 
7197 224 225 4715 
7198 225 4339 4715 
7199 225 226 4339 
7200 4715 4339 1380 
7201 1474 4716 4717 
7202 4716 4343 4717 
7203 4716 1380 4343 
7204 4717 4343 392 
7205 458 4718 4582 
7206 4718 4719 4582 
7207 4718 1475 4719 
7208 4582 4719 1440 
7209 1475 4720 4719 
7210 4720 4721 4719 
7211 4720 787 4721 
7212 4719 4721 1440 
7213 1475 4722 4720 
7214 4722 2205 4720 
7215 4722 501 2205 
7216 4720 2205 787 
7217 1440 4721 4587 
7218 4721 2209 4587 
7219 4721 787 2209 
7220 4587 2209 529 
7221 458 2904 4718 
7222 2904 4723 4718 
7223 2904 989 4723 
7224 4718 4723 1475 
7225 989 4724 4723 
7226 4724 4725 4723 
7227 4724 1232 4725 
7228 4723 4725 1475 
7229 989 2903 4724 
7230 2903 3761 4724 
7231 2903 416 3761 
7232 4724 3761 1232 
7233 1475 4725 4722 
7234 4725 3765 4722 
7235 4725 1232 3765 
7236 4722 3765 501 
7237 309 310 3766 
7238 310 4726 3766 
7239 310 311 4726 
7240 3766 4726 1233 
7241 311 4727 4726 
7242 4727 4728 4726 
7243 4727 1476 4728 
7244 4726 4728 1233 
7245 311 312 4727 
7246 312 4729 4727 
7247 312 313 4729 
7248 4727 4729 1476 
7249 1233 4728 3771 
7250 4728 4730 3771 
7251 4728 1476 4730 
7252 3771 4730 341 
7253 313 314 4729 
7254 314 4731 4729 
7255 314 315 4731 
7256 4729 4731 1476 
7257 315 4732 4731 
7258 4732 4733 4731 
7259 4732 976 4733 
7260 4731 4733 1476 
7261 315 316 4732 
7262 316 2857 4732 
7263 316 317 2857 
7264 4732 2857 976 
7265 1476 4733 4730 
7266 4733 2853 4730 
7267 4733 976 2853 
7268 4730 2853 341 
7269 499 4734 4736 
7270 4734 4735 4736 
7271 4734 1477 4735 
7272 4736 4735 1479 
7273 1477 4737 4735 
7274 4737 4738 4735 
7275 4737 1478 4738 
7276 4735 4738 1479 
7277 1477 4739 4737 
7278 4739 4740 4737 
7279 4739 459 4740 
7280 4737 4740 1478 
7281 1479 4738 4742 
7282 4738 4741 4742 
7283 4738 1478 4741 
7284 4742 4741 528 
7285 151 152 3773 
7286 152 4743 3773 
7287 152 153 4743 
7288 3773 4743 1235 
7289 153 4744 4743 
7290 4744 4745 4743 
7291 4744 1480 4745 
7292 4743 4745 1235 
7293 153 154 4744 
7294 154 4746 4744 
7295 154 155 4746 
7296 4744 4746 1480 
7297 1235 4745 3778 
7298 4745 4747 3778 
7299 4745 1480 4747 
7300 3778 4747 342 
7301 155 156 4746 
7302 156 4748 4746 
7303 156 157 4748 
7304 4746 4748 1480 
7305 157 4749 4748 
7306 4749 4750 4748 
7307 4749 978 4750 
7308 4748 4750 1480 
7309 157 158 4749 
7310 158 2864 4749 
7311 158 159 2864 
7312 4749 2864 978 
7313 1480 4750 4747 
7314 4750 2860 4747 
7315 4750 978 2860 
7316 4747 2860 342 
7317 68 69 3740 
7318 69 4751 3740 
7319 69 70 4751 
7320 3740 4751 1226 
7321 70 4752 4751 
7322 4752 4753 4751 
7323 4752 1307 4753 
7324 4751 4753 1226 
7325 70 71 4752 
7326 71 4046 4752 
7327 71 72 4046 
7328 4752 4046 1307 
7329 1226 4753 3745 
7330 4753 4050 3745 
7331 4753 1307 4050 
7332 3745 4050 355 
7333 441 4402 4755 
7334 4402 4754 4755 
7335 4402 1397 4754 
7336 4755 4754 1482 
7337 1397 4756 4754 
7338 4756 4757 4754 
7339 4756 1481 4757 
7340 4754 4757 1482 
7341 1397 4407 4756 
7342 4407 4758 4756 
7343 4407 462 4758 
7344 4756 4758 1481 
7345 1482 4757 4760 
7346 4757 4759 4760 
7347 4757 1481 4759 
7348 4760 4759 475 
7349 135 136 3001 
7350 136 4761 3001 
7351 136 137 4761 
7352 3001 4761 1017 
7353 137 4762 4761 
7354 4762 4763 4761 
7355 4762 1346 4763 
7356 4761 4763 1017 
7357 137 138 4762 
7358 138 4209 4762 
7359 138 139 4209 
7360 4762 4209 1346 
7361 1017 4763 3006 
7362 4763 4205 3006 
7363 4763 1346 4205 
7364 3006 4205 326 
7365 478 4432 4595 
7366 4432 4764 4595 
7367 4432 1405 4764 
7368 4595 4764 1443 
7369 1405 4765 4764 
7370 4765 4766 4764 
7371 4765 1401 4766 
7372 4764 4766 1443 
7373 1405 4438 4765 
7374 4438 4425 4765 
7375 4438 524 4425 
7376 4765 4425 1401 
7377 1443 4766 4596 
7378 4766 4420 4596 
7379 4766 1401 4420 
7380 4596 4420 542 
7381 421 4767 3443 
7382 4767 4768 3443 
7383 4767 1483 4768 
7384 3443 4768 1142 
7385 1483 4769 4768 
7386 4769 4770 4768 
7387 4769 1447 4770 
7388 4768 4770 1142 
7389 1483 4771 4769 
7390 4771 4605 4769 
7391 4771 373 4605 
7392 4769 4605 1447 
7393 1142 4770 3448 
7394 4770 4609 3448 
7395 4770 1447 4609 
7396 3448 4609 479 
7397 532 4772 4774 
7398 4772 4773 4774 
7399 4772 1484 4773 
7400 4774 4773 1485 
7401 1484 4775 4773 
7402 4775 4776 4773 
7403 4775 776 4776 
7404 4773 4776 1485 
7405 1484 4777 4775 
7406 4777 2172 4775 
7407 4777 565 2172 
7408 4775 2172 776 
7409 1485 4776 4778 
7410 4776 2168 4778 
7411 4776 776 2168 
7412 4778 2168 587 
7413 420 4779 4781 
7414 4779 4780 4781 
7415 4779 1486 4780 
7416 4781 4780 1488 
7417 1486 4782 4780 
7418 4782 4783 4780 
7419 4782 1487 4783 
7420 4780 4783 1488 
7421 1486 4784 4782 
7422 4784 4785 4782 
7423 4784 370 4785 
7424 4782 4785 1487 
7425 1488 4783 4787 
7426 4783 4786 4787 
7427 4783 1487 4786 
7428 4787 4786 478 
7429 492 3758 4525 
7430 3758 4788 4525 
7431 3758 1230 4788 
7432 4525 4788 1428 
7433 1230 4789 4788 
7434 4789 4790 4788 
7435 4789 913 4790 
7436 4788 4790 1428 
7437 1230 3757 4789 
7438 3757 2634 4789 
7439 3757 465 2634 
7440 4789 2634 913 
7441 1428 4790 4530 
7442 4790 2638 4530 
7443 4790 913 2638 
7444 4530 2638 531 
7445 509 4617 4792 
7446 4617 4791 4792 
7447 4617 1449 4791 
7448 4792 4791 1489 
7449 1449 4793 4791 
7450 4793 4794 4791 
7451 4793 1364 4794 
7452 4791 4794 1489 
7453 1449 4616 4793 
7454 4616 4278 4793 
7455 4616 469 4278 
7456 4793 4278 1364 
7457 1489 4794 4795 
7458 4794 4281 4795 
7459 4794 1364 4281 
7460 4795 4281 535 
7461 525 2212 2644 
7462 2212 4796 2644 
7463 2212 790 4796 
7464 2644 4796 915 
7465 790 4797 4796 
7466 4797 4798 4796 
7467 4797 1490 4798 
7468 4796 4798 915 
7469 790 2218 4797 
7470 2218 4799 4797 
7471 2218 573 4799 
7472 4797 4799 1490 
7473 915 4798 2645 
7474 4798 4800 2645 
7475 4798 1490 4800 
7476 2645 4800 584 
7477 466 3663 4802 
7478 3663 4801 4802 
7479 3663 1203 4801 
7480 4802 4801 1492 
7481 1203 4803 4801 
7482 4803 4804 4801 
7483 4803 1491 4804 
7484 4801 4804 1492 
7485 1203 3662 4803 
7486 3662 4805 4803 
7487 3662 440 4805 
7488 4803 4805 1491 
7489 1492 4804 4807 
7490 4804 4806 4807 
7491 4804 1491 4806 
7492 4807 4806 476 
7493 297 298 4074 
7494 298 4808 4074 
7495 298 299 4808 
7496 4074 4808 1312 
7497 299 4809 4808 
7498 4809 4810 4808 
7499 4809 1241 4810 
7500 4808 4810 1312 
7501 299 300 4809 
7502 300 3798 4809 
7503 300 301 3798 
7504 4809 3798 1241 
7505 1312 4810 4075 
7506 4810 3801 4075 
7507 4810 1241 3801 
7508 4075 3801 387 
7509 455 2828 4701 
7510 2828 4811 4701 
7511 2828 969 4811 
7512 4701 4811 1471 
7513 969 4812 4811 
7514 4812 4813 4811 
7515 4812 1213 4813 
7516 4811 4813 1471 
7517 969 2827 4812 
7518 2827 3693 4812 
7519 2827 415 3693 
7520 4812 3693 1213 
7521 1471 4813 4705 
7522 4813 3697 4705 
7523 4813 1213 3697 
7524 4705 3697 500 
7525 495 4664 2231 
7526 4664 4814 2231 
7527 4664 1464 4814 
7528 2231 4814 794 
7529 1464 4815 4814 
7530 4815 4816 4814 
7531 4815 1493 4816 
7532 4814 4816 794 
7533 1464 4670 4815 
7534 4670 4817 4815 
7535 4670 514 4817 
7536 4815 4817 1493 
7537 794 4816 2232 
7538 4816 4818 2232 
7539 4816 1493 4818 
7540 2232 4818 527 
7541 600 3614 2166 
7542 3614 4819 2166 
7543 3614 1189 4819 
7544 2166 4819 775 
7545 1189 4820 4819 
7546 4820 4821 4819 
7547 4820 1297 4821 
7548 4819 4821 775 
7549 1189 3613 4820 
7550 3613 4011 4820 
7551 3613 591 4011 
7552 4820 4011 1297 
7553 775 4821 2167 
7554 4821 4015 2167 
7555 4821 1297 4015 
7556 2167 4015 623 
7557 435 4822 3105 
7558 4822 4823 3105 
7559 4822 1494 4823 
7560 3105 4823 1046 
7561 1494 4824 4823 
7562 4824 4825 4823 
7563 4824 1495 4825 
7564 4823 4825 1046 
7565 1494 4826 4824 
7566 4826 4827 4824 
7567 4826 449 4827 
7568 4824 4827 1495 
7569 1046 4825 3106 
7570 4825 4828 3106 
7571 4825 1495 4828 
7572 3106 4828 508 
7573 493 4461 4830 
7574 4461 4829 4830 
7575 4461 1410 4829 
7576 4830 4829 1497 
7577 1410 4831 4829 
7578 4831 4832 4829 
7579 4831 1496 4832 
7580 4829 4832 1497 
7581 1410 4456 4831 
7582 4456 4833 4831 
7583 4456 457 4833 
7584 4831 4833 1496 
7585 1497 4832 4835 
7586 4832 4834 4835 
7587 4832 1496 4834 
7588 4835 4834 511 
7589 508 4828 4837 
7590 4828 4836 4837 
7591 4828 1495 4836 
7592 4837 4836 1499 
7593 1495 4838 4836 
7594 4838 4839 4836 
7595 4838 1498 4839 
7596 4836 4839 1499 
7597 1495 4827 4838 
7598 4827 4840 4838 
7599 4827 449 4840 
7600 4838 4840 1498 
7601 1499 4839 4842 
7602 4839 4841 4842 
7603 4839 1498 4841 
7604 4842 4841 523 
7605 325 4843 4116 
7606 4843 4844 4116 
7607 4843 1500 4844 
7608 4116 4844 1324 
7609 1500 4845 4844 
7610 4845 4846 4844 
7611 4845 1501 4846 
7612 4844 4846 1324 
7613 1500 4847 4845 
7614 4847 4848 4845 
7615 4847 218 4848 
7616 4845 4848 1501 
7617 1324 4846 4120 
7618 4846 4849 4120 
7619 4846 1501 4849 
7620 4120 4849 392 
7621 305 306 4411 
7622 306 4850 4411 
7623 306 307 4850 
7624 4411 4850 1398 
7625 307 4851 4850 
7626 4851 4852 4850 
7627 4851 1234 4852 
7628 4850 4852 1398 
7629 307 308 4851 
7630 308 3768 4851 
7631 308 309 3768 
7632 4851 3768 1234 
7633 1398 4852 4412 
7634 4852 3772 4412 
7635 4852 1234 3772 
7636 4412 3772 389 
7637 64 65 4384 
7638 65 4853 4384 
7639 65 66 4853 
7640 4384 4853 1392 
7641 66 4854 4853 
7642 4854 4855 4853 
7643 4854 1227 4855 
7644 4853 4855 1392 
7645 66 67 4854 
7646 67 3742 4854 
7647 67 68 3742 
7648 4854 3742 1227 
7649 1392 4855 4385 
7650 4855 3746 4385 
7651 4855 1227 3746 
7652 4385 3746 388 
7653 513 4856 4858 
7654 4856 4857 4858 
7655 4856 1502 4857 
7656 4858 4857 1503 
7657 1502 4859 4857 
7658 4859 4860 4857 
7659 4859 1003 4860 
7660 4857 4860 1503 
7661 1502 4861 4859 
7662 4861 2948 4859 
7663 4861 533 2948 
7664 4859 2948 1003 
7665 1503 4860 4862 
7666 4860 2953 4862 
7667 4860 1003 2953 
7668 4862 2953 543 
7669 418 4149 2655 
7670 4149 4863 2655 
7671 4149 1331 4863 
7672 2655 4863 919 
7673 1331 4864 4863 
7674 4864 4865 4863 
7675 4864 1504 4865 
7676 4863 4865 919 
7677 1331 4148 4864 
7678 4148 4866 4864 
7679 4148 372 4866 
7680 4864 4866 1504 
7681 919 4865 2659 
7682 4865 4867 2659 
7683 4865 1504 4867 
7684 2659 4867 453 
7685 147 148 4454 
7686 148 4868 4454 
7687 148 149 4868 
7688 4454 4868 1409 
7689 149 4869 4868 
7690 4869 4870 4868 
7691 4869 1236 4870 
7692 4868 4870 1409 
7693 149 150 4869 
7694 150 3775 4869 
7695 150 151 3775 
7696 4869 3775 1236 
7697 1409 4870 4455 
7698 4870 3779 4455 
7699 4870 1236 3779 
7700 4455 3779 390 
7701 453 4867 4463 
7702 4867 4871 4463 
7703 4867 1504 4871 
7704 4463 4871 1412 
7705 1504 4872 4871 
7706 4872 4873 4871 
7707 4872 1270 4873 
7708 4871 4873 1412 
7709 1504 4866 4872 
7710 4866 3903 4872 
7711 4866 372 3903 
7712 4872 3903 1270 
7713 1412 4873 4467 
7714 4873 3907 4467 
7715 4873 1270 3907 
7716 4467 3907 506 
7717 454 4510 4468 
7718 4510 4874 4468 
7719 4510 1423 4874 
7720 4468 4874 1413 
7721 1423 4875 4874 
7722 4875 4876 4874 
7723 4875 1257 4876 
7724 4874 4876 1413 
7725 1423 4509 4875 
7726 4509 3853 4875 
7727 4509 374 3853 
7728 4875 3853 1257 
7729 1413 4876 4472 
7730 4876 3857 4472 
7731 4876 1257 3857 
7732 4472 3857 505 
7733 428 4877 4879 
7734 4877 4878 4879 
7735 4877 1505 4878 
7736 4879 4878 1507 
7737 1505 4880 4878 
7738 4880 4881 4878 
7739 4880 1506 4881 
7740 4878 4881 1507 
7741 1505 4882 4880 
7742 4882 4883 4880 
7743 4882 470 4883 
7744 4880 4883 1506 
7745 1507 4881 4885 
7746 4881 4884 4885 
7747 4881 1506 4884 
7748 4885 4884 510 
7749 395 4886 4888 
7750 4886 4887 4888 
7751 4886 1508 4887 
7752 4888 4887 1509 
7753 1508 4889 4887 
7754 4889 4890 4887 
7755 4889 1342 4890 
7756 4887 4890 1509 
7757 1508 4891 4889 
7758 4891 4186 4889 
7759 4891 357 4186 
7760 4889 4186 1342 
7761 1509 4890 4892 
7762 4890 4192 4892 
7763 4890 1342 4192 
7764 4892 4192 441 
7765 461 4893 4895 
7766 4893 4894 4895 
7767 4893 1510 4894 
7768 4895 4894 1512 
7769 1510 4896 4894 
7770 4896 4897 4894 
7771 4896 1511 4897 
7772 4894 4897 1512 
7773 1510 4898 4896 
7774 4898 4899 4896 
7775 4898 448 4899 
7776 4896 4899 1511 
7777 1512 4897 4901 
7778 4897 4900 4901 
7779 4897 1511 4900 
7780 4901 4900 477 
7781 572 3816 4903 
7782 3816 4902 4903 
7783 3816 1246 4902 
7784 4903 4902 1514 
7785 1246 4904 4902 
7786 4904 4905 4902 
7787 4904 1513 4905 
7788 4902 4905 1514 
7789 1246 3820 4904 
7790 3820 4906 4904 
7791 3820 594 4906 
7792 4904 4906 1513 
7793 1514 4905 4908 
7794 4905 4907 4908 
7795 4905 1513 4907 
7796 4908 4907 626 
7797 518 4909 4269 
7798 4909 4910 4269 
7799 4909 1515 4910 
7800 4269 4910 1361 
7801 1515 4911 4910 
7802 4911 4912 4910 
7803 4911 1514 4912 
7804 4910 4912 1361 
7805 1515 4913 4911 
7806 4913 4903 4911 
7807 4913 572 4903 
7808 4911 4903 1514 
7809 1361 4912 4270 
7810 4912 4908 4270 
7811 4912 1514 4908 
7812 4270 4908 626 
7813 370 4914 4785 
7814 4914 4915 4785 
7815 4914 1516 4915 
7816 4785 4915 1487 
7817 1516 4916 4915 
7818 4916 4917 4915 
7819 4916 1403 4917 
7820 4915 4917 1487 
7821 1516 4918 4916 
7822 4918 4435 4916 
7823 4918 450 4435 
7824 4916 4435 1403 
7825 1487 4917 4786 
7826 4917 4430 4786 
7827 4917 1403 4430 
7828 4786 4430 478 
7829 139 140 4330 
7830 140 4919 4330 
7831 140 141 4919 
7832 4330 4919 1377 
7833 141 4920 4919 
7834 4920 4921 4919 
7835 4920 1327 4921 
7836 4919 4921 1377 
7837 141 142 4920 
7838 142 4129 4920 
7839 142 143 4129 
7840 4920 4129 1327 
7841 1377 4921 4331 
7842 4921 4132 4331 
7843 4921 1327 4132 
7844 4331 4132 391 
7845 489 4922 4924 
7846 4922 4923 4924 
7847 4922 1517 4923 
7848 4924 4923 1519 
7849 1517 4925 4923 
7850 4925 4926 4923 
7851 4925 1518 4926 
7852 4923 4926 1519 
7853 1517 4927 4925 
7854 4927 4928 4925 
7855 4927 461 4928 
7856 4925 4928 1518 
7857 1519 4926 4930 
7858 4926 4929 4930 
7859 4926 1518 4929 
7860 4930 4929 515 
7861 527 4818 4932 
7862 4818 4931 4932 
7863 4818 1493 4931 
7864 4932 4931 1521 
7865 1493 4933 4931 
7866 4933 4934 4931 
7867 4933 1520 4934 
7868 4931 4934 1521 
7869 1493 4817 4933 
7870 4817 4935 4933 
7871 4817 514 4935 
7872 4933 4935 1520 
7873 1521 4934 4937 
7874 4934 4936 4937 
7875 4934 1520 4936 
7876 4937 4936 544 
7877 60 61 3178 
7878 61 4938 3178 
7879 61 62 4938 
7880 3178 4938 1068 
7881 62 4939 4938 
7882 4939 4940 4938 
7883 4939 1391 4940 
7884 4938 4940 1068 
7885 62 63 4939 
7886 63 4383 4939 
7887 63 64 4383 
7888 4939 4383 1391 
7889 1068 4940 3183 
7890 4940 4379 3183 
7891 4940 1391 4379 
7892 3183 4379 332 
7893 449 4941 4840 
7894 4941 4942 4840 
7895 4941 1522 4942 
7896 4840 4942 1498 
7897 1522 4943 4942 
7898 4943 4944 4942 
7899 4943 1523 4944 
7900 4942 4944 1498 
7901 1522 4945 4943 
7902 4945 4946 4943 
7903 4945 487 4946 
7904 4943 4946 1523 
7905 1498 4944 4841 
7906 4944 4947 4841 
7907 4944 1523 4947 
7908 4841 4947 523 
7909 449 4948 4950 
7910 4948 4949 4950 
7911 4948 1524 4949 
7912 4950 4949 1526 
7913 1524 4951 4949 
7914 4951 4952 4949 
7915 4951 1525 4952 
7916 4949 4952 1526 
7917 1524 4953 4951 
7918 4953 4954 4951 
7919 4953 369 4954 
7920 4951 4954 1525 
7921 1526 4952 4956 
7922 4952 4955 4956 
7923 4952 1525 4955 
7924 4956 4955 473 
7925 401 4957 4959 
7926 4957 4958 4959 
7927 4957 1527 4958 
7928 4959 4958 1528 
7929 1527 4960 4958 
7930 4960 4961 4958 
7931 4960 1164 4961 
7932 4958 4961 1528 
7933 1527 4962 4960 
7934 4962 3522 4960 
7935 4962 411 3522 
7936 4960 3522 1164 
7937 1528 4961 4963 
7938 4961 3517 4963 
7939 4961 1164 3517 
7940 4963 3517 477 
7941 493 4830 4965 
7942 4830 4964 4965 
7943 4830 1497 4964 
7944 4965 4964 1529 
7945 1497 4966 4964 
7946 4966 4967 4964 
7947 4966 1444 4967 
7948 4964 4967 1529 
7949 1497 4835 4966 
7950 4835 4591 4966 
7951 4835 511 4591 
7952 4966 4591 1444 
7953 1529 4967 4968 
7954 4967 4597 4968 
7955 4967 1444 4597 
7956 4968 4597 542 
7957 569 4969 4971 
7958 4969 4970 4971 
7959 4969 1530 4970 
7960 4971 4970 1532 
7961 1530 4972 4970 
7962 4972 4973 4970 
7963 4972 1531 4973 
7964 4970 4973 1532 
7965 1530 4974 4972 
7966 4974 4975 4972 
7967 4974 547 4975 
7968 4972 4975 1531 
7969 1532 4973 4977 
7970 4973 4976 4977 
7971 4973 1531 4976 
7972 4977 4976 575 
7973 555 4415 4979 
7974 4415 4978 4979 
7975 4415 1400 4978 
7976 4979 4978 1533 
7977 1400 4980 4978 
7978 4980 4981 4978 
7979 4980 1351 4981 
7980 4978 4981 1533 
7981 1400 4419 4980 
7982 4419 4224 4980 
7983 4419 602 4224 
7984 4980 4224 1351 
7985 1533 4981 4982 
7986 4981 4228 4982 
7987 4981 1351 4228 
7988 4982 4228 625 
7989 532 2768 4772 
7990 2768 4983 4772 
7991 2768 951 4983 
7992 4772 4983 1484 
7993 951 4984 4983 
7994 4984 4985 4983 
7995 4984 1441 4985 
7996 4983 4985 1484 
7997 951 2767 4984 
7998 2767 4584 4984 
7999 2767 458 4584 
8000 4984 4584 1441 
8001 1484 4985 4777 
8002 4985 4588 4777 
8003 4985 1441 4588 
8004 4777 4588 565 
8005 556 4986 4988 
8006 4986 4987 4988 
8007 4986 1534 4987 
8008 4988 4987 1536 
8009 1534 4989 4987 
8010 4989 4990 4987 
8011 4989 1535 4990 
8012 4987 4990 1536 
8013 1534 4991 4989 
8014 4991 4992 4989 
8015 4991 520 4992 
8016 4989 4992 1535 
8017 1536 4990 4994 
8018 4990 4993 4994 
8019 4990 1535 4993 
8020 4994 4993 598 
8021 482 4995 4711 
8022 4995 4996 4711 
8023 4995 1537 4996 
8024 4711 4996 1473 
8025 1537 4997 4996 
8026 4997 4998 4996 
8027 4997 1503 4998 
8028 4996 4998 1473 
8029 1537 4999 4997 
8030 4999 4858 4997 
8031 4999 513 4858 
8032 4997 4858 1503 
8033 1473 4998 4712 
8034 4998 4862 4712 
8035 4998 1503 4862 
8036 4712 4862 543 
8037 431 2808 2609 
8038 2808 5000 2609 
8039 2808 965 5000 
8040 2609 5000 905 
8041 965 5001 5000 
8042 5001 5002 5000 
8043 5001 1477 5002 
8044 5000 5002 905 
8045 965 2814 5001 
8046 2814 4739 5001 
8047 2814 459 4739 
8048 5001 4739 1477 
8049 905 5002 2610 
8050 5002 4734 2610 
8051 5002 1477 4734 
8052 2610 4734 499 
8053 548 5003 5005 
8054 5003 5004 5005 
8055 5003 1538 5004 
8056 5005 5004 1540 
8057 1538 5006 5004 
8058 5006 5007 5004 
8059 5006 1539 5007 
8060 5004 5007 1540 
8061 1538 5008 5006 
8062 5008 5009 5006 
8063 5008 569 5009 
8064 5006 5009 1539 
8065 1540 5007 5011 
8066 5007 5010 5011 
8067 5007 1539 5010 
8068 5011 5010 570 
8069 520 5012 5014 
8070 5012 5013 5014 
8071 5012 1541 5013 
8072 5014 5013 1543 
8073 1541 5015 5013 
8074 5015 5016 5013 
8075 5015 1542 5016 
8076 5013 5016 1543 
8077 1541 5017 5015 
8078 5017 5018 5015 
8079 5017 489 5018 
8080 5015 5018 1542 
8081 1543 5016 5020 
8082 5016 5019 5020 
8083 5016 1542 5019 
8084 5020 5019 548 
8085 230 231 5022 
8086 231 5021 5022 
8087 231 232 5021 
8088 5022 5021 1544 
8089 232 5023 5021 
8090 5023 5024 5021 
8091 5023 966 5024 
8092 5021 5024 1544 
8093 232 233 5023 
8094 233 2819 5023 
8095 233 234 2819 
8096 5023 2819 966 
8097 1544 5024 5025 
8098 5024 2815 5025 
8099 5024 966 2815 
8100 5025 2815 333 
8101 261 262 5027 
8102 262 5026 5027 
8103 262 263 5026 
8104 5027 5026 1546 
8105 263 5028 5026 
8106 5028 5029 5026 
8107 5028 1545 5029 
8108 5026 5029 1546 
8109 263 264 5028 
8110 264 5030 5028 
8111 264 265 5030 
8112 5028 5030 1545 
8113 1546 5029 5032 
8114 5029 5031 5032 
8115 5029 1545 5031 
8116 5032 5031 401 
8117 226 227 4674 
8118 227 5033 4674 
8119 227 228 5033 
8120 4674 5033 1465 
8121 228 5034 5033 
8122 5034 5035 5033 
8123 5034 1544 5035 
8124 5033 5035 1465 
8125 228 229 5034 
8126 229 5022 5034 
8127 229 230 5022 
8128 5034 5022 1544 
8129 1465 5035 4678 
8130 5035 5025 4678 
8131 5035 1544 5025 
8132 4678 5025 333 
8133 445 5036 5038 
8134 5036 5037 5038 
8135 5036 1547 5037 
8136 5038 5037 1549 
8137 1547 5039 5037 
8138 5039 5040 5037 
8139 5039 1548 5040 
8140 5037 5040 1549 
8141 1547 5041 5039 
8142 5041 5042 5039 
8143 5041 420 5042 
8144 5039 5042 1548 
8145 1549 5040 5044 
8146 5040 5043 5044 
8147 5040 1548 5043 
8148 5044 5043 511 
8149 583 4090 4114 
8150 4090 5045 4114 
8151 4090 1316 5045 
8152 4114 5045 1323 
8153 1316 5046 5045 
8154 5046 5047 5045 
8155 5046 1533 5047 
8156 5045 5047 1323 
8157 1316 4085 5046 
8158 4085 4979 5046 
8159 4085 555 4979 
8160 5046 4979 1533 
8161 1323 5047 4115 
8162 5047 4982 4115 
8163 5047 1533 4982 
8164 4115 4982 625 
8165 553 5048 5050 
8166 5048 5049 5050 
8167 5048 1550 5049 
8168 5050 5049 1551 
8169 1550 5051 5049 
8170 5051 5052 5049 
8171 5051 748 5052 
8172 5049 5052 1551 
8173 1550 5053 5051 
8174 5053 2074 5051 
8175 5053 590 2074 
8176 5051 2074 748 
8177 1551 5052 5054 
8178 5052 2070 5054 
8179 5052 748 2070 
8180 5054 2070 617 
8181 597 5055 5057 
8182 5055 5056 5057 
8183 5055 1552 5056 
8184 5057 5056 1554 
8185 1552 5058 5056 
8186 5058 5059 5056 
8187 5058 1553 5059 
8188 5056 5059 1554 
8189 1552 5060 5058 
8190 5060 5061 5058 
8191 5060 569 5061 
8192 5058 5061 1553 
8193 1554 5059 5063 
8194 5059 5062 5063 
8195 5059 1553 5062 
8196 5063 5062 613 
8197 373 5064 4603 
8198 5064 5065 4603 
8199 5064 1555 5065 
8200 4603 5065 1446 
8201 1555 5066 5065 
8202 5066 5067 5065 
8203 5066 1556 5067 
8204 5065 5067 1446 
8205 1555 5068 5066 
8206 5068 5069 5066 
8207 5068 445 5069 
8208 5066 5069 1556 
8209 1446 5067 4608 
8210 5067 5070 4608 
8211 5067 1556 5070 
8212 4608 5070 457 
8213 375 5071 5073 
8214 5071 5072 5073 
8215 5071 1557 5072 
8216 5073 5072 1558 
8217 1557 5074 5072 
8218 5074 5075 5072 
8219 5074 1470 5075 
8220 5072 5075 1558 
8221 1557 5076 5074 
8222 5076 4700 5074 
8223 5076 414 4700 
8224 5074 4700 1470 
8225 1558 5075 5077 
8226 5075 4696 5077 
8227 5075 1470 4696 
8228 5077 4696 481 
8229 498 5078 3141 
8230 5078 5079 3141 
8231 5078 1559 5079 
8232 3141 5079 1057 
8233 1559 5080 5079 
8234 5080 5081 5079 
8235 5080 1560 5081 
8236 5079 5081 1057 
8237 1559 5082 5080 
8238 5082 5083 5080 
8239 5082 540 5083 
8240 5080 5083 1560 
8241 1057 5081 3146 
8242 5081 5084 3146 
8243 5081 1560 5084 
8244 3146 5084 547 
8245 517 5085 5087 
8246 5085 5086 5087 
8247 5085 1561 5086 
8248 5087 5086 1562 
8249 1561 5088 5086 
8250 5088 5089 5086 
8251 5088 769 5089 
8252 5086 5089 1562 
8253 1561 5090 5088 
8254 5090 2142 5088 
8255 5090 562 2142 
8256 5088 2142 769 
8257 1562 5089 5091 
8258 5089 2146 5091 
8259 5089 769 2146 
8260 5091 2146 614 
8261 510 5092 5094 
8262 5092 5093 5094 
8263 5092 1563 5093 
8264 5094 5093 1564 
8265 1563 5095 5093 
8266 5095 5096 5093 
8267 5095 1103 5096 
8268 5093 5096 1564 
8269 1563 5097 5095 
8270 5097 3303 5095 
8271 5097 534 3303 
8272 5095 3303 1103 
8273 1564 5096 5098 
8274 5096 3306 5098 
8275 5096 1103 3306 
8276 5098 3306 563 
8277 518 5099 4909 
8278 5099 5100 4909 
8279 5099 1565 5100 
8280 4909 5100 1515 
8281 1565 5101 5100 
8282 5101 5102 5100 
8283 5101 1265 5102 
8284 5100 5102 1515 
8285 1565 5103 5101 
8286 5103 3881 5101 
8287 5103 541 3881 
8288 5101 3881 1265 
8289 1515 5102 4913 
8290 5102 3885 4913 
8291 5102 1265 3885 
8292 4913 3885 572 
8293 472 5104 5106 
8294 5104 5105 5106 
8295 5104 1566 5105 
8296 5106 5105 1567 
8297 1566 5107 5105 
8298 5107 5108 5105 
8299 5107 1209 5108 
8300 5105 5108 1567 
8301 1566 5109 5107 
8302 5109 3684 5107 
8303 5109 507 3684 
8304 5107 3684 1209 
8305 1567 5108 5110 
8306 5108 3679 5110 
8307 5108 1209 3679 
8308 5110 3679 540 
8309 451 5111 5113 
8310 5111 5112 5113 
8311 5111 1568 5112 
8312 5113 5112 1570 
8313 1568 5114 5112 
8314 5114 5115 5112 
8315 5114 1569 5115 
8316 5112 5115 1570 
8317 1568 5116 5114 
8318 5116 5117 5114 
8319 5116 371 5117 
8320 5114 5117 1569 
8321 1570 5115 5119 
8322 5115 5118 5119 
8323 5115 1569 5118 
8324 5119 5118 471 
8325 518 4444 5099 
8326 4444 5120 5099 
8327 4444 1406 5120 
8328 5099 5120 1565 
8329 1406 5121 5120 
8330 5121 5122 5120 
8331 5121 1571 5122 
8332 5120 5122 1565 
8333 1406 4439 5121 
8334 4439 5123 5121 
8335 4439 490 5123 
8336 5121 5123 1571 
8337 1565 5122 5103 
8338 5122 5124 5103 
8339 5122 1571 5124 
8340 5103 5124 541 
8341 457 5070 4833 
8342 5070 5125 4833 
8343 5070 1556 5125 
8344 4833 5125 1496 
8345 1556 5126 5125 
8346 5126 5127 5125 
8347 5126 1549 5127 
8348 5125 5127 1496 
8349 1556 5069 5126 
8350 5069 5038 5126 
8351 5069 445 5038 
8352 5126 5038 1549 
8353 1496 5127 4834 
8354 5127 5044 4834 
8355 5127 1549 5044 
8356 4834 5044 511 
8357 610 5128 5130 
8358 5128 5129 5130 
8359 5128 1572 5129 
8360 5130 5129 1573 
8361 1572 5131 5129 
8362 5131 5132 5129 
8363 5131 763 5132 
8364 5129 5132 1573 
8365 1572 5133 5131 
8366 5133 2125 5131 
8367 5133 620 2125 
8368 5131 2125 763 
8369 1573 5132 5134 
8370 5132 2121 5134 
8371 5132 763 2121 
8372 5134 2121 638 
8373 519 2734 2588 
8374 2734 5135 2588 
8375 2734 943 5135 
8376 2588 5135 899 
8377 943 5136 5135 
8378 5136 5137 5135 
8379 5136 1574 5137 
8380 5135 5137 899 
8381 943 2740 5136 
8382 2740 5138 5136 
8383 2740 554 5138 
8384 5136 5138 1574 
8385 899 5137 2589 
8386 5137 5139 2589 
8387 5137 1574 5139 
8388 2589 5139 585 
8389 496 4640 2567 
8390 4640 5140 2567 
8391 4640 1456 5140 
8392 2567 5140 893 
8393 1456 5141 5140 
8394 5141 5142 5140 
8395 5141 1534 5142 
8396 5140 5142 893 
8397 1456 4645 5141 
8398 4645 4991 5141 
8399 4645 520 4991 
8400 5141 4991 1534 
8401 893 5142 2568 
8402 5142 4986 2568 
8403 5142 1534 4986 
8404 2568 4986 556 
8405 218 219 4848 
8406 219 5143 4848 
8407 219 220 5143 
8408 4848 5143 1501 
8409 220 5144 5143 
8410 5144 5145 5143 
8411 5144 1474 5145 
8412 5143 5145 1501 
8413 220 221 5144 
8414 221 4714 5144 
8415 221 222 4714 
8416 5144 4714 1474 
8417 1501 5145 4849 
8418 5145 4717 4849 
8419 5145 1474 4717 
8420 4849 4717 392 
8421 420 4781 5042 
8422 4781 5146 5042 
8423 4781 1488 5146 
8424 5042 5146 1548 
8425 1488 5147 5146 
8426 5147 5148 5146 
8427 5147 1442 5148 
8428 5146 5148 1548 
8429 1488 4787 5147 
8430 4787 4594 5147 
8431 4787 478 4594 
8432 5147 4594 1442 
8433 1548 5148 5043 
8434 5148 4589 5043 
8435 5148 1442 4589 
8436 5043 4589 511 
8437 103 104 5150 
8438 104 5149 5150 
8439 104 105 5149 
8440 5150 5149 1576 
8441 105 5151 5149 
8442 5151 5152 5149 
8443 5151 1575 5152 
8444 5149 5152 1576 
8445 105 106 5151 
8446 106 5153 5151 
8447 106 107 5153 
8448 5151 5153 1575 
8449 1576 5152 5155 
8450 5152 5154 5155 
8451 5152 1575 5154 
8452 5155 5154 394 
8453 409 2516 3995 
8454 2516 5156 3995 
8455 2516 877 5156 
8456 3995 5156 1292 
8457 877 5157 5156 
8458 5157 5158 5156 
8459 5157 1258 5158 
8460 5156 5158 1292 
8461 877 2515 5157 
8462 2515 3862 5157 
8463 2515 377 3862 
8464 5157 3862 1258 
8465 1292 5158 4000 
8466 5158 3858 4000 
8467 5158 1258 3858 
8468 4000 3858 423 
8469 589 5159 1937 
8470 5159 5160 1937 
8471 5159 1577 5160 
8472 1937 5160 710 
8473 1577 5161 5160 
8474 5161 5162 5160 
8475 5161 1072 5162 
8476 5160 5162 710 
8477 1577 5163 5161 
8478 5163 3187 5161 
8479 5163 601 3187 
8480 5161 3187 1072 
8481 710 5162 1942 
8482 5162 3193 1942 
8483 5162 1072 3193 
8484 1942 3193 612 
8485 107 5164 5153 
8486 5164 5165 5153 
8487 5164 1578 5165 
8488 5153 5165 1575 
8489 1578 5166 5165 
8490 5166 5167 5165 
8491 5166 1579 5167 
8492 5165 5167 1575 
8493 1578 5168 5166 
8494 5168 5169 5166 
8495 5168 327 5169 
8496 5166 5169 1579 
8497 1575 5167 5154 
8498 5167 5170 5154 
8499 5167 1579 5170 
8500 5154 5170 394 
8501 616 3530 5172 
8502 3530 5171 5172 
8503 3530 1167 5171 
8504 5172 5171 1581 
8505 1167 5173 5171 
8506 5173 5174 5171 
8507 5173 1580 5174 
8508 5171 5174 1581 
8509 1167 3529 5173 
8510 3529 5175 5173 
8511 3529 597 5175 
8512 5173 5175 1580 
8513 1581 5174 5177 
8514 5174 5176 5177 
8515 5174 1580 5176 
8516 5177 5176 632 
8517 397 5178 4504 
8518 5178 5179 4504 
8519 5178 1582 5179 
8520 4504 5179 1422 
8521 1582 5180 5179 
8522 5180 5181 5179 
8523 5180 1558 5181 
8524 5179 5181 1422 
8525 1582 5182 5180 
8526 5182 5073 5180 
8527 5182 375 5073 
8528 5180 5073 1558 
8529 1422 5181 4505 
8530 5181 5077 4505 
8531 5181 1558 5077 
8532 4505 5077 481 
8533 520 5014 5184 
8534 5014 5183 5184 
8535 5014 1543 5183 
8536 5184 5183 1583 
8537 1543 5185 5183 
8538 5185 5186 5183 
8539 5185 1540 5186 
8540 5183 5186 1583 
8541 1543 5020 5185 
8542 5020 5005 5185 
8543 5020 548 5005 
8544 5185 5005 1540 
8545 1583 5186 5187 
8546 5186 5011 5187 
8547 5186 1540 5011 
8548 5187 5011 570 
8549 330 5188 5190 
8550 5188 5189 5190 
8551 5188 1584 5189 
8552 5190 5189 1586 
8553 1584 5191 5189 
8554 5191 5192 5189 
8555 5191 1585 5192 
8556 5189 5192 1586 
8557 1584 5193 5191 
8558 5193 5194 5191 
8559 5193 396 5194 
8560 5191 5194 1585 
8561 1586 5192 5196 
8562 5192 5195 5196 
8563 5192 1585 5195 
8564 5196 5195 445 
8565 474 5197 5199 
8566 5197 5198 5199 
8567 5197 1587 5198 
8568 5199 5198 1588 
8569 1587 5200 5198 
8570 5200 5201 5198 
8571 5200 1382 5201 
8572 5198 5201 1588 
8573 1587 5202 5200 
8574 5202 4345 5200 
8575 5202 443 4345 
8576 5200 4345 1382 
8577 1588 5201 5203 
8578 5201 4350 5203 
8579 5201 1382 4350 
8580 5203 4350 536 
8581 214 215 3307 
8582 215 5204 3307 
8583 215 216 5204 
8584 3307 5204 1104 
8585 216 5205 5204 
8586 5205 5206 5204 
8587 5205 1500 5206 
8588 5204 5206 1104 
8589 216 217 5205 
8590 217 4847 5205 
8591 217 218 4847 
8592 5205 4847 1500 
8593 1104 5206 3312 
8594 5206 4843 3312 
8595 5206 1500 4843 
8596 3312 4843 325 
8597 394 5207 5209 
8598 5207 5208 5209 
8599 5207 1589 5208 
8600 5209 5208 1590 
8601 1589 5210 5208 
8602 5210 5211 5208 
8603 5210 1251 5211 
8604 5208 5211 1590 
8605 1589 5212 5210 
8606 5212 3840 5210 
8607 5212 413 3840 
8608 5210 3840 1251 
8609 1590 5211 5213 
8610 5211 3835 5213 
8611 5211 1251 3835 
8612 5213 3835 476 
8613 584 4800 5215 
8614 4800 5214 5215 
8615 4800 1490 5214 
8616 5215 5214 1592 
8617 1490 5216 5214 
8618 5216 5217 5214 
8619 5216 1591 5217 
8620 5214 5217 1592 
8621 1490 4799 5216 
8622 4799 5218 5216 
8623 4799 573 5218 
8624 5216 5218 1591 
8625 1592 5217 5220 
8626 5217 5219 5220 
8627 5217 1591 5219 
8628 5220 5219 609 
8629 414 5076 5222 
8630 5076 5221 5222 
8631 5076 1557 5221 
8632 5222 5221 1594 
8633 1557 5223 5221 
8634 5223 5224 5221 
8635 5223 1593 5224 
8636 5221 5224 1594 
8637 1557 5071 5223 
8638 5071 5225 5223 
8639 5071 375 5225 
8640 5223 5225 1593 
8641 1594 5224 5227 
8642 5224 5226 5227 
8643 5224 1593 5226 
8644 5227 5226 441 
8645 509 4792 5229 
8646 4792 5228 5229 
8647 4792 1489 5228 
8648 5229 5228 1595 
8649 1489 5230 5228 
8650 5230 5231 5228 
8651 5230 1352 5231 
8652 5228 5231 1595 
8653 1489 4795 5230 
8654 4795 4230 5230 
8655 4795 535 4230 
8656 5230 4230 1352 
8657 1595 5231 5232 
8658 5231 4233 5232 
8659 5231 1352 4233 
8660 5232 4233 564 
8661 238 3202 4687 
8662 3202 5233 4687 
8663 3202 1076 5233 
8664 4687 5233 1467 
8665 1076 5234 5233 
8666 5234 5235 5233 
8667 5234 1255 5235 
8668 5233 5235 1467 
8669 1076 3207 5234 
8670 3207 3846 5234 
8671 3207 365 3846 
8672 5234 3846 1255 
8673 1467 5235 4688 
8674 5235 3850 4688 
8675 5235 1255 3850 
8676 4688 3850 403 
8677 493 5236 3872 
8678 5236 5237 3872 
8679 5236 1596 5237 
8680 3872 5237 1262 
8681 1596 5238 5237 
8682 5238 5239 5237 
8683 5238 1345 5239 
8684 5237 5239 1262 
8685 1596 5240 5238 
8686 5240 4204 5238 
8687 5240 555 4204 
8688 5238 4204 1345 
8689 1262 5239 3877 
8690 5239 4200 3877 
8691 5239 1345 4200 
8692 3877 4200 576 
8693 376 2298 3957 
8694 2298 5241 3957 
8695 2298 815 5241 
8696 3957 5241 1282 
8697 815 5242 5241 
8698 5242 5243 5241 
8699 5242 1435 5243 
8700 5241 5243 1282 
8701 815 2304 5242 
8702 2304 4549 5242 
8703 2304 424 4549 
8704 5242 4549 1435 
8705 1282 5243 3958 
8706 5243 4555 3958 
8707 5243 1435 4555 
8708 3958 4555 480 
8709 510 4884 5092 
8710 4884 5244 5092 
8711 4884 1506 5244 
8712 5092 5244 1563 
8713 1506 5245 5244 
8714 5245 5246 5244 
8715 5245 1274 5246 
8716 5244 5246 1563 
8717 1506 4883 5245 
8718 4883 3917 5245 
8719 4883 470 3917 
8720 5245 3917 1274 
8721 1563 5246 5097 
8722 5246 3921 5097 
8723 5246 1274 3921 
8724 5097 3921 534 
8725 554 5247 5249 
8726 5247 5248 5249 
8727 5247 1597 5248 
8728 5249 5248 1598 
8729 1597 5250 5248 
8730 5250 5251 5248 
8731 5250 772 5251 
8732 5248 5251 1598 
8733 1597 5252 5250 
8734 5252 2158 5250 
8735 5252 587 2158 
8736 5250 2158 772 
8737 1598 5251 5253 
8738 5251 2154 5253 
8739 5251 772 2154 
8740 5253 2154 620 
8741 527 4932 2200 
8742 4932 5254 2200 
8743 4932 1521 5254 
8744 2200 5254 784 
8745 1521 5255 5254 
8746 5255 5256 5254 
8747 5255 1272 5256 
8748 5254 5256 784 
8749 1521 4937 5255 
8750 4937 3910 5255 
8751 4937 544 3910 
8752 5255 3910 1272 
8753 784 5256 2201 
8754 5256 3914 2201 
8755 5256 1272 3914 
8756 2201 3914 577 
8757 425 2438 4610 
8758 2438 5257 4610 
8759 2438 855 5257 
8760 4610 5257 1448 
8761 855 5258 5257 
8762 5258 5259 5257 
8763 5258 1281 5259 
8764 5257 5259 1448 
8765 855 2437 5258 
8766 2437 3950 5258 
8767 2437 345 3950 
8768 5258 3950 1281 
8769 1448 5259 4615 
8770 5259 3953 4615 
8771 5259 1281 3953 
8772 4615 3953 469 
8773 537 5260 5262 
8774 5260 5261 5262 
8775 5260 1599 5261 
8776 5262 5261 1600 
8777 1599 5263 5261 
8778 5263 5264 5261 
8779 5263 812 5264 
8780 5261 5264 1600 
8781 1599 5265 5263 
8782 5265 2291 5263 
8783 5265 561 2291 
8784 5263 2291 812 
8785 1600 5264 5266 
8786 5264 2295 5266 
8787 5264 812 2295 
8788 5266 2295 592 
8789 610 5267 5128 
8790 5267 5268 5128 
8791 5267 1601 5268 
8792 5128 5268 1572 
8793 1601 5269 5268 
8794 5269 5270 5268 
8795 5269 1598 5270 
8796 5268 5270 1572 
8797 1601 5271 5269 
8798 5271 5249 5269 
8799 5271 554 5249 
8800 5269 5249 1598 
8801 1572 5270 5133 
8802 5270 5253 5133 
8803 5270 1598 5253 
8804 5133 5253 620 
8805 556 4988 2082 
8806 4988 5272 2082 
8807 4988 1536 5272 
8808 2082 5272 751 
8809 1536 5273 5272 
8810 5273 5274 5272 
8811 5273 1107 5274 
8812 5272 5274 751 
8813 1536 4994 5273 
8814 4994 3316 5273 
8815 4994 598 3316 
8816 5273 3316 1107 
8817 751 5274 2083 
8818 5274 3320 2083 
8819 5274 1107 3320 
8820 2083 3320 618 
8821 473 5275 5277 
8822 5275 5276 5277 
8823 5275 1602 5276 
8824 5277 5276 1604 
8825 1602 5278 5276 
8826 5278 5279 5276 
8827 5278 1603 5279 
8828 5276 5279 1604 
8829 1602 5280 5278 
8830 5280 5281 5278 
8831 5280 504 5281 
8832 5278 5281 1603 
8833 1604 5279 5283 
8834 5279 5282 5283 
8835 5279 1603 5282 
8836 5283 5282 537 
8837 589 2000 5159 
8838 2000 5284 5159 
8839 2000 727 5284 
8840 5159 5284 1577 
8841 727 5285 5284 
8842 5285 5286 5284 
8843 5285 1605 5286 
8844 5284 5286 1577 
8845 727 1999 5285 
8846 1999 5287 5285 
8847 1999 559 5287 
8848 5285 5287 1605 
8849 1577 5286 5163 
8850 5286 5288 5163 
8851 5286 1605 5288 
8852 5163 5288 601 
8853 520 5184 4992 
8854 5184 5289 4992 
8855 5184 1583 5289 
8856 4992 5289 1535 
8857 1583 5290 5289 
8858 5290 5291 5289 
8859 5290 1177 5291 
8860 5289 5291 1535 
8861 1583 5187 5290 
8862 5187 3564 5290 
8863 5187 570 3564 
8864 5290 3564 1177 
8865 1535 5291 4993 
8866 5291 3568 4993 
8867 5291 1177 3568 
8868 4993 3568 598 
8869 553 3222 5048 
8870 3222 5292 5048 
8871 3222 1080 5292 
8872 5048 5292 1550 
8873 1080 5293 5292 
8874 5293 5294 5292 
8875 5293 1429 5294 
8876 5292 5294 1550 
8877 1080 3221 5293 
8878 3221 4527 5293 
8879 3221 492 4527 
8880 5293 4527 1429 
8881 1550 5294 5053 
8882 5294 4531 5053 
8883 5294 1429 4531 
8884 5053 4531 590 
8885 475 5295 5297 
8886 5295 5296 5297 
8887 5295 1606 5296 
8888 5297 5296 1607 
8889 1606 5298 5296 
8890 5298 5299 5296 
8891 5298 1264 5299 
8892 5296 5299 1607 
8893 1606 5300 5298 
8894 5300 3884 5298 
8895 5300 486 3884 
8896 5298 3884 1264 
8897 1607 5299 5301 
8898 5299 3879 5301 
8899 5299 1264 3879 
8900 5301 3879 541 
8901 371 5302 5117 
8902 5302 5303 5117 
8903 5302 1608 5303 
8904 5117 5303 1569 
8905 1608 5304 5303 
8906 5304 5305 5303 
8907 5304 1609 5305 
8908 5303 5305 1569 
8909 1608 5306 5304 
8910 5306 5307 5304 
8911 5306 427 5307 
8912 5304 5307 1609 
8913 1569 5305 5118 
8914 5305 5308 5118 
8915 5305 1609 5308 
8916 5118 5308 471 
8917 439 2325 3422 
8918 2325 5309 3422 
8919 2325 824 5309 
8920 3422 5309 1136 
8921 824 5310 5309 
8922 5310 5311 5309 
8923 5310 1462 5311 
8924 5309 5311 1136 
8925 824 2331 5310 
8926 2331 4667 5310 
8927 2331 483 4667 
8928 5310 4667 1462 
8929 1136 5311 3423 
8930 5311 4662 3423 
8931 5311 1462 4662 
8932 3423 4662 495 
8933 488 5312 5314 
8934 5312 5313 5314 
8935 5312 1610 5313 
8936 5314 5313 1612 
8937 1610 5315 5313 
8938 5315 5316 5313 
8939 5315 1611 5316 
8940 5313 5316 1612 
8941 1610 5317 5315 
8942 5317 5318 5315 
8943 5317 466 5318 
8944 5315 5318 1611 
8945 1612 5316 5320 
8946 5316 5319 5320 
8947 5316 1611 5319 
8948 5320 5319 516 
8949 499 4736 2096 
8950 4736 5321 2096 
8951 4736 1479 5321 
8952 2096 5321 755 
8953 1479 5322 5321 
8954 5322 5323 5321 
8955 5322 1613 5323 
8956 5321 5323 755 
8957 1479 4742 5322 
8958 4742 5324 5322 
8959 4742 528 5324 
8960 5322 5324 1613 
8961 755 5323 2097 
8962 5323 5325 2097 
8963 5323 1613 5325 
8964 2097 5325 559 
8965 586 5326 5328 
8966 5326 5327 5328 
8967 5326 1614 5327 
8968 5328 5327 1615 
8969 1614 5329 5327 
8970 5329 5330 5327 
8971 5329 706 5330 
8972 5327 5330 1615 
8973 1614 5331 5329 
8974 5331 1923 5329 
8975 5331 617 1923 
8976 5329 1923 706 
8977 1615 5330 5332 
8978 5330 1927 5332 
8979 5330 706 1927 
8980 5332 1927 635 
8981 517 4474 5085 
8982 4474 5333 5085 
8983 4474 1414 5333 
8984 5085 5333 1561 
8985 1414 5334 5333 
8986 5334 5335 5333 
8987 5334 929 5335 
8988 5333 5335 1561 
8989 1414 4473 5334 
8990 4473 2690 5334 
8991 4473 505 2690 
8992 5334 2690 929 
8993 1561 5335 5090 
8994 5335 2694 5090 
8995 5335 929 2694 
8996 5090 2694 562 
8997 460 2771 4643 
8998 2771 5336 4643 
8999 2771 954 5336 
9000 4643 5336 1455 
9001 954 5337 5336 
9002 5337 5338 5336 
9003 5337 1541 5338 
9004 5336 5338 1455 
9005 954 2777 5337 
9006 2777 5017 5337 
9007 2777 489 5017 
9008 5337 5017 1541 
9009 1455 5338 4644 
9010 5338 5012 4644 
9011 5338 1541 5012 
9012 4644 5012 520 
9013 554 2739 5247 
9014 2739 5339 5247 
9015 2739 942 5339 
9016 5247 5339 1597 
9017 942 5340 5339 
9018 5340 5341 5339 
9019 5340 1485 5341 
9020 5339 5341 1597 
9021 942 2738 5340 
9022 2738 4774 5340 
9023 2738 532 4774 
9024 5340 4774 1485 
9025 1597 5341 5252 
9026 5341 4778 5252 
9027 5341 1485 4778 
9028 5252 4778 587 
9029 552 5342 5344 
9030 5342 5343 5344 
9031 5342 1616 5343 
9032 5344 5343 1618 
9033 1616 5345 5343 
9034 5345 5346 5343 
9035 5345 1617 5346 
9036 5343 5346 1618 
9037 1616 5347 5345 
9038 5347 5348 5345 
9039 5347 568 5348 
9040 5345 5348 1617 
9041 1618 5346 5350 
9042 5346 5349 5350 
9043 5346 1617 5349 
9044 5350 5349 580 
9045 349 5351 4487 
9046 5351 5352 4487 
9047 5351 1619 5352 
9048 4487 5352 1418 
9049 1619 5353 5352 
9050 5353 5354 5352 
9051 5353 1034 5354 
9052 5352 5354 1418 
9053 1619 5355 5353 
9054 5355 3056 5353 
9055 5355 386 3056 
9056 5353 3056 1034 
9057 1418 5354 4492 
9058 5354 3060 4492 
9059 5354 1034 3060 
9060 4492 3060 444 
9061 585 5139 2275 
9062 5139 5356 2275 
9063 5139 1574 5356 
9064 2275 5356 807 
9065 1574 5357 5356 
9066 5357 5358 5356 
9067 5357 1601 5358 
9068 5356 5358 807 
9069 1574 5138 5357 
9070 5138 5271 5357 
9071 5138 554 5271 
9072 5357 5271 1601 
9073 807 5358 2280 
9074 5358 5267 2280 
9075 5358 1601 5267 
9076 2280 5267 610 
9077 438 2307 3373 
9078 2307 5359 3373 
9079 2307 818 5359 
9080 3373 5359 1122 
9081 818 5360 5359 
9082 5360 5361 5359 
9083 5360 1472 5361 
9084 5359 5361 1122 
9085 818 2313 5360 
9086 2313 4710 5360 
9087 2313 482 4710 
9088 5360 4710 1472 
9089 1122 5361 3374 
9090 5361 4706 3374 
9091 5361 1472 4706 
9092 3374 4706 494 
9093 573 2697 5218 
9094 2697 5362 5218 
9095 2697 932 5362 
9096 5218 5362 1591 
9097 932 5363 5362 
9098 5363 5364 5362 
9099 5363 1620 5364 
9100 5362 5364 1591 
9101 932 2703 5363 
9102 2703 5365 5363 
9103 2703 603 5365 
9104 5363 5365 1620 
9105 1591 5364 5219 
9106 5364 5366 5219 
9107 5364 1620 5366 
9108 5219 5366 609 
9109 559 5325 5287 
9110 5325 5367 5287 
9111 5325 1613 5367 
9112 5287 5367 1605 
9113 1613 5368 5367 
9114 5368 5369 5367 
9115 5368 1621 5369 
9116 5367 5369 1605 
9117 1613 5324 5368 
9118 5324 5370 5368 
9119 5324 528 5370 
9120 5368 5370 1621 
9121 1605 5369 5288 
9122 5369 5371 5288 
9123 5369 1621 5371 
9124 5288 5371 601 
9125 610 5130 2273 
9126 5130 5372 2273 
9127 5130 1573 5372 
9128 2273 5372 806 
9129 1573 5373 5372 
9130 5373 5374 5372 
9131 5373 1622 5374 
9132 5372 5374 806 
9133 1573 5134 5373 
9134 5134 5375 5373 
9135 5134 638 5375 
9136 5373 5375 1622 
9137 806 5374 2274 
9138 5374 5376 2274 
9139 5374 1622 5376 
9140 2274 5376 647 
9141 569 5377 5061 
9142 5377 5378 5061 
9143 5377 1623 5378 
9144 5061 5378 1553 
9145 1623 5379 5378 
9146 5379 5380 5378 
9147 5379 1116 5380 
9148 5378 5380 1553 
9149 1623 5381 5379 
9150 5381 3346 5379 
9151 5381 605 3346 
9152 5379 3346 1116 
9153 1553 5380 5062 
9154 5380 3350 5062 
9155 5380 1116 3350 
9156 5062 3350 613 
9157 119 120 5383 
9158 120 5382 5383 
9159 120 121 5382 
9160 5383 5382 1624 
9161 121 5384 5382 
9162 5384 5385 5382 
9163 5384 1065 5385 
9164 5382 5385 1624 
9165 121 122 5384 
9166 122 3165 5384 
9167 122 123 3165 
9168 5384 3165 1065 
9169 1624 5385 5386 
9170 5385 3170 5386 
9171 5385 1065 3170 
9172 5386 3170 384 
9173 414 5387 4653 
9174 5387 5388 4653 
9175 5387 1625 5388 
9176 4653 5388 1459 
9177 1625 5389 5388 
9178 5389 5390 5388 
9179 5389 1626 5390 
9180 5388 5390 1459 
9181 1625 5391 5389 
9182 5391 5392 5389 
9183 5391 475 5392 
9184 5389 5392 1626 
9185 1459 5390 4658 
9186 5390 5393 4658 
9187 5390 1626 5393 
9188 4658 5393 490 
9189 584 5215 2138 
9190 5215 5394 2138 
9191 5215 1592 5394 
9192 2138 5394 767 
9193 1592 5395 5394 
9194 5395 5396 5394 
9195 5395 1627 5396 
9196 5394 5396 767 
9197 1592 5220 5395 
9198 5220 5397 5395 
9199 5220 609 5397 
9200 5395 5397 1627 
9201 767 5396 2139 
9202 5396 5398 2139 
9203 5396 1627 5398 
9204 2139 5398 631 
9205 632 5399 5401 
9206 5399 5400 5401 
9207 5399 1628 5400 
9208 5401 5400 1630 
9209 1628 5402 5400 
9210 5402 5403 5400 
9211 5402 1629 5403 
9212 5400 5403 1630 
9213 1628 5404 5402 
9214 5404 5405 5402 
9215 5404 613 5405 
9216 5402 5405 1629 
9217 1630 5403 5407 
9218 5403 5406 5407 
9219 5403 1629 5406 
9220 5407 5406 661 
9221 528 5408 5370 
9222 5408 5409 5370 
9223 5408 1631 5409 
9224 5370 5409 1621 
9225 1631 5410 5409 
9226 5410 5411 5409 
9227 5410 1090 5411 
9228 5409 5411 1621 
9229 1631 5412 5410 
9230 5412 3252 5410 
9231 5412 567 3252 
9232 5410 3252 1090 
9233 1621 5411 5371 
9234 5411 3256 5371 
9235 5411 1090 3256 
9236 5371 3256 601 
9237 552 5413 5342 
9238 5413 5414 5342 
9239 5413 1632 5414 
9240 5342 5414 1616 
9241 1632 5415 5414 
9242 5415 5416 5414 
9243 5415 1633 5416 
9244 5414 5416 1616 
9245 1632 5417 5415 
9246 5417 5418 5415 
9247 5417 487 5418 
9248 5415 5418 1633 
9249 1616 5416 5347 
9250 5416 5419 5347 
9251 5416 1633 5419 
9252 5347 5419 568 
9253 570 5010 3562 
9254 5010 5420 3562 
9255 5010 1539 5420 
9256 3562 5420 1176 
9257 1539 5421 5420 
9258 5421 5422 5420 
9259 5421 1552 5422 
9260 5420 5422 1176 
9261 1539 5009 5421 
9262 5009 5060 5421 
9263 5009 569 5060 
9264 5421 5060 1552 
9265 1176 5422 3567 
9266 5422 5055 3567 
9267 5422 1552 5055 
9268 3567 5055 597 
9269 609 5366 5424 
9270 5366 5423 5424 
9271 5366 1620 5423 
9272 5424 5423 1635 
9273 1620 5425 5423 
9274 5425 5426 5423 
9275 5425 1634 5426 
9276 5423 5426 1635 
9277 1620 5365 5425 
9278 5365 5427 5425 
9279 5365 603 5427 
9280 5425 5427 1634 
9281 1635 5426 5429 
9282 5426 5428 5429 
9283 5426 1634 5428 
9284 5429 5428 633 
9285 568 5430 5432 
9286 5430 5431 5432 
9287 5430 1636 5431 
9288 5432 5431 1638 
9289 1636 5433 5431 
9290 5433 5434 5431 
9291 5433 1637 5434 
9292 5431 5434 1638 
9293 1636 5435 5433 
9294 5435 5436 5433 
9295 5435 592 5436 
9296 5433 5436 1637 
9297 1638 5434 5438 
9298 5434 5437 5438 
9299 5434 1637 5437 
9300 5438 5437 624 
9301 624 5439 5441 
9302 5439 5440 5441 
9303 5439 1639 5440 
9304 5441 5440 1640 
9305 1639 5442 5440 
9306 5442 5443 5440 
9307 5442 804 5443 
9308 5440 5443 1640 
9309 1639 5444 5442 
9310 5444 2263 5442 
9311 5444 640 2263 
9312 5442 2263 804 
9313 1640 5443 5445 
9314 5443 2267 5445 
9315 5443 804 2267 
9316 5445 2267 653 
9317 638 2114 5447 
9318 2114 5446 5447 
9319 2114 762 5446 
9320 5447 5446 1642 
9321 762 5448 5446 
9322 5448 5449 5446 
9323 5448 1641 5449 
9324 5446 5449 1642 
9325 762 2120 5448 
9326 2120 5450 5448 
9327 2120 652 5450 
9328 5448 5450 1641 
9329 1642 5449 5452 
9330 5449 5451 5452 
9331 5449 1641 5451 
9332 5452 5451 666 
9333 596 4245 5454 
9334 4245 5453 5454 
9335 4245 1355 5453 
9336 5454 5453 1643 
9337 1355 5455 5453 
9338 5455 5456 5453 
9339 5455 1386 5456 
9340 5453 5456 1643 
9341 1355 4244 5455 
9342 4244 4358 5455 
9343 4244 566 4358 
9344 5455 4358 1386 
9345 1643 5456 5457 
9346 5456 4364 5457 
9347 5456 1386 4364 
9348 5457 4364 604 
9349 624 5437 5439 
9350 5437 5458 5439 
9351 5437 1637 5458 
9352 5439 5458 1639 
9353 1637 5459 5458 
9354 5459 5460 5458 
9355 5459 810 5460 
9356 5458 5460 1639 
9357 1637 5436 5459 
9358 5436 2284 5459 
9359 5436 592 2284 
9360 5459 2284 810 
9361 1639 5460 5444 
9362 5460 2288 5444 
9363 5460 810 2288 
9364 5444 2288 640 
9365 629 3263 4562 
9366 3263 5461 4562 
9367 3263 1092 5461 
9368 4562 5461 1436 
9369 1092 5462 5461 
9370 5462 5463 5461 
9371 5462 1644 5463 
9372 5461 5463 1436 
9373 1092 3262 5462 
9374 3262 5464 5462 
9375 3262 616 5464 
9376 5462 5464 1644 
9377 1436 5463 4563 
9378 5463 5465 4563 
9379 5463 1644 5465 
9380 4563 5465 658 
9381 528 5466 5408 
9382 5466 5467 5408 
9383 5466 1645 5467 
9384 5408 5467 1631 
9385 1645 5468 5467 
9386 5468 5469 5467 
9387 5468 1646 5469 
9388 5467 5469 1631 
9389 1645 5470 5468 
9390 5470 5471 5468 
9391 5470 488 5471 
9392 5468 5471 1646 
9393 1631 5469 5412 
9394 5469 5472 5412 
9395 5469 1646 5472 
9396 5412 5472 567 
9397 639 4397 3962 
9398 4397 5473 3962 
9399 4397 1395 5473 
9400 3962 5473 1283 
9401 1395 5474 5473 
9402 5474 5475 5473 
9403 5474 1647 5475 
9404 5473 5475 1283 
9405 1395 4396 5474 
9406 4396 5476 5474 
9407 4396 621 5476 
9408 5474 5476 1647 
9409 1283 5475 3963 
9410 5475 5477 3963 
9411 5475 1647 5477 
9412 3963 5477 656 
9413 277 278 5479 
9414 278 5478 5479 
9415 278 279 5478 
9416 5479 5478 1648 
9417 279 5480 5478 
9418 5480 5481 5478 
9419 5480 1078 5481 
9420 5478 5481 1648 
9421 279 280 5480 
9422 280 3209 5480 
9423 280 281 3209 
9424 5480 3209 1078 
9425 1648 5481 5482 
9426 5481 3214 5482 
9427 5481 1078 3214 
9428 5482 3214 386 
9429 633 5483 4518 
9430 5483 5484 4518 
9431 5483 1649 5484 
9432 4518 5484 1426 
9433 1649 5485 5484 
9434 5485 5486 5484 
9435 5485 1650 5486 
9436 5484 5486 1426 
9437 1649 5487 5485 
9438 5487 5488 5485 
9439 5487 626 5488 
9440 5485 5488 1650 
9441 1426 5486 4523 
9442 5486 5489 4523 
9443 5486 1650 5489 
9444 4523 5489 642 
9445 552 5344 5491 
9446 5344 5490 5491 
9447 5344 1618 5490 
9448 5491 5490 1652 
9449 1618 5492 5490 
9450 5492 5493 5490 
9451 5492 1651 5493 
9452 5490 5493 1652 
9453 1618 5350 5492 
9454 5350 5494 5492 
9455 5350 580 5494 
9456 5492 5494 1651 
9457 1652 5493 5496 
9458 5493 5495 5496 
9459 5493 1651 5495 
9460 5496 5495 627 
9461 578 5497 4391 
9462 5497 5498 4391 
9463 5497 1653 5498 
9464 4391 5498 1394 
9465 1653 5499 5498 
9466 5499 5500 5498 
9467 5499 1654 5500 
9468 5498 5500 1394 
9469 1653 5501 5499 
9470 5501 5502 5499 
9471 5501 552 5502 
9472 5499 5502 1654 
9473 1394 5500 4392 
9474 5500 5503 4392 
9475 5500 1654 5503 
9476 4392 5503 604 
9477 658 5504 3139 
9478 5504 5505 3139 
9479 5504 1655 5505 
9480 3139 5505 1056 
9481 1655 5506 5505 
9482 5506 5507 5505 
9483 5506 1656 5507 
9484 5505 5507 1056 
9485 1655 5508 5506 
9486 5508 5509 5506 
9487 5508 632 5509 
9488 5506 5509 1656 
9489 1056 5507 3140 
9490 5507 5510 3140 
9491 5507 1656 5510 
9492 3140 5510 674 
9493 548 3148 5003 
9494 3148 5511 5003 
9495 3148 1058 5511 
9496 5003 5511 1538 
9497 1058 5512 5511 
9498 5512 5513 5511 
9499 5512 1530 5513 
9500 5511 5513 1538 
9501 1058 3147 5512 
9502 3147 4974 5512 
9503 3147 547 4974 
9504 5512 4974 1530 
9505 1538 5513 5008 
9506 5513 4969 5008 
9507 5513 1530 4969 
9508 5008 4969 569 
9509 580 5514 5516 
9510 5514 5515 5516 
9511 5514 1657 5515 
9512 5516 5515 1659 
9513 1657 5517 5515 
9514 5517 5518 5515 
9515 5517 1658 5518 
9516 5515 5518 1659 
9517 1657 5519 5517 
9518 5519 5520 5517 
9519 5519 630 5520 
9520 5517 5520 1658 
9521 1659 5518 5522 
9522 5518 5521 5522 
9523 5518 1658 5521 
9524 5522 5521 643 
9525 647 5376 2110 
9526 5376 5523 2110 
9527 5376 1622 5523 
9528 2110 5523 759 
9529 1622 5524 5523 
9530 5524 5525 5523 
9531 5524 1642 5525 
9532 5523 5525 759 
9533 1622 5375 5524 
9534 5375 5447 5524 
9535 5375 638 5447 
9536 5524 5447 1642 
9537 759 5525 2111 
9538 5525 5452 2111 
9539 5525 1642 5452 
9540 2111 5452 666 
9541 634 5526 2874 
9542 5526 5527 2874 
9543 5526 1660 5527 
9544 2874 5527 982 
9545 1660 5528 5527 
9546 5528 5529 5527 
9547 5528 1661 5529 
9548 5527 5529 982 
9549 1660 5530 5528 
9550 5530 5531 5528 
9551 5530 650 5531 
9552 5528 5531 1661 
9553 982 5529 2879 
9554 5529 5532 2879 
9555 5529 1661 5532 
9556 2879 5532 654 
9557 482 4695 4995 
9558 4695 5533 4995 
9559 4695 1469 5533 
9560 4995 5533 1537 
9561 1469 5534 5533 
9562 5534 5535 5533 
9563 5534 1169 5535 
9564 5533 5535 1537 
9565 1469 4694 5534 
9566 4694 3533 5534 
9567 4694 447 3533 
9568 5534 3533 1169 
9569 1537 5535 4999 
9570 5535 3537 4999 
9571 5535 1169 3537 
9572 4999 3537 513 
9573 666 5451 1856 
9574 5451 5536 1856 
9575 5451 1641 5536 
9576 1856 5536 686 
9577 1641 5537 5536 
9578 5537 5538 5536 
9579 5537 1662 5538 
9580 5536 5538 686 
9581 1641 5450 5537 
9582 5450 5539 5537 
9583 5450 652 5539 
9584 5537 5539 1662 
9585 686 5538 1857 
9586 5538 5540 1857 
9587 5538 1662 5540 
9588 1857 5540 677 
9589 486 5541 5543 
9590 5541 5542 5543 
9591 5541 1663 5542 
9592 5543 5542 1665 
9593 1663 5544 5542 
9594 5544 5545 5542 
9595 5544 1664 5545 
9596 5542 5545 1665 
9597 1663 5546 5544 
9598 5546 5547 5544 
9599 5546 462 5547 
9600 5544 5547 1664 
9601 1665 5545 5549 
9602 5545 5548 5549 
9603 5545 1664 5548 
9604 5549 5548 502 
9605 630 5550 5552 
9606 5550 5551 5552 
9607 5550 1666 5551 
9608 5552 5551 1667 
9609 1666 5553 5551 
9610 5553 5554 5551 
9611 5553 987 5554 
9612 5551 5554 1667 
9613 1666 5555 5553 
9614 5555 2894 5553 
9615 5555 653 2894 
9616 5553 2894 987 
9617 1667 5554 5556 
9618 5554 2897 5556 
9619 5554 987 2897 
9620 5556 2897 672 
9621 580 5557 5514 
9622 5557 5558 5514 
9623 5557 1668 5558 
9624 5514 5558 1657 
9625 1668 5559 5558 
9626 5559 5560 5558 
9627 5559 1669 5560 
9628 5558 5560 1657 
9629 1668 5561 5559 
9630 5561 5562 5559 
9631 5561 624 5562 
9632 5559 5562 1669 
9633 1657 5560 5519 
9634 5560 5563 5519 
9635 5560 1669 5563 
9636 5519 5563 630 
9637 627 5495 5565 
9638 5495 5564 5565 
9639 5495 1651 5564 
9640 5565 5564 1670 
9641 1651 5566 5564 
9642 5566 5567 5564 
9643 5566 1659 5567 
9644 5564 5567 1670 
9645 1651 5494 5566 
9646 5494 5516 5566 
9647 5494 580 5516 
9648 5566 5516 1659 
9649 1670 5567 5568 
9650 5567 5522 5568 
9651 5567 1659 5522 
9652 5568 5522 643 
9653 604 5503 5570 
9654 5503 5569 5570 
9655 5503 1654 5569 
9656 5570 5569 1671 
9657 1654 5571 5569 
9658 5571 5572 5569 
9659 5571 1652 5572 
9660 5569 5572 1671 
9661 1654 5502 5571 
9662 5502 5491 5571 
9663 5502 552 5491 
9664 5571 5491 1652 
9665 1671 5572 5573 
9666 5572 5496 5573 
9667 5572 1652 5496 
9668 5573 5496 627 
9669 369 5574 4954 
9670 5574 5575 4954 
9671 5574 1672 5575 
9672 4954 5575 1525 
9673 1672 5576 5575 
9674 5576 5577 5575 
9675 5576 1673 5577 
9676 5575 5577 1525 
9677 1672 5578 5576 
9678 5578 5579 5576 
9679 5578 430 5579 
9680 5576 5579 1673 
9681 1525 5577 4955 
9682 5577 5580 4955 
9683 5577 1673 5580 
9684 4955 5580 473 
9685 529 2196 4251 
9686 2196 5581 4251 
9687 2196 785 5581 
9688 4251 5581 1357 
9689 785 5582 5581 
9690 5582 5583 5581 
9691 5582 1208 5583 
9692 5581 5583 1357 
9693 785 2202 5582 
9694 2202 3674 5582 
9695 2202 577 3674 
9696 5582 3674 1208 
9697 1357 5583 4252 
9698 5583 3678 4252 
9699 5583 1208 3678 
9700 4252 3678 600 
9701 488 5584 5471 
9702 5584 5585 5471 
9703 5584 1674 5585 
9704 5471 5585 1646 
9705 1674 5586 5585 
9706 5586 5587 5585 
9707 5586 1376 5587 
9708 5585 5587 1646 
9709 1674 5588 5586 
9710 5588 4322 5586 
9711 5588 546 4322 
9712 5586 4322 1376 
9713 1646 5587 5472 
9714 5587 4326 5472 
9715 5587 1376 4326 
9716 5472 4326 567 
9717 424 2316 4547 
9718 2316 5589 4547 
9719 2316 821 5589 
9720 4547 5589 1433 
9721 821 5590 5589 
9722 5590 5591 5589 
9723 5590 1510 5591 
9724 5589 5591 1433 
9725 821 2322 5590 
9726 2322 4898 5590 
9727 2322 448 4898 
9728 5590 4898 1510 
9729 1433 5591 4552 
9730 5591 4893 4552 
9731 5591 1510 4893 
9732 4552 4893 461 
9733 668 1970 3787 
9734 1970 5592 3787 
9735 1970 718 5592 
9736 3787 5592 1239 
9737 718 5593 5592 
9738 5593 5594 5592 
9739 5593 1675 5594 
9740 5592 5594 1239 
9741 718 1969 5593 
9742 1969 5595 5593 
9743 1969 660 5595 
9744 5593 5595 1675 
9745 1239 5594 3791 
9746 5594 5596 3791 
9747 5594 1675 5596 
9748 3791 5596 672 
9749 489 4924 5018 
9750 4924 5597 5018 
9751 4924 1519 5597 
9752 5018 5597 1542 
9753 1519 5598 5597 
9754 5598 5599 5597 
9755 5598 1074 5599 
9756 5597 5599 1542 
9757 1519 4930 5598 
9758 4930 3196 5598 
9759 4930 515 3196 
9760 5598 3196 1074 
9761 1542 5599 5019 
9762 5599 3200 5019 
9763 5599 1074 3200 
9764 5019 3200 548 
9765 360 5600 5602 
9766 5600 5601 5602 
9767 5600 1676 5601 
9768 5602 5601 1678 
9769 1676 5603 5601 
9770 5603 5604 5601 
9771 5603 1677 5604 
9772 5601 5604 1678 
9773 1676 5605 5603 
9774 5605 5606 5603 
9775 5605 330 5606 
9776 5603 5606 1677 
9777 1678 5604 5608 
9778 5604 5607 5608 
9779 5604 1677 5607 
9780 5608 5607 373 
9781 606 5609 5611 
9782 5609 5610 5611 
9783 5609 1679 5610 
9784 5611 5610 1680 
9785 1679 5612 5610 
9786 5612 5613 5610 
9787 5612 702 5613 
9788 5610 5613 1680 
9789 1679 5614 5612 
9790 5614 1909 5612 
9791 5614 635 1909 
9792 5612 1909 702 
9793 1680 5613 5615 
9794 5613 1913 5615 
9795 5613 702 1913 
9796 5615 1913 650 
9797 586 3248 5326 
9798 3248 5616 5326 
9799 3248 1087 5616 
9800 5326 5616 1614 
9801 1087 5617 5616 
9802 5617 5618 5616 
9803 5617 1551 5618 
9804 5616 5618 1614 
9805 1087 3247 5617 
9806 3247 5050 5617 
9807 3247 553 5050 
9808 5617 5050 1551 
9809 1614 5618 5331 
9810 5618 5054 5331 
9811 5618 1551 5054 
9812 5331 5054 617 
9813 198 199 5620 
9814 199 5619 5620 
9815 199 200 5619 
9816 5620 5619 1682 
9817 200 5621 5619 
9818 5621 5622 5619 
9819 5621 1681 5622 
9820 5619 5622 1682 
9821 200 201 5621 
9822 201 5623 5621 
9823 201 202 5623 
9824 5621 5623 1681 
9825 1682 5622 5625 
9826 5622 5624 5625 
9827 5622 1681 5624 
9828 5625 5624 359 
9829 537 5282 5260 
9830 5282 5626 5260 
9831 5282 1603 5626 
9832 5260 5626 1599 
9833 1603 5627 5626 
9834 5627 5628 5626 
9835 5627 911 5628 
9836 5626 5628 1599 
9837 1603 5281 5627 
9838 5281 2627 5627 
9839 5281 504 2627 
9840 5627 2627 911 
9841 1599 5628 5265 
9842 5628 2631 5265 
9843 5628 911 2631 
9844 5265 2631 561 
9845 609 5424 5630 
9846 5424 5629 5630 
9847 5424 1635 5629 
9848 5630 5629 1683 
9849 1635 5631 5629 
9850 5631 5632 5629 
9851 5631 1427 5632 
9852 5629 5632 1683 
9853 1635 5429 5631 
9854 5429 4520 5631 
9855 5429 633 4520 
9856 5631 4520 1427 
9857 1683 5632 5633 
9858 5632 4524 5633 
9859 5632 1427 4524 
9860 5633 4524 657 
9861 487 5634 5418 
9862 5634 5635 5418 
9863 5634 1684 5635 
9864 5418 5635 1633 
9865 1684 5636 5635 
9866 5636 5637 5635 
9867 5636 1685 5637 
9868 5635 5637 1633 
9869 1684 5638 5636 
9870 5638 5639 5636 
9871 5638 537 5639 
9872 5636 5639 1685 
9873 1633 5637 5419 
9874 5637 5640 5419 
9875 5637 1685 5640 
9876 5419 5640 568 
9877 483 4625 4668 
9878 4625 5641 4668 
9879 4625 1452 5641 
9880 4668 5641 1463 
9881 1452 5642 5641 
9882 5642 5643 5641 
9883 5642 1153 5643 
9884 5641 5643 1463 
9885 1452 4624 5642 
9886 4624 3480 5642 
9887 4624 446 3480 
9888 5642 3480 1153 
9889 1463 5643 4669 
9890 5643 3484 4669 
9891 5643 1153 3484 
9892 4669 3484 514 
9893 523 5644 5646 
9894 5644 5645 5646 
9895 5644 1686 5645 
9896 5646 5645 1687 
9897 1686 5647 5645 
9898 5647 5648 5645 
9899 5647 1653 5648 
9900 5645 5648 1687 
9901 1686 5649 5647 
9902 5649 5501 5647 
9903 5649 552 5501 
9904 5647 5501 1653 
9905 1687 5648 5650 
9906 5648 5497 5650 
9907 5648 1653 5497 
9908 5650 5497 578 
9909 40 41 5652 
9910 41 5651 5652 
9911 41 42 5651 
9912 5652 5651 1689 
9913 42 5653 5651 
9914 5653 5654 5651 
9915 5653 1688 5654 
9916 5651 5654 1689 
9917 42 43 5653 
9918 43 5655 5653 
9919 43 44 5655 
9920 5653 5655 1688 
9921 1689 5654 5657 
9922 5654 5656 5657 
9923 5654 1688 5656 
9924 5657 5656 357 
9925 597 5057 5175 
9926 5057 5658 5175 
9927 5057 1554 5658 
9928 5175 5658 1580 
9929 1554 5659 5658 
9930 5659 5660 5658 
9931 5659 1628 5660 
9932 5658 5660 1580 
9933 1554 5063 5659 
9934 5063 5404 5659 
9935 5063 613 5404 
9936 5659 5404 1628 
9937 1580 5660 5176 
9938 5660 5399 5176 
9939 5660 1628 5399 
9940 5176 5399 632 
9941 452 5661 2469 
9942 5661 5662 2469 
9943 5661 1690 5662 
9944 2469 5662 865 
9945 1690 5663 5662 
9946 5663 5664 5662 
9947 5663 1691 5664 
9948 5662 5664 865 
9949 1690 5665 5663 
9950 5665 5666 5663 
9951 5665 509 5666 
9952 5663 5666 1691 
9953 865 5664 2473 
9954 5664 5667 2473 
9955 5664 1691 5667 
9956 2473 5667 521 
9957 463 5668 5670 
9958 5668 5669 5670 
9959 5668 1692 5669 
9960 5670 5669 1694 
9961 1692 5671 5669 
9962 5671 5672 5669 
9963 5671 1693 5672 
9964 5669 5672 1694 
9965 1692 5673 5671 
9966 5673 5674 5671 
9967 5673 510 5674 
9968 5671 5674 1693 
9969 1694 5672 5676 
9970 5672 5675 5676 
9971 5672 1693 5675 
9972 5676 5675 539 
9973 606 3283 5609 
9974 3283 5677 5609 
9975 3283 1097 5677 
9976 5609 5677 1679 
9977 1097 5678 5677 
9978 5678 5679 5677 
9979 5678 1615 5679 
9980 5677 5679 1679 
9981 1097 3282 5678 
9982 3282 5328 5678 
9983 3282 586 5328 
9984 5678 5328 1615 
9985 1679 5679 5614 
9986 5679 5332 5614 
9987 5679 1615 5332 
9988 5614 5332 635 
9989 523 4947 5644 
9990 4947 5680 5644 
9991 4947 1523 5680 
9992 5644 5680 1686 
9993 1523 5681 5680 
9994 5681 5682 5680 
9995 5681 1632 5682 
9996 5680 5682 1686 
9997 1523 4946 5681 
9998 4946 5417 5681 
9999 4946 487 5417 
10000 5681 5417 1632 
10001 1686 5682 5649 
10002 5682 5413 5649 
10003 5682 1632 5413 
10004 5649 5413 552 
10005 621 4078 5476 
10006 4078 5683 5476 
10007 4078 1315 5683 
10008 5476 5683 1647 
10009 1315 5684 5683 
10010 5684 5685 5683 
10011 5684 1302 5685 
10012 5683 5685 1647 
10013 1315 4084 5684 
10014 4084 4027 5684 
10015 4084 644 4027 
10016 5684 4027 1302 
10017 1647 5685 5477 
10018 5685 4031 5477 
10019 5685 1302 4031 
10020 5477 4031 656 
10021 471 5686 5688 
10022 5686 5687 5688 
10023 5686 1695 5687 
10024 5688 5687 1697 
10025 1695 5689 5687 
10026 5689 5690 5687 
10027 5689 1696 5690 
10028 5687 5690 1697 
10029 1695 5691 5689 
10030 5691 5692 5689 
10031 5691 503 5692 
10032 5689 5692 1696 
10033 1697 5690 5694 
10034 5690 5693 5694 
10035 5690 1696 5693 
10036 5694 5693 538 
10037 475 4759 5295 
10038 4759 5695 5295 
10039 4759 1481 5695 
10040 5295 5695 1606 
10041 1481 5696 5695 
10042 5696 5697 5695 
10043 5696 1663 5697 
10044 5695 5697 1606 
10045 1481 4758 5696 
10046 4758 5546 5696 
10047 4758 462 5546 
10048 5696 5546 1663 
10049 1606 5697 5300 
10050 5697 5541 5300 
10051 5697 1663 5541 
10052 5300 5541 486 
10053 547 5084 4975 
10054 5084 5698 4975 
10055 5084 1560 5698 
10056 4975 5698 1531 
10057 1560 5699 5698 
10058 5699 5700 5698 
10059 5699 1210 5700 
10060 5698 5700 1531 
10061 1560 5083 5699 
10062 5083 3681 5699 
10063 5083 540 3681 
10064 5699 3681 1210 
10065 1531 5700 4976 
10066 5700 3685 4976 
10067 5700 1210 3685 
10068 4976 3685 575 
10069 546 3622 4320 
10070 3622 5701 4320 
10071 3622 1192 5701 
10072 4320 5701 1375 
10073 1192 5702 5701 
10074 5702 5703 5701 
10075 5702 1384 5703 
10076 5701 5703 1375 
10077 1192 3621 5702 
10078 3621 4361 5702 
10079 3621 545 4361 
10080 5702 4361 1384 
10081 1375 5703 4325 
10082 5703 4356 4325 
10083 5703 1384 4356 
10084 4325 4356 566 
10085 569 4971 5377 
10086 4971 5704 5377 
10087 4971 1532 5704 
10088 5377 5704 1623 
10089 1532 5705 5704 
10090 5705 5706 5704 
10091 5705 1146 5706 
10092 5704 5706 1623 
10093 1532 4977 5705 
10094 4977 3454 5705 
10095 4977 575 3454 
10096 5705 3454 1146 
10097 1623 5706 5381 
10098 5706 3458 5381 
10099 5706 1146 3458 
10100 5381 3458 605 
10101 375 5707 5709 
10102 5707 5708 5709 
10103 5707 1698 5708 
10104 5709 5708 1700 
10105 1698 5710 5708 
10106 5710 5711 5708 
10107 5710 1699 5711 
10108 5708 5711 1700 
10109 1698 5712 5710 
10110 5712 5713 5710 
10111 5712 329 5713 
10112 5710 5713 1699 
10113 1700 5711 5715 
10114 5711 5714 5715 
10115 5711 1699 5714 
10116 5715 5714 395 
10117 580 5349 5557 
10118 5349 5716 5557 
10119 5349 1617 5716 
10120 5557 5716 1668 
10121 1617 5717 5716 
10122 5717 5718 5716 
10123 5717 1638 5718 
10124 5716 5718 1668 
10125 1617 5348 5717 
10126 5348 5432 5717 
10127 5348 568 5432 
10128 5717 5432 1638 
10129 1668 5718 5561 
10130 5718 5438 5561 
10131 5718 1638 5438 
10132 5561 5438 624 
10133 595 3278 5720 
10134 3278 5719 5720 
10135 3278 1098 5719 
10136 5720 5719 1702 
10137 1098 5721 5719 
10138 5721 5722 5719 
10139 5721 1701 5722 
10140 5719 5722 1702 
10141 1098 3284 5721 
10142 3284 5723 5721 
10143 3284 606 5723 
10144 5721 5723 1701 
10145 1702 5722 5725 
10146 5722 5724 5725 
10147 5722 1701 5724 
10148 5725 5724 622 
10149 631 5398 4143 
10150 5398 5726 4143 
10151 5398 1627 5726 
10152 4143 5726 1330 
10153 1627 5727 5726 
10154 5727 5728 5726 
10155 5727 1683 5728 
10156 5726 5728 1330 
10157 1627 5397 5727 
10158 5397 5630 5727 
10159 5397 609 5630 
10160 5727 5630 1683 
10161 1330 5728 4144 
10162 5728 5633 4144 
10163 5728 1683 5633 
10164 4144 5633 657 
10165 634 5729 5526 
10166 5729 5730 5526 
10167 5729 1703 5730 
10168 5526 5730 1660 
10169 1703 5731 5730 
10170 5731 5732 5730 
10171 5731 1680 5732 
10172 5730 5732 1660 
10173 1703 5733 5731 
10174 5733 5611 5731 
10175 5733 606 5611 
10176 5731 5611 1680 
10177 1660 5732 5530 
10178 5732 5615 5530 
10179 5732 1680 5615 
10180 5530 5615 650 
10181 538 5734 5736 
10182 5734 5735 5736 
10183 5734 1704 5735 
10184 5736 5735 1705 
10185 1704 5737 5735 
10186 5737 5738 5735 
10187 5737 851 5738 
10188 5735 5738 1705 
10189 1704 5739 5737 
10190 5739 2421 5737 
10191 5739 560 2421 
10192 5737 2421 851 
10193 1705 5738 5740 
10194 5738 2424 5740 
10195 5738 851 2424 
10196 5740 2424 593 
10197 539 5741 5743 
10198 5741 5742 5743 
10199 5741 1706 5742 
10200 5743 5742 1707 
10201 1706 5744 5742 
10202 5744 5745 5742 
10203 5744 1102 5745 
10204 5742 5745 1707 
10205 1706 5746 5744 
10206 5746 3298 5744 
10207 5746 563 3298 
10208 5744 3298 1102 
10209 1707 5745 5747 
10210 5745 3301 5747 
10211 5745 1102 3301 
10212 5747 3301 595 
10213 616 5172 5464 
10214 5172 5748 5464 
10215 5172 1581 5748 
10216 5464 5748 1644 
10217 1581 5749 5748 
10218 5749 5750 5748 
10219 5749 1655 5750 
10220 5748 5750 1644 
10221 1581 5177 5749 
10222 5177 5508 5749 
10223 5177 632 5508 
10224 5749 5508 1655 
10225 1644 5750 5465 
10226 5750 5504 5465 
10227 5750 1655 5504 
10228 5465 5504 658 
10229 630 5563 5550 
10230 5563 5751 5550 
10231 5563 1669 5751 
10232 5550 5751 1666 
10233 1669 5752 5751 
10234 5752 5753 5751 
10235 5752 1640 5753 
10236 5751 5753 1666 
10237 1669 5562 5752 
10238 5562 5441 5752 
10239 5562 624 5441 
10240 5752 5441 1640 
10241 1666 5753 5555 
10242 5753 5445 5555 
10243 5753 1640 5445 
10244 5555 5445 653 
10245 654 5532 2175 
10246 5532 5754 2175 
10247 5532 1661 5754 
10248 2175 5754 778 
10249 1661 5755 5754 
10250 5755 5756 5754 
10251 5755 700 5756 
10252 5754 5756 778 
10253 1661 5531 5755 
10254 5531 1900 5755 
10255 5531 650 1900 
10256 5755 1900 700 
10257 778 5756 2179 
10258 5756 1906 2179 
10259 5756 700 1906 
10260 2179 1906 667 
10261 581 5757 5759 
10262 5757 5758 5759 
10263 5757 1708 5758 
10264 5759 5758 1709 
10265 1708 5760 5758 
10266 5760 5761 5758 
10267 5760 736 5761 
10268 5758 5761 1709 
10269 1708 5762 5760 
10270 5762 2025 5760 
10271 5762 614 2025 
10272 5760 2025 736 
10273 1709 5761 5763 
10274 5761 2029 5763 
10275 5761 736 2029 
10276 5763 2029 637 
10277 461 4895 4928 
10278 4895 5764 4928 
10279 4895 1512 5764 
10280 4928 5764 1518 
10281 1512 5765 5764 
10282 5765 5766 5764 
10283 5765 1165 5766 
10284 5764 5766 1518 
10285 1512 4901 5765 
10286 4901 3519 5765 
10287 4901 477 3519 
10288 5765 3519 1165 
10289 1518 5766 4929 
10290 5766 3523 4929 
10291 5766 1165 3523 
10292 4929 3523 515 
10293 269 5767 5769 
10294 5767 5768 5769 
10295 5767 1710 5768 
10296 5769 5768 1711 
10297 1710 5770 5768 
10298 5770 5771 5768 
10299 5770 1424 5771 
10300 5768 5771 1711 
10301 1710 5772 5770 
10302 5772 4516 5770 
10303 5772 349 4516 
10304 5770 4516 1424 
10305 1711 5771 5773 
10306 5771 4511 5773 
10307 5771 1424 4511 
10308 5773 4511 398 
10309 490 5393 5123 
10310 5393 5774 5123 
10311 5393 1626 5774 
10312 5123 5774 1571 
10313 1626 5775 5774 
10314 5775 5776 5774 
10315 5775 1607 5776 
10316 5774 5776 1571 
10317 1626 5392 5775 
10318 5392 5297 5775 
10319 5392 475 5297 
10320 5775 5297 1607 
10321 1571 5776 5124 
10322 5776 5301 5124 
10323 5776 1607 5301 
10324 5124 5301 541 
10325 337 5777 4253 
10326 5777 5778 4253 
10327 5777 1712 5778 
10328 4253 5778 1358 
10329 1712 5779 5778 
10330 5779 5780 5778 
10331 5779 1713 5780 
10332 5778 5780 1358 
10333 1712 5781 5779 
10334 5781 5782 5779 
10335 5781 399 5782 
10336 5779 5782 1713 
10337 1358 5780 4257 
10338 5780 5783 4257 
10339 5780 1713 5783 
10340 4257 5783 405 
10341 498 5784 5078 
10342 5784 5785 5078 
10343 5784 1714 5785 
10344 5078 5785 1559 
10345 1714 5786 5785 
10346 5786 5787 5785 
10347 5786 1567 5787 
10348 5785 5787 1559 
10349 1714 5788 5786 
10350 5788 5106 5786 
10351 5788 472 5106 
10352 5786 5106 1567 
10353 1559 5787 5082 
10354 5787 5110 5082 
10355 5787 1567 5110 
10356 5082 5110 540 
10357 194 5789 5791 
10358 5789 5790 5791 
10359 5789 1715 5790 
10360 5791 5790 1717 
10361 1715 5792 5790 
10362 5792 5793 5790 
10363 5792 1716 5793 
10364 5790 5793 1717 
10365 1715 5794 5792 
10366 5794 5795 5792 
10367 5794 359 5795 
10368 5792 5795 1716 
10369 1717 5793 5797 
10370 5793 5796 5797 
10371 5793 1716 5796 
10372 5797 5796 396 
10373 549 5798 4212 
10374 5798 5799 4212 
10375 5798 1718 5799 
10376 4212 5799 1348 
10377 1718 5800 5799 
10378 5800 5801 5799 
10379 5800 1702 5801 
10380 5799 5801 1348 
10381 1718 5802 5800 
10382 5802 5720 5800 
10383 5802 595 5720 
10384 5800 5720 1702 
10385 1348 5801 4217 
10386 5801 5725 4217 
10387 5801 1702 5725 
10388 4217 5725 622 
10389 486 5803 3865 
10390 5803 5804 3865 
10391 5803 1719 5804 
10392 3865 5804 1260 
10393 1719 5805 5804 
10394 5805 5806 5804 
10395 5805 873 5806 
10396 5804 5806 1260 
10397 1719 5807 5805 
10398 5807 2496 5805 
10399 5807 530 2496 
10400 5805 2496 873 
10401 1260 5806 3870 
10402 5806 2501 3870 
10403 5806 873 2501 
10404 3870 2501 571 
10405 596 5454 5809 
10406 5454 5808 5809 
10407 5454 1643 5808 
10408 5809 5808 1720 
10409 1643 5810 5808 
10410 5810 5811 5808 
10411 5810 1671 5811 
10412 5808 5811 1720 
10413 1643 5457 5810 
10414 5457 5570 5810 
10415 5457 604 5570 
10416 5810 5570 1671 
10417 1720 5811 5812 
10418 5811 5573 5812 
10419 5811 1671 5573 
10420 5812 5573 627 
10421 632 5401 5509 
10422 5401 5813 5509 
10423 5401 1630 5813 
10424 5509 5813 1656 
10425 1630 5814 5813 
10426 5814 5815 5813 
10427 5814 1225 5815 
10428 5813 5815 1656 
10429 1630 5407 5814 
10430 5407 3735 5814 
10431 5407 661 3735 
10432 5814 3735 1225 
10433 1656 5815 5510 
10434 5815 3739 5510 
10435 5815 1225 3739 
10436 5510 3739 674 
10437 373 5607 5064 
10438 5607 5816 5064 
10439 5607 1677 5816 
10440 5064 5816 1555 
10441 1677 5817 5816 
10442 5817 5818 5816 
10443 5817 1586 5818 
10444 5816 5818 1555 
10445 1677 5606 5817 
10446 5606 5190 5817 
10447 5606 330 5190 
10448 5817 5190 1586 
10449 1555 5818 5068 
10450 5818 5196 5068 
10451 5818 1586 5196 
10452 5068 5196 445 
10453 674 3712 3125 
10454 3712 5819 3125 
10455 3712 1217 5819 
10456 3125 5819 1052 
10457 1217 5820 5819 
10458 5820 5821 5819 
10459 5820 745 5821 
10460 5819 5821 1052 
10461 1217 3711 5820 
10462 3711 2059 5820 
10463 3711 663 2059 
10464 5820 2059 745 
10465 1052 5821 3126 
10466 5821 2062 3126 
10467 5821 745 2062 
10468 3126 2062 680 
10469 411 5822 5824 
10470 5822 5823 5824 
10471 5822 1721 5823 
10472 5824 5823 1722 
10473 1721 5825 5823 
10474 5825 5826 5823 
10475 5825 1425 5826 
10476 5823 5826 1722 
10477 1721 5827 5825 
10478 5827 4513 5825 
10479 5827 398 4513 
10480 5825 4513 1425 
10481 1722 5826 5828 
10482 5826 4517 5828 
10483 5826 1425 4517 
10484 5828 4517 472 
10485 493 4965 5236 
10486 4965 5829 5236 
10487 4965 1529 5829 
10488 5236 5829 1596 
10489 1529 5830 5829 
10490 5830 5831 5829 
10491 5830 1402 5831 
10492 5829 5831 1596 
10493 1529 4968 5830 
10494 4968 4422 5830 
10495 4968 542 4422 
10496 5830 4422 1402 
10497 1596 5831 5240 
10498 5831 4426 5240 
10499 5831 1402 4426 
10500 5240 4426 555 
10501 449 4950 4941 
10502 4950 5832 4941 
10503 4950 1526 5832 
10504 4941 5832 1522 
10505 1526 5833 5832 
10506 5833 5834 5832 
10507 5833 1723 5834 
10508 5832 5834 1522 
10509 1526 4956 5833 
10510 4956 5835 5833 
10511 4956 473 5835 
10512 5833 5835 1723 
10513 1522 5834 4945 
10514 5834 5836 4945 
10515 5834 1723 5836 
10516 4945 5836 487 
10517 612 5837 4646 
10518 5837 5838 4646 
10519 5837 1724 5838 
10520 4646 5838 1457 
10521 1724 5839 5838 
10522 5839 5840 5838 
10523 5839 1670 5840 
10524 5838 5840 1457 
10525 1724 5841 5839 
10526 5841 5565 5839 
10527 5841 627 5565 
10528 5839 5565 1670 
10529 1457 5840 4650 
10530 5840 5568 4650 
10531 5840 1670 5568 
10532 4650 5568 643 
10533 660 5842 5595 
10534 5842 5843 5595 
10535 5842 1725 5843 
10536 5595 5843 1675 
10537 1725 5844 5843 
10538 5844 5845 5843 
10539 5844 1667 5845 
10540 5843 5845 1675 
10541 1725 5846 5844 
10542 5846 5552 5844 
10543 5846 630 5552 
10544 5844 5552 1667 
10545 1675 5845 5596 
10546 5845 5556 5596 
10547 5845 1667 5556 
10548 5596 5556 672 
10549 435 5847 4822 
10550 5847 5848 4822 
10551 5847 1726 5848 
10552 4822 5848 1494 
10553 1726 5849 5848 
10554 5849 5850 5848 
10555 5849 1524 5850 
10556 5848 5850 1494 
10557 1726 5851 5849 
10558 5851 4953 5849 
10559 5851 369 4953 
10560 5849 4953 1524 
10561 1494 5850 4826 
10562 5850 4948 4826 
10563 5850 1524 4948 
10564 4826 4948 449 
10565 581 2402 5757 
10566 2402 5852 5757 
10567 2402 844 5852 
10568 5757 5852 1708 
10569 844 5853 5852 
10570 5853 5854 5852 
10571 5853 1562 5854 
10572 5852 5854 1708 
10573 844 2401 5853 
10574 2401 5087 5853 
10575 2401 517 5087 
10576 5853 5087 1562 
10577 1708 5854 5762 
10578 5854 5091 5762 
10579 5854 1562 5091 
10580 5762 5091 614 
10581 338 5855 4272 
10582 5855 5856 4272 
10583 5855 1727 5856 
10584 4272 5856 1363 
10585 1727 5857 5856 
10586 5857 5858 5856 
10587 5857 1728 5858 
10588 5856 5858 1363 
10589 1727 5859 5857 
10590 5859 5860 5857 
10591 5859 400 5860 
10592 5857 5860 1728 
10593 1363 5858 4276 
10594 5858 5861 4276 
10595 5858 1728 5861 
10596 4276 5861 407 
10597 579 2507 4446 
10598 2507 5862 4446 
10599 2507 874 5862 
10600 4446 5862 1408 
10601 874 5863 5862 
10602 5863 5864 5862 
10603 5863 1729 5864 
10604 5862 5864 1408 
10605 874 2506 5863 
10606 2506 5865 5863 
10607 2506 550 5865 
10608 5863 5865 1729 
10609 1408 5864 4450 
10610 5864 5866 4450 
10611 5864 1729 5866 
10612 4450 5866 619 
10613 622 5724 4121 
10614 5724 5867 4121 
10615 5724 1701 5867 
10616 4121 5867 1325 
10617 1701 5868 5867 
10618 5868 5869 5867 
10619 5868 1703 5869 
10620 5867 5869 1325 
10621 1701 5723 5868 
10622 5723 5733 5868 
10623 5723 606 5733 
10624 5868 5733 1703 
10625 1325 5869 4126 
10626 5869 5729 4126 
10627 5869 1703 5729 
10628 4126 5729 634 
10629 568 5640 5430 
10630 5640 5870 5430 
10631 5640 1685 5870 
10632 5430 5870 1636 
10633 1685 5871 5870 
10634 5871 5872 5870 
10635 5871 1600 5872 
10636 5870 5872 1636 
10637 1685 5639 5871 
10638 5639 5262 5871 
10639 5639 537 5262 
10640 5871 5262 1600 
10641 1636 5872 5435 
10642 5872 5266 5435 
10643 5872 1600 5266 
10644 5435 5266 592 
10645 362 5873 5875 
10646 5873 5874 5875 
10647 5873 1730 5874 
10648 5875 5874 1731 
10649 1730 5876 5874 
10650 5876 5877 5874 
10651 5876 1576 5877 
10652 5874 5877 1731 
10653 1730 5878 5876 
10654 5878 5150 5876 
10655 5878 103 5150 
10656 5876 5150 1576 
10657 1731 5877 5879 
10658 5877 5155 5879 
10659 5877 1576 5155 
10660 5879 5155 394 
10661 433 4683 3044 
10662 4683 5880 3044 
10663 4683 1466 5880 
10664 3044 5880 1029 
10665 1466 5881 5880 
10666 5881 5882 5880 
10667 5881 1568 5882 
10668 5880 5882 1029 
10669 1466 4682 5881 
10670 4682 5116 5881 
10671 4682 371 5116 
10672 5881 5116 1568 
10673 1029 5882 3045 
10674 5882 5111 3045 
10675 5882 1568 5111 
10676 3045 5111 451 
10677 448 5883 4899 
10678 5883 5884 4899 
10679 5883 1732 5884 
10680 4899 5884 1511 
10681 1732 5885 5884 
10682 5885 5886 5884 
10683 5885 1528 5886 
10684 5884 5886 1511 
10685 1732 5887 5885 
10686 5887 4959 5885 
10687 5887 401 4959 
10688 5885 4959 1528 
10689 1511 5886 4900 
10690 5886 4963 4900 
10691 5886 1528 4963 
10692 4900 4963 477 
10693 472 4494 5104 
10694 4494 5888 5104 
10695 4494 1419 5888 
10696 5104 5888 1566 
10697 1419 5889 5888 
10698 5889 5890 5888 
10699 5889 1043 5890 
10700 5888 5890 1566 
10701 1419 4493 5889 
10702 4493 3088 5889 
10703 4493 444 3088 
10704 5889 3088 1043 
10705 1566 5890 5109 
10706 5890 3093 5109 
10707 5890 1043 3093 
10708 5109 3093 507 
10709 615 5891 5893 
10710 5891 5892 5893 
10711 5891 1733 5892 
10712 5893 5892 1734 
10713 1733 5894 5892 
10714 5894 5895 5892 
10715 5894 740 5895 
10716 5892 5895 1734 
10717 1733 5896 5894 
10718 5896 2038 5894 
10719 5896 637 2038 
10720 5894 2038 740 
10721 1734 5895 5897 
10722 5895 2043 5897 
10723 5895 740 2043 
10724 5897 2043 651 
10725 363 5898 4234 
10726 5898 5899 4234 
10727 5898 1735 5899 
10728 4234 5899 1353 
10729 1735 5900 5899 
10730 5900 5901 5899 
10731 5900 1736 5901 
10732 5899 5901 1353 
10733 1735 5902 5900 
10734 5902 5903 5900 
10735 5902 358 5903 
10736 5900 5903 1736 
10737 1353 5901 4238 
10738 5901 5904 4238 
10739 5901 1736 5904 
10740 4238 5904 422 
10741 107 108 5164 
10742 108 5905 5164 
10743 108 109 5905 
10744 5164 5905 1578 
10745 109 5906 5905 
10746 5906 5907 5905 
10747 5906 1737 5907 
10748 5905 5907 1578 
10749 109 110 5906 
10750 110 5908 5906 
10751 110 111 5908 
10752 5906 5908 1737 
10753 1578 5907 5168 
10754 5907 5909 5168 
10755 5907 1737 5909 
10756 5168 5909 327 
10757 459 4476 4740 
10758 4476 5910 4740 
10759 4476 1416 5910 
10760 4740 5910 1478 
10761 1416 5911 5910 
10762 5911 5912 5910 
10763 5911 1645 5912 
10764 5910 5912 1478 
10765 1416 4481 5911 
10766 4481 5470 5911 
10767 4481 488 5470 
10768 5911 5470 1645 
10769 1478 5912 4741 
10770 5912 5466 4741 
10771 5912 1645 5466 
10772 4741 5466 528 
10773 549 5913 5798 
10774 5913 5914 5798 
10775 5913 1738 5914 
10776 5798 5914 1718 
10777 1738 5915 5914 
10778 5915 5916 5914 
10779 5915 1707 5916 
10780 5914 5916 1718 
10781 1738 5917 5915 
10782 5917 5743 5915 
10783 5917 539 5743 
10784 5915 5743 1707 
10785 1718 5916 5802 
10786 5916 5747 5802 
10787 5916 1707 5747 
10788 5802 5747 595 
10789 375 5709 5225 
10790 5709 5918 5225 
10791 5709 1700 5918 
10792 5225 5918 1593 
10793 1700 5919 5918 
10794 5919 5920 5918 
10795 5919 1509 5920 
10796 5918 5920 1593 
10797 1700 5715 5919 
10798 5715 4888 5919 
10799 5715 395 4888 
10800 5919 4888 1509 
10801 1593 5920 5226 
10802 5920 4892 5226 
10803 5920 1509 4892 
10804 5226 4892 441 
10805 365 3928 3844 
10806 3928 5921 3844 
10807 3928 1276 5921 
10808 3844 5921 1254 
10809 1276 5922 5921 
10810 5922 5923 5921 
10811 5922 1373 5923 
10812 5921 5923 1254 
10813 1276 3927 5922 
10814 3927 4317 5922 
10815 3927 339 4317 
10816 5922 4317 1373 
10817 1254 5923 3849 
10818 5923 4313 3849 
10819 5923 1373 4313 
10820 3849 4313 378 
10821 628 2451 5925 
10822 2451 5924 5925 
10823 2451 858 5924 
10824 5925 5924 1739 
10825 858 5926 5924 
10826 5926 5927 5924 
10827 5926 1734 5927 
10828 5924 5927 1739 
10829 858 2450 5926 
10830 2450 5893 5926 
10831 2450 615 5893 
10832 5926 5893 1734 
10833 1739 5927 5928 
10834 5927 5897 5928 
10835 5927 1734 5897 
10836 5928 5897 651 
10837 265 5929 5030 
10838 5929 5930 5030 
10839 5929 1740 5930 
10840 5030 5930 1545 
10841 1740 5931 5930 
10842 5931 5932 5930 
10843 5931 1741 5932 
10844 5930 5932 1545 
10845 1740 5933 5931 
10846 5933 5934 5931 
10847 5933 331 5934 
10848 5931 5934 1741 
10849 1545 5932 5031 
10850 5932 5935 5031 
10851 5932 1741 5935 
10852 5031 5935 401 
10853 611 5936 5938 
10854 5936 5937 5938 
10855 5936 1742 5937 
10856 5938 5937 1743 
10857 1742 5939 5937 
10858 5939 5940 5937 
10859 5939 716 5940 
10860 5937 5940 1743 
10861 1742 5941 5939 
10862 5941 1963 5939 
10863 5941 636 1963 
10864 5939 1963 716 
10865 1743 5940 5942 
10866 5940 1958 5942 
10867 5940 716 1958 
10868 5942 1958 659 
10869 539 5675 5741 
10870 5675 5943 5741 
10871 5675 1693 5943 
10872 5741 5943 1706 
10873 1693 5944 5943 
10874 5944 5945 5943 
10875 5944 1564 5945 
10876 5943 5945 1706 
10877 1693 5674 5944 
10878 5674 5094 5944 
10879 5674 510 5094 
10880 5944 5094 1564 
10881 1706 5945 5746 
10882 5945 5098 5746 
10883 5945 1564 5098 
10884 5746 5098 563 
10885 550 5946 5865 
10886 5946 5947 5865 
10887 5946 1744 5947 
10888 5865 5947 1729 
10889 1744 5948 5947 
10890 5948 5949 5947 
10891 5948 1388 5949 
10892 5947 5949 1729 
10893 1744 5950 5948 
10894 5950 4366 5948 
10895 5950 599 4366 
10896 5948 4366 1388 
10897 1729 5949 5866 
10898 5949 4371 5866 
10899 5949 1388 4371 
10900 5866 4371 619 
10901 603 4265 5427 
10902 4265 5951 5427 
10903 4265 1362 5951 
10904 5427 5951 1634 
10905 1362 5952 5951 
10906 5952 5953 5951 
10907 5952 1649 5953 
10908 5951 5953 1634 
10909 1362 4271 5952 
10910 4271 5487 5952 
10911 4271 626 5487 
10912 5952 5487 1649 
10913 1634 5953 5428 
10914 5953 5483 5428 
10915 5953 1649 5483 
10916 5428 5483 633 
10917 487 5836 5634 
10918 5836 5954 5634 
10919 5836 1723 5954 
10920 5634 5954 1684 
10921 1723 5955 5954 
10922 5955 5956 5954 
10923 5955 1604 5956 
10924 5954 5956 1684 
10925 1723 5835 5955 
10926 5835 5277 5955 
10927 5835 473 5277 
10928 5955 5277 1604 
10929 1684 5956 5638 
10930 5956 5283 5638 
10931 5956 1604 5283 
10932 5638 5283 537 
10933 612 3192 5837 
10934 3192 5957 5837 
10935 3192 1071 5957 
10936 5837 5957 1724 
10937 1071 5958 5957 
10938 5958 5959 5957 
10939 5958 1720 5959 
10940 5957 5959 1724 
10941 1071 3191 5958 
10942 3191 5809 5958 
10943 3191 596 5809 
10944 5958 5809 1720 
10945 1724 5959 5841 
10946 5959 5812 5841 
10947 5959 1720 5812 
10948 5841 5812 627 
10949 641 4377 5961 
10950 4377 5960 5961 
10951 4377 1389 5960 
10952 5961 5960 1745 
10953 1389 5962 5960 
10954 5962 5963 5960 
10955 5962 1743 5963 
10956 5960 5963 1745 
10957 1389 4376 5962 
10958 4376 5938 5962 
10959 4376 611 5938 
10960 5962 5938 1743 
10961 1745 5963 5964 
10962 5963 5942 5964 
10963 5963 1743 5942 
10964 5964 5942 659 
10965 36 5965 5967 
10966 5965 5966 5967 
10967 5965 1746 5966 
10968 5967 5966 1747 
10969 1746 5968 5966 
10970 5968 5969 5966 
10971 5968 1508 5969 
10972 5966 5969 1747 
10973 1746 5970 5968 
10974 5970 4891 5968 
10975 5970 357 4891 
10976 5968 4891 1508 
10977 1747 5969 5971 
10978 5969 4886 5971 
10979 5969 1508 4886 
10980 5971 4886 395 
10981 655 3719 2704 
10982 3719 5972 2704 
10983 3719 1219 5972 
10984 2704 5972 933 
10985 1219 5973 5972 
10986 5973 5974 5972 
10987 5973 1748 5974 
10988 5972 5974 933 
10989 1219 3718 5973 
10990 3718 5975 5973 
10991 3718 646 5975 
10992 5973 5975 1748 
10993 933 5974 2709 
10994 5974 5976 2709 
10995 5974 1748 5976 
10996 2709 5976 670 
10997 611 4289 5936 
10998 4289 5977 5936 
10999 4289 1366 5977 
11000 5936 5977 1742 
11001 1366 5978 5977 
11002 5978 5979 5977 
11003 5978 730 5979 
11004 5977 5979 1742 
11005 1366 4288 5978 
11006 4288 2004 5978 
11007 4288 582 2004 
11008 5978 2004 730 
11009 1742 5979 5941 
11010 5979 2008 5941 
11011 5979 730 2008 
11012 5941 2008 636 
11013 358 5980 5982 
11014 5980 5981 5982 
11015 5980 1749 5981 
11016 5982 5981 1751 
11017 1749 5983 5981 
11018 5983 5984 5981 
11019 5983 1750 5984 
11020 5981 5984 1751 
11021 1749 5985 5983 
11022 5985 5986 5983 
11023 5985 329 5986 
11024 5983 5986 1750 
11025 1751 5984 5988 
11026 5984 5987 5988 
11027 5984 1750 5987 
11028 5988 5987 397 
11029 613 3330 5405 
11030 3330 5989 5405 
11031 3330 1112 5989 
11032 5405 5989 1629 
11033 1112 5990 5989 
11034 5990 5991 5989 
11035 5990 1752 5991 
11036 5989 5991 1629 
11037 1112 3336 5990 
11038 3336 5992 5990 
11039 3336 645 5992 
11040 5990 5992 1752 
11041 1629 5991 5406 
11042 5991 5993 5406 
11043 5991 1752 5993 
11044 5406 5993 661 
11045 670 5994 2430 
11046 5994 5995 2430 
11047 5994 1753 5995 
11048 2430 5995 853 
11049 1753 5996 5995 
11050 5996 5997 5995 
11051 5996 723 5997 
11052 5995 5997 853 
11053 1753 5998 5996 
11054 5998 1980 5996 
11055 5998 669 1980 
11056 5996 1980 723 
11057 853 5997 2431 
11058 5997 1985 2431 
11059 5997 723 1985 
11060 2431 1985 679 
11061 646 3075 6000 
11062 3075 5999 6000 
11063 3075 1038 5999 
11064 6000 5999 1755 
11065 1038 6001 5999 
11066 6001 6002 5999 
11067 6001 1754 6002 
11068 5999 6002 1755 
11069 1038 3074 6001 
11070 3074 6003 6001 
11071 3074 641 6003 
11072 6001 6003 1754 
11073 1755 6002 6005 
11074 6002 6004 6005 
11075 6002 1754 6004 
11076 6005 6004 669 
11077 393 6006 6008 
11078 6006 6007 6008 
11079 6006 1756 6007 
11080 6008 6007 1758 
11081 1756 6009 6007 
11082 6009 6010 6007 
11083 6009 1757 6010 
11084 6007 6010 1758 
11085 1756 6011 6009 
11086 6011 6012 6009 
11087 6011 348 6012 
11088 6009 6012 1757 
11089 1758 6010 6014 
11090 6010 6013 6014 
11091 6010 1757 6013 
11092 6014 6013 474 
11093 20 6015 6017 
11094 6015 6016 6017 
11095 6015 1759 6016 
11096 6017 6016 1760 
11097 1759 6018 6016 
11098 6018 6019 6016 
11099 6018 1303 6019 
11100 6016 6019 1760 
11101 1759 6020 6018 
11102 6020 4037 6018 
11103 6020 363 4037 
11104 6018 4037 1303 
11105 1760 6019 6021 
11106 6019 4032 6021 
11107 6019 1303 4032 
11108 6021 4032 399 
11109 594 3272 6023 
11110 3272 6022 6023 
11111 3272 1095 6022 
11112 6023 6022 1761 
11113 1095 6024 6022 
11114 6024 6025 6022 
11115 6024 1223 6025 
11116 6022 6025 1761 
11117 1095 3275 6024 
11118 3275 3732 6024 
11119 3275 608 3732 
11120 6024 3732 1223 
11121 1761 6025 6026 
11122 6025 3728 6026 
11123 6025 1223 3728 
11124 6026 3728 642 
11125 327 5909 6028 
11126 5909 6027 6028 
11127 5909 1737 6027 
11128 6028 6027 1763 
11129 1737 6029 6027 
11130 6029 6030 6027 
11131 6029 1762 6030 
11132 6027 6030 1763 
11133 1737 5908 6029 
11134 5908 6031 6029 
11135 5908 111 6031 
11136 6029 6031 1762 
11137 1763 6030 6033 
11138 6030 6032 6033 
11139 6030 1762 6032 
11140 6033 6032 393 
11141 641 5961 6003 
11142 5961 6034 6003 
11143 5961 1745 6034 
11144 6003 6034 1754 
11145 1745 6035 6034 
11146 6035 6036 6034 
11147 6035 721 6036 
11148 6034 6036 1754 
11149 1745 5964 6035 
11150 5964 1973 6035 
11151 5964 659 1973 
11152 6035 1973 721 
11153 1754 6036 6004 
11154 6036 1978 6004 
11155 6036 721 1978 
11156 6004 1978 669 
11157 551 6037 6039 
11158 6037 6038 6039 
11159 6037 1764 6038 
11160 6039 6038 1765 
11161 1764 6040 6038 
11162 6040 6041 6038 
11163 6040 1705 6041 
11164 6038 6041 1765 
11165 1764 6042 6040 
11166 6042 5736 6040 
11167 6042 538 5736 
11168 6040 5736 1705 
11169 1765 6041 6043 
11170 6041 5740 6043 
11171 6041 1705 5740 
11172 6043 5740 593 
11173 628 5925 3705 
11174 5925 6044 3705 
11175 5925 1739 6044 
11176 3705 6044 1216 
11177 1739 6045 6044 
11178 6045 6046 6044 
11179 6045 743 6046 
11180 6044 6046 1216 
11181 1739 5928 6045 
11182 5928 2056 6045 
11183 5928 651 2056 
11184 6045 2056 743 
11185 1216 6046 3710 
11186 6046 2051 3710 
11187 6046 743 2051 
11188 3710 2051 663 
11189 486 5543 5803 
11190 5543 6047 5803 
11191 5543 1665 6047 
11192 5803 6047 1719 
11193 1665 6048 6047 
11194 6048 6049 6047 
11195 6048 842 6049 
11196 6047 6049 1719 
11197 1665 5549 6048 
11198 5549 2389 6048 
11199 5549 502 2389 
11200 6048 2389 842 
11201 1719 6049 5807 
11202 6049 2394 5807 
11203 6049 842 2394 
11204 5807 2394 530 
11205 538 5693 5734 
11206 5693 6050 5734 
11207 5693 1696 6050 
11208 5734 6050 1704 
11209 1696 6051 6050 
11210 6051 6052 6050 
11211 6051 861 6052 
11212 6050 6052 1704 
11213 1696 5692 6051 
11214 5692 2455 6051 
11215 5692 503 2455 
11216 6051 2455 861 
11217 1704 6052 5739 
11218 6052 2459 5739 
11219 6052 861 2459 
11220 5739 2459 560 
11221 428 2666 4877 
11222 2666 6053 4877 
11223 2666 921 6053 
11224 4877 6053 1505 
11225 921 6054 6053 
11226 6054 6055 6053 
11227 6054 1378 6055 
11228 6053 6055 1505 
11229 921 2665 6054 
11230 2665 4333 6054 
11231 2665 346 4333 
11232 6054 4333 1378 
11233 1505 6055 4882 
11234 6055 4336 4882 
11235 6055 1378 4336 
11236 4882 4336 470 
11237 452 2365 5661 
11238 2365 6056 5661 
11239 2365 833 6056 
11240 5661 6056 1690 
11241 833 6057 6056 
11242 6057 6058 6056 
11243 6057 1450 6058 
11244 6056 6058 1690 
11245 833 2364 6057 
11246 2364 4612 6057 
11247 2364 425 4612 
11248 6057 4612 1450 
11249 1690 6058 5665 
11250 6058 4618 5665 
11251 6058 1450 4618 
11252 5665 4618 509 
11253 645 6059 5992 
11254 6059 6060 5992 
11255 6059 1766 6060 
11256 5992 6060 1752 
11257 1766 6061 6060 
11258 6061 6062 6060 
11259 6061 1224 6062 
11260 6060 6062 1752 
11261 1766 6063 6061 
11262 6063 3738 6061 
11263 6063 628 3738 
11264 6061 3738 1224 
11265 1752 6062 5993 
11266 6062 3733 5993 
11267 6062 1224 3733 
11268 5993 3733 661 
11269 440 6064 4805 
11270 6064 6065 4805 
11271 6064 1767 6065 
11272 4805 6065 1491 
11273 1767 6066 6065 
11274 6066 6067 6065 
11275 6066 1590 6067 
11276 6065 6067 1491 
11277 1767 6068 6066 
11278 6068 5209 6066 
11279 6068 394 5209 
11280 6066 5209 1590 
11281 1491 6067 4806 
11282 6067 5213 4806 
11283 6067 1590 5213 
11284 4806 5213 476 
11285 550 2486 5946 
11286 2486 6069 5946 
11287 2486 868 6069 
11288 5946 6069 1744 
11289 868 6070 6069 
11290 6070 6071 6069 
11291 6070 1768 6071 
11292 6069 6071 1744 
11293 868 2485 6070 
11294 2485 6072 6070 
11295 2485 521 6072 
11296 6070 6072 1768 
11297 1744 6071 5950 
11298 6071 6073 5950 
11299 6071 1768 6073 
11300 5950 6073 599 
11301 473 5580 5275 
11302 5580 6074 5275 
11303 5580 1673 6074 
11304 5275 6074 1602 
11305 1673 6075 6074 
11306 6075 6076 6074 
11307 6075 918 6076 
11308 6074 6076 1602 
11309 1673 5579 6075 
11310 5579 2648 6075 
11311 5579 430 2648 
11312 6075 2648 918 
11313 1602 6076 5280 
11314 6076 2654 5280 
11315 6076 918 2654 
11316 5280 2654 504 
11317 484 6077 4305 
11318 6077 6078 4305 
11319 6077 1769 6078 
11320 4305 6078 1372 
11321 1769 6079 6078 
11322 6079 6080 6078 
11323 6079 1738 6080 
11324 6078 6080 1372 
11325 1769 6081 6079 
11326 6081 5917 6079 
11327 6081 539 5917 
11328 6079 5917 1738 
11329 1372 6080 4309 
11330 6080 5913 4309 
11331 6080 1738 5913 
11332 4309 5913 549 
11333 368 6082 6084 
11334 6082 6083 6084 
11335 6082 1770 6083 
11336 6084 6083 1771 
11337 1770 6085 6083 
11338 6085 6086 6083 
11339 6085 840 6086 
11340 6083 6086 1771 
11341 1770 6087 6085 
11342 6087 2382 6085 
11343 6087 426 2382 
11344 6085 2382 840 
11345 1771 6086 6088 
11346 6086 2387 6088 
11347 6086 840 2387 
11348 6088 2387 502 
11349 615 2418 5891 
11350 2418 6089 5891 
11351 2418 849 6089 
11352 5891 6089 1733 
11353 849 6090 6089 
11354 6090 6091 6089 
11355 6090 1709 6091 
11356 6089 6091 1733 
11357 849 2417 6090 
11358 2417 5759 6090 
11359 2417 581 5759 
11360 6090 5759 1709 
11361 1733 6091 5896 
11362 6091 5763 5896 
11363 6091 1709 5763 
11364 5896 5763 637 
11365 178 6092 6094 
11366 6092 6093 6094 
11367 6092 1772 6093 
11368 6094 6093 1773 
11369 1772 6095 6093 
11370 6095 6096 6093 
11371 6095 1289 6096 
11372 6093 6096 1773 
11373 1772 6097 6095 
11374 6097 3991 6095 
11375 6097 364 3991 
11376 6095 3991 1289 
11377 1773 6096 6098 
11378 6096 3986 6098 
11379 6096 1289 3986 
11380 6098 3986 400 
11381 643 5521 4651 
11382 5521 6099 4651 
11383 5521 1658 6099 
11384 4651 6099 1458 
11385 1658 6100 6099 
11386 6100 6101 6099 
11387 6100 1725 6101 
11388 6099 6101 1458 
11389 1658 5520 6100 
11390 5520 5846 6100 
11391 5520 630 5846 
11392 6100 5846 1725 
11393 1458 6101 4652 
11394 6101 5842 4652 
11395 6101 1725 5842 
11396 4652 5842 660 
11397 359 6102 6104 
11398 6102 6103 6104 
11399 6102 1774 6103 
11400 6104 6103 1776 
11401 1774 6105 6103 
11402 6105 6106 6103 
11403 6105 1775 6106 
11404 6103 6106 1776 
11405 1774 6107 6105 
11406 6107 6108 6105 
11407 6107 323 6108 
11408 6105 6108 1775 
11409 1776 6106 6110 
11410 6106 6109 6110 
11411 6106 1775 6109 
11412 6110 6109 370 
11413 202 3392 5623 
11414 3392 6111 5623 
11415 3392 1126 6111 
11416 5623 6111 1681 
11417 1126 6112 6111 
11418 6112 6113 6111 
11419 6112 1774 6113 
11420 6111 6113 1681 
11421 1126 3387 6112 
11422 3387 6107 6112 
11423 3387 323 6107 
11424 6112 6107 1774 
11425 1681 6113 5624 
11426 6113 6102 5624 
11427 6113 1774 6102 
11428 5624 6102 359 
11429 347 3128 6115 
11430 3128 6114 6115 
11431 3128 1054 6114 
11432 6115 6114 1778 
11433 1054 6116 6114 
11434 6116 6117 6114 
11435 6116 1777 6117 
11436 6114 6117 1778 
11437 1054 3133 6116 
11438 3133 6118 6116 
11439 3133 368 6118 
11440 6116 6118 1777 
11441 1778 6117 6120 
11442 6117 6119 6120 
11443 6117 1777 6119 
11444 6120 6119 419 
11445 646 6000 5975 
11446 6000 6121 5975 
11447 6000 1755 6121 
11448 5975 6121 1748 
11449 1755 6122 6121 
11450 6122 6123 6121 
11451 6122 1753 6123 
11452 6121 6123 1748 
11453 1755 6005 6122 
11454 6005 5998 6122 
11455 6005 669 5998 
11456 6122 5998 1753 
11457 1748 6123 5976 
11458 6123 5994 5976 
11459 6123 1753 5994 
11460 5976 5994 670 
11461 488 5314 5584 
11462 5314 6124 5584 
11463 5314 1612 6124 
11464 5584 6124 1674 
11465 1612 6125 6124 
11466 6125 6126 6124 
11467 6125 1180 6126 
11468 6124 6126 1674 
11469 1612 5320 6125 
11470 5320 3571 6125 
11471 5320 516 3571 
11472 6125 3571 1180 
11473 1674 6126 5588 
11474 6126 3577 5588 
11475 6126 1180 3577 
11476 5588 3577 546 
11477 551 6039 4016 
11478 6039 6127 4016 
11479 6039 1765 6127 
11480 4016 6127 1298 
11481 1765 6128 6127 
11482 6128 6129 6127 
11483 6128 856 6129 
11484 6127 6129 1298 
11485 1765 6043 6128 
11486 6043 2444 6128 
11487 6043 593 2444 
11488 6128 2444 856 
11489 1298 6129 4021 
11490 6129 2439 4021 
11491 6129 856 2439 
11492 4021 2439 607 
11493 348 6130 6132 
11494 6130 6131 6132 
11495 6130 1779 6131 
11496 6132 6131 1780 
11497 1779 6133 6131 
11498 6133 6134 6131 
11499 6133 1624 6134 
11500 6131 6134 1780 
11501 1779 6135 6133 
11502 6135 5383 6133 
11503 6135 119 5383 
11504 6133 5383 1624 
11505 1780 6134 6136 
11506 6134 5386 6136 
11507 6134 1624 5386 
11508 6136 5386 384 
11509 349 6137 5351 
11510 6137 6138 5351 
11511 6137 1781 6138 
11512 5351 6138 1619 
11513 1781 6139 6138 
11514 6139 6140 6138 
11515 6139 1648 6140 
11516 6138 6140 1619 
11517 1781 6141 6139 
11518 6141 5479 6139 
11519 6141 277 5479 
11520 6139 5479 1648 
11521 1619 6140 5355 
11522 6140 5482 5355 
11523 6140 1648 5482 
11524 5355 5482 386 
11525 521 6142 6072 
11526 6142 6143 6072 
11527 6142 1782 6143 
11528 6072 6143 1768 
11529 1782 6144 6143 
11530 6144 6145 6143 
11531 6144 1368 6145 
11532 6143 6145 1768 
11533 1782 6146 6144 
11534 6146 4292 6144 
11535 6146 564 4292 
11536 6144 4292 1368 
11537 1768 6145 6073 
11538 6145 4295 6073 
11539 6145 1368 4295 
11540 6073 4295 599 
11541 485 6147 6149 
11542 6147 6148 6149 
11543 6147 1783 6148 
11544 6149 6148 1784 
11545 1783 6150 6148 
11546 6150 6151 6148 
11547 6150 1764 6151 
11548 6148 6151 1784 
11549 1783 6152 6150 
11550 6152 6042 6150 
11551 6152 538 6042 
11552 6150 6042 1764 
11553 1784 6151 6153 
11554 6151 6037 6153 
11555 6151 1764 6037 
11556 6153 6037 551 
11557 521 5667 6142 
11558 5667 6154 6142 
11559 5667 1691 6154 
11560 6142 6154 1782 
11561 1691 6155 6154 
11562 6155 6156 6154 
11563 6155 1595 6156 
11564 6154 6156 1782 
11565 1691 5666 6155 
11566 5666 5229 6155 
11567 5666 509 5229 
11568 6155 5229 1595 
11569 1782 6156 6146 
11570 6156 5232 6146 
11571 6156 1595 5232 
11572 6146 5232 564 
11573 111 112 6158 
11574 112 6157 6158 
11575 112 113 6157 
11576 6158 6157 1786 
11577 113 6159 6157 
11578 6159 6160 6157 
11579 6159 1785 6160 
11580 6157 6160 1786 
11581 113 114 6159 
11582 114 6161 6159 
11583 114 115 6161 
11584 6159 6161 1785 
11585 1786 6160 6163 
11586 6160 6162 6163 
11587 6160 1785 6162 
11588 6163 6162 348 
11589 115 116 6161 
11590 116 6164 6161 
11591 116 117 6164 
11592 6161 6164 1785 
11593 117 6165 6164 
11594 6165 6166 6164 
11595 6165 1779 6166 
11596 6164 6166 1785 
11597 117 118 6165 
11598 118 6135 6165 
11599 118 119 6135 
11600 6165 6135 1779 
11601 1785 6166 6162 
11602 6166 6130 6162 
11603 6166 1779 6130 
11604 6162 6130 348 
11605 463 2560 5668 
11606 2560 6167 5668 
11607 2560 890 6167 
11608 5668 6167 1692 
11609 890 6168 6167 
11610 6168 6169 6167 
11611 6168 1507 6169 
11612 6167 6169 1692 
11613 890 2559 6168 
11614 2559 4879 6168 
11615 2559 428 4879 
11616 6168 4879 1507 
11617 1692 6169 5673 
11618 6169 4885 5673 
11619 6169 1507 4885 
11620 5673 4885 510 
11621 484 2623 6077 
11622 2623 6170 6077 
11623 2623 908 6170 
11624 6077 6170 1769 
11625 908 6171 6170 
11626 6171 6172 6170 
11627 6171 1694 6172 
11628 6170 6172 1769 
11629 908 2622 6171 
11630 2622 5670 6171 
11631 2622 463 5670 
11632 6171 5670 1694 
11633 1769 6172 6081 
11634 6172 5676 6081 
11635 6172 1694 5676 
11636 6081 5676 539 
11637 329 5712 5986 
11638 5712 6173 5986 
11639 5712 1698 6173 
11640 5986 6173 1750 
11641 1698 6174 6173 
11642 6174 6175 6173 
11643 6174 1582 6175 
11644 6173 6175 1750 
11645 1698 5707 6174 
11646 5707 5182 6174 
11647 5707 375 5182 
11648 6174 5182 1582 
11649 1750 6175 5987 
11650 6175 5178 5987 
11651 6175 1582 5178 
11652 5987 5178 397 
11653 324 3467 3359 
11654 3467 6176 3359 
11655 3467 1150 6176 
11656 3359 6176 1118 
11657 1150 6177 6176 
11658 6177 6178 6176 
11659 6177 1726 6178 
11660 6176 6178 1118 
11661 1150 3472 6177 
11662 3472 5851 6177 
11663 3472 369 5851 
11664 6177 5851 1726 
11665 1118 6178 3360 
11666 6178 5847 3360 
11667 6178 1726 5847 
11668 3360 5847 435 
11669 545 6179 4386 
11670 6179 6180 4386 
11671 6179 1787 6180 
11672 4386 6180 1393 
11673 1787 6181 6180 
11674 6181 6182 6180 
11675 6181 1439 6182 
11676 6180 6182 1393 
11677 1787 6183 6181 
11678 6183 4573 6181 
11679 6183 536 4573 
11680 6181 4573 1439 
11681 1393 6182 4390 
11682 6182 4578 4390 
11683 6182 1439 4578 
11684 4390 4578 578 
11685 414 5222 5387 
11686 5222 6184 5387 
11687 5222 1594 6184 
11688 5387 6184 1625 
11689 1594 6185 6184 
11690 6185 6186 6184 
11691 6185 1482 6186 
11692 6184 6186 1625 
11693 1594 5227 6185 
11694 5227 4755 6185 
11695 5227 441 4755 
11696 6185 4755 1482 
11697 1625 6186 5391 
11698 6186 4760 5391 
11699 6186 1482 4760 
11700 5391 4760 475 
11701 111 6158 6031 
11702 6158 6187 6031 
11703 6158 1786 6187 
11704 6031 6187 1762 
11705 1786 6188 6187 
11706 6188 6189 6187 
11707 6188 1756 6189 
11708 6187 6189 1762 
11709 1786 6163 6188 
11710 6163 6011 6188 
11711 6163 348 6011 
11712 6188 6011 1756 
11713 1762 6189 6032 
11714 6189 6006 6032 
11715 6189 1756 6006 
11716 6032 6006 393 
11717 471 5308 5686 
11718 5308 6190 5686 
11719 5308 1609 6190 
11720 5686 6190 1695 
11721 1609 6191 6190 
11722 6191 6192 6190 
11723 6191 864 6192 
11724 6190 6192 1695 
11725 1609 5307 6191 
11726 5307 2462 6191 
11727 5307 427 2462 
11728 6191 2462 864 
11729 1695 6192 5691 
11730 6192 2468 5691 
11731 6192 864 2468 
11732 5691 2468 503 
11733 485 6193 6147 
11734 6193 6194 6147 
11735 6193 1788 6194 
11736 6147 6194 1783 
11737 1788 6195 6194 
11738 6195 6196 6194 
11739 6195 1697 6196 
11740 6194 6196 1783 
11741 1788 6197 6195 
11742 6197 5688 6195 
11743 6197 471 5688 
11744 6195 5688 1697 
11745 1783 6196 6152 
11746 6196 5694 6152 
11747 6196 1697 5694 
11748 6152 5694 538 
11749 451 5113 4626 
11750 5113 6198 4626 
11751 5113 1570 6198 
11752 4626 6198 1453 
11753 1570 6199 6198 
11754 6199 6200 6198 
11755 6199 1788 6200 
11756 6198 6200 1453 
11757 1570 5119 6199 
11758 5119 6197 6199 
11759 5119 471 6197 
11760 6199 6197 1788 
11761 1453 6200 4630 
11762 6200 6193 4630 
11763 6200 1788 6193 
11764 4630 6193 485 
11765 330 6201 5188 
11766 6201 6202 5188 
11767 6201 1789 6202 
11768 5188 6202 1584 
11769 1789 6203 6202 
11770 6203 6204 6202 
11771 6203 1717 6204 
11772 6202 6204 1584 
11773 1789 6205 6203 
11774 6205 5791 6203 
11775 6205 194 5791 
11776 6203 5791 1717 
11777 1584 6204 5193 
11778 6204 5797 5193 
11779 6204 1717 5797 
11780 5193 5797 396 
11781 357 6206 4184 
11782 6206 6207 4184 
11783 6206 1790 6207 
11784 4184 6207 1340 
11785 1790 6208 6207 
11786 6208 6209 6207 
11787 6208 1778 6209 
11788 6207 6209 1340 
11789 1790 6210 6208 
11790 6210 6115 6208 
11791 6210 347 6115 
11792 6208 6115 1778 
11793 1340 6209 4189 
11794 6209 6120 4189 
11795 6209 1778 6120 
11796 4189 6120 419 
11797 329 6211 5713 
11798 6211 6212 5713 
11799 6211 1791 6212 
11800 5713 6212 1699 
11801 1791 6213 6212 
11802 6213 6214 6212 
11803 6213 1747 6214 
11804 6212 6214 1699 
11805 1791 6215 6213 
11806 6215 5967 6213 
11807 6215 36 5967 
11808 6213 5967 1747 
11809 1699 6214 5714 
11810 6214 5971 5714 
11811 6214 1747 5971 
11812 5714 5971 395 
11813 522 6216 3429 
11814 6216 6217 3429 
11815 6216 1792 6217 
11816 3429 6217 1138 
11817 1792 6218 6217 
11818 6218 6219 6217 
11819 6218 1308 6219 
11820 6217 6219 1138 
11821 1792 6220 6218 
11822 6220 4055 6218 
11823 6220 551 4055 
11824 6218 4055 1308 
11825 1138 6219 3434 
11826 6219 4051 3434 
11827 6219 1308 4051 
11828 3434 4051 588 
11829 480 4554 2775 
11830 4554 6221 2775 
11831 4554 1434 6221 
11832 2775 6221 953 
11833 1434 6222 6221 
11834 6222 6223 6221 
11835 6222 1517 6223 
11836 6221 6223 953 
11837 1434 4553 6222 
11838 4553 4927 6222 
11839 4553 461 4927 
11840 6222 4927 1517 
11841 953 6223 2776 
11842 6223 4922 2776 
11843 6223 1517 4922 
11844 2776 4922 489 
11845 396 6224 6226 
11846 6224 6225 6226 
11847 6224 1793 6225 
11848 6226 6225 1794 
11849 1793 6227 6225 
11850 6227 6228 6225 
11851 6227 1486 6228 
11852 6225 6228 1794 
11853 1793 6229 6227 
11854 6229 4784 6227 
11855 6229 370 4784 
11856 6227 4784 1486 
11857 1794 6228 6230 
11858 6228 4779 6230 
11859 6228 1486 4779 
11860 6230 4779 420 
11861 44 2969 5655 
11862 2969 6231 5655 
11863 2969 1009 6231 
11864 5655 6231 1688 
11865 1009 6232 6231 
11866 6232 6233 6231 
11867 6232 1790 6233 
11868 6231 6233 1688 
11869 1009 2974 6232 
11870 2974 6210 6232 
11871 2974 347 6210 
11872 6232 6210 1790 
11873 1688 6233 5656 
11874 6233 6206 5656 
11875 6233 1790 6206 
11876 5656 6206 357 
11877 497 6234 3616 
11878 6234 6235 3616 
11879 6234 1795 6235 
11880 3616 6235 1191 
11881 1795 6236 6235 
11882 6236 6237 6235 
11883 6236 1787 6237 
11884 6235 6237 1191 
11885 1795 6238 6236 
11886 6238 6183 6236 
11887 6238 536 6183 
11888 6236 6183 1787 
11889 1191 6237 3620 
11890 6237 6179 3620 
11891 6237 1787 6179 
11892 3620 6179 545 
11893 508 4837 4576 
11894 4837 6239 4576 
11895 4837 1499 6239 
11896 4576 6239 1438 
11897 1499 6240 6239 
11898 6240 6241 6239 
11899 6240 1687 6241 
11900 6239 6241 1438 
11901 1499 4842 6240 
11902 4842 5646 6240 
11903 4842 523 5646 
11904 6240 5646 1687 
11905 1438 6241 4577 
11906 6241 5650 4577 
11907 6241 1687 5650 
11908 4577 5650 578 
11909 364 6242 4169 
11910 6242 6243 4169 
11911 6242 1796 6243 
11912 4169 6243 1337 
11913 1796 6244 6243 
11914 6244 6245 6243 
11915 6244 1797 6245 
11916 6243 6245 1337 
11917 1796 6246 6244 
11918 6246 6247 6244 
11919 6246 360 6247 
11920 6244 6247 1797 
11921 1337 6245 4173 
11922 6245 6248 4173 
11923 6245 1797 6248 
11924 4173 6248 421 
11925 466 4802 5318 
11926 4802 6249 5318 
11927 4802 1492 6249 
11928 5318 6249 1611 
11929 1492 6250 6249 
11930 6250 6251 6249 
11931 6250 1253 6251 
11932 6249 6251 1611 
11933 1492 4807 6250 
11934 4807 3837 6250 
11935 4807 476 3837 
11936 6250 3837 1253 
11937 1611 6251 5319 
11938 6251 3843 5319 
11939 6251 1253 3843 
11940 5319 3843 516 
11941 407 5861 4619 
11942 5861 6252 4619 
11943 5861 1728 6252 
11944 4619 6252 1451 
11945 1728 6253 6252 
11946 6253 6254 6252 
11947 6253 1291 6254 
11948 6252 6254 1451 
11949 1728 5860 6253 
11950 5860 3988 6253 
11951 5860 400 3988 
11952 6253 3988 1291 
11953 1451 6254 4623 
11954 6254 3994 4623 
11955 6254 1291 3994 
11956 4623 3994 446 
11957 522 4632 6216 
11958 4632 6255 6216 
11959 4632 1454 6255 
11960 6216 6255 1792 
11961 1454 6256 6255 
11962 6256 6257 6255 
11963 6256 1784 6257 
11964 6255 6257 1792 
11965 1454 4631 6256 
11966 4631 6149 6256 
11967 4631 485 6149 
11968 6256 6149 1784 
11969 1792 6257 6220 
11970 6257 6153 6220 
11971 6257 1784 6153 
11972 6220 6153 551 
11973 626 4907 5488 
11974 4907 6258 5488 
11975 4907 1513 6258 
11976 5488 6258 1650 
11977 1513 6259 6258 
11978 6259 6260 6258 
11979 6259 1761 6260 
11980 6258 6260 1650 
11981 1513 4906 6259 
11982 4906 6023 6259 
11983 4906 594 6023 
11984 6259 6023 1761 
11985 1650 6260 5489 
11986 6260 6026 5489 
11987 6260 1761 6026 
11988 5489 6026 642 
11989 253 6261 6263 
11990 6261 6262 6263 
11991 6261 1798 6262 
11992 6263 6262 1800 
11993 1798 6264 6262 
11994 6264 6265 6262 
11995 6264 1799 6265 
11996 6262 6265 1800 
11997 1798 6266 6264 
11998 6266 6267 6264 
11999 6266 361 6267 
12000 6264 6267 1799 
12001 1800 6265 6269 
12002 6265 6268 6269 
12003 6265 1799 6268 
12004 6269 6268 402 
12005 497 6270 6234 
12006 6270 6271 6234 
12007 6270 1801 6271 
12008 6234 6271 1795 
12009 1801 6272 6271 
12010 6272 6273 6271 
12011 6272 1588 6273 
12012 6271 6273 1795 
12013 1801 6274 6272 
12014 6274 5199 6272 
12015 6274 474 5199 
12016 6272 5199 1588 
12017 1795 6273 6238 
12018 6273 5203 6238 
12019 6273 1588 5203 
12020 6238 5203 536 
12021 607 2447 4022 
12022 2447 6275 4022 
12023 2447 859 6275 
12024 4022 6275 1299 
12025 859 6276 6275 
12026 6276 6277 6275 
12027 6276 1766 6277 
12028 6275 6277 1299 
12029 859 2452 6276 
12030 2452 6063 6276 
12031 2452 628 6063 
12032 6276 6063 1766 
12033 1299 6277 4023 
12034 6277 6059 4023 
12035 6277 1766 6059 
12036 4023 6059 645 
12037 405 5783 4689 
12038 5783 6278 4689 
12039 5783 1713 6278 
12040 4689 6278 1468 
12041 1713 6279 6278 
12042 6279 6280 6278 
12043 6279 1305 6280 
12044 6278 6280 1468 
12045 1713 5782 6279 
12046 5782 4034 6279 
12047 5782 399 4034 
12048 6279 4034 1305 
12049 1468 6280 4693 
12050 6280 4040 4693 
12051 6280 1305 4040 
12052 4693 4040 447 
12053 331 6281 6283 
12054 6281 6282 6283 
12055 6281 1802 6282 
12056 6283 6282 1803 
12057 1802 6284 6282 
12058 6284 6285 6282 
12059 6284 1711 6285 
12060 6282 6285 1803 
12061 1802 6286 6284 
12062 6286 5769 6284 
12063 6286 269 5769 
12064 6284 5769 1711 
12065 1803 6285 6287 
12066 6285 5773 6287 
12067 6285 1711 5773 
12068 6287 5773 398 
12069 423 3658 4479 
12070 3658 6288 4479 
12071 3658 1204 6288 
12072 4479 6288 1415 
12073 1204 6289 6288 
12074 6289 6290 6288 
12075 6289 1610 6290 
12076 6288 6290 1415 
12077 1204 3664 6289 
12078 3664 5317 6289 
12079 3664 466 5317 
12080 6289 5317 1610 
12081 1415 6290 4480 
12082 6290 5312 4480 
12083 6290 1610 5312 
12084 4480 5312 488 
12085 462 6291 5547 
12086 6291 6292 5547 
12087 6291 1804 6292 
12088 5547 6292 1664 
12089 1804 6293 6292 
12090 6293 6294 6292 
12091 6293 1771 6294 
12092 6292 6294 1664 
12093 1804 6295 6293 
12094 6295 6084 6293 
12095 6295 368 6084 
12096 6293 6084 1771 
12097 1664 6294 5548 
12098 6294 6088 5548 
12099 6294 1771 6088 
12100 5548 6088 502 
12101 396 6226 5194 
12102 6226 6296 5194 
12103 6226 1794 6296 
12104 5194 6296 1585 
12105 1794 6297 6296 
12106 6297 6298 6296 
12107 6297 1547 6298 
12108 6296 6298 1585 
12109 1794 6230 6297 
12110 6230 5041 6297 
12111 6230 420 5041 
12112 6297 5041 1547 
12113 1585 6298 5195 
12114 6298 5036 5195 
12115 6298 1547 5036 
12116 5195 5036 445 
12117 371 3342 5302 
12118 3342 6299 5302 
12119 3342 1113 6299 
12120 5302 6299 1608 
12121 1113 6300 6299 
12122 6300 6301 6299 
12123 6300 1151 6301 
12124 6299 6301 1608 
12125 1113 3341 6300 
12126 3341 3474 6300 
12127 3341 353 3474 
12128 6300 3474 1151 
12129 1608 6301 5306 
12130 6301 3477 5306 
12131 6301 1151 3477 
12132 5306 3477 427 
12133 331 6283 6303 
12134 6283 6302 6303 
12135 6283 1803 6302 
12136 6303 6302 1805 
12137 1803 6304 6302 
12138 6304 6305 6302 
12139 6304 1721 6305 
12140 6302 6305 1805 
12141 1803 6287 6304 
12142 6287 5827 6304 
12143 6287 398 5827 
12144 6304 5827 1721 
12145 1805 6305 6306 
12146 6305 5822 6306 
12147 6305 1721 5822 
12148 6306 5822 411 
12149 359 6104 5795 
12150 6104 6307 5795 
12151 6104 1776 6307 
12152 5795 6307 1716 
12153 1776 6308 6307 
12154 6308 6309 6307 
12155 6308 1793 6309 
12156 6307 6309 1716 
12157 1776 6110 6308 
12158 6110 6229 6308 
12159 6110 370 6229 
12160 6308 6229 1793 
12161 1716 6309 5796 
12162 6309 6224 5796 
12163 6309 1793 6224 
12164 5796 6224 396 
12165 194 195 5789 
12166 195 6310 5789 
12167 195 196 6310 
12168 5789 6310 1715 
12169 196 6311 6310 
12170 6311 6312 6310 
12171 6311 1682 6312 
12172 6310 6312 1715 
12173 196 197 6311 
12174 197 5620 6311 
12175 197 198 5620 
12176 6311 5620 1682 
12177 1715 6312 5794 
12178 6312 5625 5794 
12179 6312 1682 5625 
12180 5794 5625 359 
12181 360 5602 6247 
12182 5602 6313 6247 
12183 5602 1678 6313 
12184 6247 6313 1797 
12185 1678 6314 6313 
12186 6314 6315 6313 
12187 6314 1483 6315 
12188 6313 6315 1797 
12189 1678 5608 6314 
12190 5608 4771 6314 
12191 5608 373 4771 
12192 6314 4771 1483 
12193 1797 6315 6248 
12194 6315 4767 6248 
12195 6315 1483 4767 
12196 6248 4767 421 
12197 36 37 5965 
12198 37 6316 5965 
12199 37 38 6316 
12200 5965 6316 1746 
12201 38 6317 6316 
12202 6317 6318 6316 
12203 6317 1689 6318 
12204 6316 6318 1746 
12205 38 39 6317 
12206 39 5652 6317 
12207 39 40 5652 
12208 6317 5652 1689 
12209 1746 6318 5970 
12210 6318 5657 5970 
12211 6318 1689 5657 
12212 5970 5657 357 
12213 358 5982 5903 
12214 5982 6319 5903 
12215 5982 1751 6319 
12216 5903 6319 1736 
12217 1751 6320 6319 
12218 6320 6321 6319 
12219 6320 1445 6321 
12220 6319 6321 1736 
12221 1751 5988 6320 
12222 5988 4602 6320 
12223 5988 397 4602 
12224 6320 4602 1445 
12225 1736 6321 5904 
12226 6321 4598 5904 
12227 6321 1445 4598 
12228 5904 4598 422 
12229 337 6322 5777 
12230 6322 6323 5777 
12231 6322 1806 6323 
12232 5777 6323 1712 
12233 1806 6324 6323 
12234 6324 6325 6323 
12235 6324 1760 6325 
12236 6323 6325 1712 
12237 1806 6326 6324 
12238 6326 6017 6324 
12239 6326 20 6017 
12240 6324 6017 1760 
12241 1712 6325 5781 
12242 6325 6021 5781 
12243 6325 1760 6021 
12244 5781 6021 399 
12245 327 6028 6328 
12246 6028 6327 6328 
12247 6028 1763 6327 
12248 6328 6327 1808 
12249 1763 6329 6327 
12250 6329 6330 6327 
12251 6329 1807 6330 
12252 6327 6330 1808 
12253 1763 6033 6329 
12254 6033 6331 6329 
12255 6033 393 6331 
12256 6329 6331 1807 
12257 1808 6330 6333 
12258 6330 6332 6333 
12259 6330 1807 6332 
12260 6333 6332 413 
12261 361 6334 6336 
12262 6334 6335 6336 
12263 6334 1809 6335 
12264 6336 6335 1810 
12265 1809 6337 6335 
12266 6337 6338 6335 
12267 6337 1546 6338 
12268 6335 6338 1810 
12269 1809 6339 6337 
12270 6339 5027 6337 
12271 6339 261 5027 
12272 6337 5027 1546 
12273 1810 6338 6340 
12274 6338 5032 6340 
12275 6338 1546 5032 
12276 6340 5032 401 
12277 338 6341 5855 
12278 6341 6342 5855 
12279 6341 1811 6342 
12280 5855 6342 1727 
12281 1811 6343 6342 
12282 6343 6344 6342 
12283 6343 1773 6344 
12284 6342 6344 1727 
12285 1811 6345 6343 
12286 6345 6094 6343 
12287 6345 178 6094 
12288 6343 6094 1773 
12289 1727 6344 5859 
12290 6344 6098 5859 
12291 6344 1773 6098 
12292 5859 6098 400 
12293 413 6332 6347 
12294 6332 6346 6347 
12295 6332 1807 6346 
12296 6347 6346 1812 
12297 1807 6348 6346 
12298 6348 6349 6346 
12299 6348 1758 6349 
12300 6346 6349 1812 
12301 1807 6331 6348 
12302 6331 6008 6348 
12303 6331 393 6008 
12304 6348 6008 1758 
12305 1812 6349 6350 
12306 6349 6014 6350 
12307 6349 1758 6014 
12308 6350 6014 474 
12309 368 3132 6082 
12310 3132 6351 6082 
12311 3132 1053 6351 
12312 6082 6351 1770 
12313 1053 6352 6351 
12314 6352 6353 6351 
12315 6352 1129 6353 
12316 6351 6353 1770 
12317 1053 3131 6352 
12318 3131 3396 6352 
12319 3131 321 3396 
12320 6352 3396 1129 
12321 1770 6353 6087 
12322 6353 3400 6087 
12323 6353 1129 3400 
12324 6087 3400 426 
12325 32 33 6355 
12326 33 6354 6355 
12327 33 34 6354 
12328 6355 6354 1813 
12329 34 6356 6354 
12330 6356 6357 6354 
12331 6356 1791 6357 
12332 6354 6357 1813 
12333 34 35 6356 
12334 35 6215 6356 
12335 35 36 6215 
12336 6356 6215 1791 
12337 1813 6357 6358 
12338 6357 6211 6358 
12339 6357 1791 6211 
12340 6358 6211 329 
12341 411 5824 3501 
12342 5824 6359 3501 
12343 5824 1722 6359 
12344 3501 6359 1159 
12345 1722 6360 6359 
12346 6360 6361 6359 
12347 6360 1714 6361 
12348 6359 6361 1159 
12349 1722 5828 6360 
12350 5828 5788 6360 
12351 5828 472 5788 
12352 6360 5788 1714 
12353 1159 6361 3506 
12354 6361 5784 3506 
12355 6361 1714 5784 
12356 3506 5784 498 
12357 190 191 6363 
12358 191 6362 6363 
12359 191 192 6362 
12360 6363 6362 1814 
12361 192 6364 6362 
12362 6364 6365 6362 
12363 6364 1789 6365 
12364 6362 6365 1814 
12365 192 193 6364 
12366 193 6205 6364 
12367 193 194 6205 
12368 6364 6205 1789 
12369 1814 6365 6366 
12370 6365 6201 6366 
12371 6365 1789 6201 
12372 6366 6201 330 
12373 269 270 5767 
12374 270 6367 5767 
12375 270 271 6367 
12376 5767 6367 1710 
12377 271 6368 6367 
12378 6368 6369 6367 
12379 6368 1815 6369 
12380 6367 6369 1710 
12381 271 272 6368 
12382 272 6370 6368 
12383 272 273 6370 
12384 6368 6370 1815 
12385 1710 6369 5772 
12386 6369 6371 5772 
12387 6369 1815 6371 
12388 5772 6371 349 
12389 273 274 6370 
12390 274 6372 6370 
12391 274 275 6372 
12392 6370 6372 1815 
12393 275 6373 6372 
12394 6373 6374 6372 
12395 6373 1781 6374 
12396 6372 6374 1815 
12397 275 276 6373 
12398 276 6141 6373 
12399 276 277 6141 
12400 6373 6141 1781 
12401 1815 6374 6371 
12402 6374 6137 6371 
12403 6374 1781 6137 
12404 6371 6137 349 
12405 419 6119 4405 
12406 6119 6375 4405 
12407 6119 1777 6375 
12408 4405 6375 1396 
12409 1777 6376 6375 
12410 6376 6377 6375 
12411 6376 1804 6377 
12412 6375 6377 1396 
12413 1777 6118 6376 
12414 6118 6295 6376 
12415 6118 368 6295 
12416 6376 6295 1804 
12417 1396 6377 4406 
12418 6377 6291 4406 
12419 6377 1804 6291 
12420 4406 6291 462 
12421 369 3471 5574 
12422 3471 6378 5574 
12423 3471 1149 6378 
12424 5574 6378 1672 
12425 1149 6379 6378 
12426 6379 6380 6378 
12427 6379 1198 6380 
12428 6378 6380 1672 
12429 1149 3470 6379 
12430 3470 3640 6379 
12431 3470 352 3640 
12432 6379 3640 1198 
12433 1672 6380 5578 
12434 6380 3643 5578 
12435 6380 1198 3643 
12436 5578 3643 430 
12437 413 6347 3981 
12438 6347 6381 3981 
12439 6347 1812 6381 
12440 3981 6381 1288 
12441 1812 6382 6381 
12442 6382 6383 6381 
12443 6382 1801 6383 
12444 6381 6383 1288 
12445 1812 6350 6382 
12446 6350 6274 6382 
12447 6350 474 6274 
12448 6382 6274 1801 
12449 1288 6383 3985 
12450 6383 6270 3985 
12451 6383 1801 6270 
12452 3985 6270 497 
12453 362 5875 6385 
12454 5875 6384 6385 
12455 5875 1731 6384 
12456 6385 6384 1816 
12457 1731 6386 6384 
12458 6386 6387 6384 
12459 6386 1767 6387 
12460 6384 6387 1816 
12461 1731 5879 6386 
12462 5879 6068 6386 
12463 5879 394 6068 
12464 6386 6068 1767 
12465 1816 6387 6388 
12466 6387 6064 6388 
12467 6387 1767 6064 
12468 6388 6064 440 
12469 339 6389 4318 
12470 6389 6390 4318 
12471 6389 1817 6390 
12472 4318 6390 1374 
12473 1817 6391 6390 
12474 6391 6392 6390 
12475 6391 1800 6392 
12476 6390 6392 1374 
12477 1817 6393 6391 
12478 6393 6263 6391 
12479 6393 253 6263 
12480 6391 6263 1800 
12481 1374 6392 4319 
12482 6392 6269 4319 
12483 6392 1800 6269 
12484 4319 6269 402 
12485 99 100 6395 
12486 100 6394 6395 
12487 100 101 6394 
12488 6395 6394 1818 
12489 101 6396 6394 
12490 6396 6397 6394 
12491 6396 1730 6397 
12492 6394 6397 1818 
12493 101 102 6396 
12494 102 5878 6396 
12495 102 103 5878 
12496 6396 5878 1730 
12497 1818 6397 6398 
12498 6397 5873 6398 
12499 6397 1730 5873 
12500 6398 5873 362 
12501 401 5935 4957 
12502 5935 6399 4957 
12503 5935 1741 6399 
12504 4957 6399 1527 
12505 1741 6400 6399 
12506 6400 6401 6399 
12507 6400 1805 6401 
12508 6399 6401 1527 
12509 1741 5934 6400 
12510 5934 6303 6400 
12511 5934 331 6303 
12512 6400 6303 1805 
12513 1527 6401 4962 
12514 6401 6306 4962 
12515 6401 1805 6306 
12516 4962 6306 411 
12517 28 29 6403 
12518 29 6402 6403 
12519 29 30 6402 
12520 6403 6402 1820 
12521 30 6404 6402 
12522 6404 6405 6402 
12523 6404 1819 6405 
12524 6402 6405 1820 
12525 30 31 6404 
12526 31 6406 6404 
12527 31 32 6406 
12528 6404 6406 1819 
12529 1820 6405 6408 
12530 6405 6407 6408 
12531 6405 1819 6407 
12532 6408 6407 358 
12533 24 25 6410 
12534 25 6409 6410 
12535 25 26 6409 
12536 6410 6409 1821 
12537 26 6411 6409 
12538 6411 6412 6409 
12539 6411 1820 6412 
12540 6409 6412 1821 
12541 26 27 6411 
12542 27 6403 6411 
12543 27 28 6403 
12544 6411 6403 1820 
12545 1821 6412 6413 
12546 6412 6408 6413 
12547 6412 1820 6408 
12548 6413 6408 358 
12549 394 5170 5207 
12550 5170 6414 5207 
12551 5170 1579 6414 
12552 5207 6414 1589 
12553 1579 6415 6414 
12554 6415 6416 6414 
12555 6415 1808 6416 
12556 6414 6416 1589 
12557 1579 5169 6415 
12558 5169 6328 6415 
12559 5169 327 6328 
12560 6415 6328 1808 
12561 1589 6416 5212 
12562 6416 6333 5212 
12563 6416 1808 6333 
12564 5212 6333 413 
12565 370 6109 6418 
12566 6109 6417 6418 
12567 6109 1775 6417 
12568 6418 6417 1822 
12569 1775 6419 6417 
12570 6419 6420 6417 
12571 6419 1137 6420 
12572 6417 6420 1822 
12573 1775 6108 6419 
12574 6108 3425 6419 
12575 6108 323 3425 
12576 6419 3425 1137 
12577 1822 6420 6421 
12578 6420 3428 6421 
12579 6420 1137 3428 
12580 6421 3428 429 
12581 186 187 6423 
12582 187 6422 6423 
12583 187 188 6422 
12584 6423 6422 1824 
12585 188 6424 6422 
12586 6424 6425 6422 
12587 6424 1823 6425 
12588 6422 6425 1824 
12589 188 189 6424 
12590 189 6426 6424 
12591 189 190 6426 
12592 6424 6426 1823 
12593 1824 6425 6428 
12594 6425 6427 6428 
12595 6425 1823 6427 
12596 6428 6427 360 
12597 182 183 6430 
12598 183 6429 6430 
12599 183 184 6429 
12600 6430 6429 1825 
12601 184 6431 6429 
12602 6431 6432 6429 
12603 6431 1824 6432 
12604 6429 6432 1825 
12605 184 185 6431 
12606 185 6423 6431 
12607 185 186 6423 
12608 6431 6423 1824 
12609 1825 6432 6433 
12610 6432 6428 6433 
12611 6432 1824 6428 
12612 6433 6428 360 
12613 370 6418 4914 
12614 6418 6434 4914 
12615 6418 1822 6434 
12616 4914 6434 1516 
12617 1822 6435 6434 
12618 6435 6436 6434 
12619 6435 906 6436 
12620 6434 6436 1516 
12621 1822 6421 6435 
12622 6421 2616 6435 
12623 6421 429 2616 
12624 6435 2616 906 
12625 1516 6436 4918 
12626 6436 2611 4918 
12627 6436 906 2611 
12628 4918 2611 450 
12629 20 21 6015 
12630 21 6437 6015 
12631 21 22 6437 
12632 6015 6437 1759 
12633 22 6438 6437 
12634 6438 6439 6437 
12635 6438 1826 6439 
12636 6437 6439 1759 
12637 22 23 6438 
12638 23 6440 6438 
12639 23 24 6440 
12640 6438 6440 1826 
12641 1759 6439 6020 
12642 6439 6441 6020 
12643 6439 1826 6441 
12644 6020 6441 363 
12645 265 266 5929 
12646 266 6442 5929 
12647 266 267 6442 
12648 5929 6442 1740 
12649 267 6443 6442 
12650 6443 6444 6442 
12651 6443 1802 6444 
12652 6442 6444 1740 
12653 267 268 6443 
12654 268 6286 6443 
12655 268 269 6286 
12656 6443 6286 1802 
12657 1740 6444 5933 
12658 6444 6281 5933 
12659 6444 1802 6281 
12660 5933 6281 331 
12661 361 6336 6446 
12662 6336 6445 6446 
12663 6336 1810 6445 
12664 6446 6445 1827 
12665 1810 6447 6445 
12666 6447 6448 6445 
12667 6447 1732 6448 
12668 6445 6448 1827 
12669 1810 6340 6447 
12670 6340 5887 6447 
12671 6340 401 5887 
12672 6447 5887 1732 
12673 1827 6448 6449 
12674 6448 5883 6449 
12675 6448 1732 5883 
12676 6449 5883 448 
12677 513 3499 4856 
12678 3499 6450 4856 
12679 3499 1157 6450 
12680 4856 6450 1502 
12681 1157 6451 6450 
12682 6451 6452 6450 
12683 6451 1336 6452 
12684 6450 6452 1502 
12685 1157 3498 6451 
12686 3498 4164 6451 
12687 3498 456 4164 
12688 6451 4164 1336 
12689 1502 6452 4861 
12690 6452 4168 4861 
12691 6452 1336 4168 
12692 4861 4168 533 
12693 178 179 6092 
12694 179 6453 6092 
12695 179 180 6453 
12696 6092 6453 1772 
12697 180 6454 6453 
12698 6454 6455 6453 
12699 6454 1828 6455 
12700 6453 6455 1772 
12701 180 181 6454 
12702 181 6456 6454 
12703 181 182 6456 
12704 6454 6456 1828 
12705 1772 6455 6097 
12706 6455 6457 6097 
12707 6455 1828 6457 
12708 6097 6457 364 
12709 348 6458 6012 
12710 6458 6459 6012 
12711 6458 1829 6459 
12712 6012 6459 1757 
12713 1829 6460 6459 
12714 6460 6461 6459 
12715 6460 1587 6461 
12716 6459 6461 1757 
12717 1829 6462 6460 
12718 6462 5202 6460 
12719 6462 443 5202 
12720 6460 5202 1587 
12721 1757 6461 6013 
12722 6461 5197 6013 
12723 6461 1587 5197 
12724 6013 5197 474 
12725 95 96 4155 
12726 96 6463 4155 
12727 96 97 6463 
12728 4155 6463 1333 
12729 97 6464 6463 
12730 6464 6465 6463 
12731 6464 1830 6465 
12732 6463 6465 1333 
12733 97 98 6464 
12734 98 6466 6464 
12735 98 99 6466 
12736 6464 6466 1830 
12737 1333 6465 4159 
12738 6465 6467 4159 
12739 6465 1830 6467 
12740 4159 6467 334 
12741 348 6132 6458 
12742 6132 6468 6458 
12743 6132 1780 6468 
12744 6458 6468 1829 
12745 1780 6469 6468 
12746 6469 6470 6468 
12747 6469 1025 6470 
12748 6468 6470 1829 
12749 1780 6136 6469 
12750 6136 3024 6469 
12751 6136 384 3024 
12752 6469 3024 1025 
12753 1829 6470 6462 
12754 6470 3030 6462 
12755 6470 1025 3030 
12756 6462 3030 443 
12757 514 3450 4935 
12758 3450 6471 4935 
12759 3450 1143 6471 
12760 4935 6471 1520 
12761 1143 6472 6471 
12762 6472 6473 6471 
12763 6472 1431 6473 
12764 6471 6473 1520 
12765 1143 3449 6472 
12766 3449 4537 6472 
12767 3449 479 4537 
12768 6472 4537 1431 
12769 1520 6473 4936 
12770 6473 4541 4936 
12771 6473 1431 4541 
12772 4936 4541 544 
12773 32 6355 6406 
12774 6355 6474 6406 
12775 6355 1813 6474 
12776 6406 6474 1819 
12777 1813 6475 6474 
12778 6475 6476 6474 
12779 6475 1749 6476 
12780 6474 6476 1819 
12781 1813 6358 6475 
12782 6358 5985 6475 
12783 6358 329 5985 
12784 6475 5985 1749 
12785 1819 6476 6407 
12786 6476 5980 6407 
12787 6476 1749 5980 
12788 6407 5980 358 
12789 16 17 6478 
12790 17 6477 6478 
12791 17 18 6477 
12792 6478 6477 1831 
12793 18 6479 6477 
12794 6479 6480 6477 
12795 6479 1806 6480 
12796 6477 6480 1831 
12797 18 19 6479 
12798 19 6326 6479 
12799 19 20 6326 
12800 6479 6326 1806 
12801 1831 6480 6481 
12802 6480 6322 6481 
12803 6480 1806 6322 
12804 6481 6322 337 
12805 334 6482 6484 
12806 6482 6483 6484 
12807 6482 1832 6483 
12808 6484 6483 1833 
12809 1832 6485 6483 
12810 6485 6486 6483 
12811 6485 1816 6486 
12812 6483 6486 1833 
12813 1832 6487 6485 
12814 6487 6385 6485 
12815 6487 362 6385 
12816 6485 6385 1816 
12817 1833 6486 6488 
12818 6486 6388 6488 
12819 6486 1816 6388 
12820 6488 6388 440 
12821 174 175 6490 
12822 175 6489 6490 
12823 175 176 6489 
12824 6490 6489 1834 
12825 176 6491 6489 
12826 6491 6492 6489 
12827 6491 1811 6492 
12828 6489 6492 1834 
12829 176 177 6491 
12830 177 6345 6491 
12831 177 178 6345 
12832 6491 6345 1811 
12833 1834 6492 6493 
12834 6492 6341 6493 
12835 6492 1811 6341 
12836 6493 6341 338 
12837 190 6363 6426 
12838 6363 6494 6426 
12839 6363 1814 6494 
12840 6426 6494 1823 
12841 1814 6495 6494 
12842 6495 6496 6494 
12843 6495 1676 6496 
12844 6494 6496 1823 
12845 1814 6366 6495 
12846 6366 5605 6495 
12847 6366 330 5605 
12848 6495 5605 1676 
12849 1823 6496 6427 
12850 6496 5600 6427 
12851 6496 1676 5600 
12852 6427 5600 360 
12853 253 254 6261 
12854 254 6497 6261 
12855 254 255 6497 
12856 6261 6497 1798 
12857 255 6498 6497 
12858 6498 6499 6497 
12859 6498 1835 6499 
12860 6497 6499 1798 
12861 255 256 6498 
12862 256 6500 6498 
12863 256 257 6500 
12864 6498 6500 1835 
12865 1798 6499 6266 
12866 6499 6501 6266 
12867 6499 1835 6501 
12868 6266 6501 361 
12869 257 258 6500 
12870 258 6502 6500 
12871 258 259 6502 
12872 6500 6502 1835 
12873 259 6503 6502 
12874 6503 6504 6502 
12875 6503 1809 6504 
12876 6502 6504 1835 
12877 259 260 6503 
12878 260 6339 6503 
12879 260 261 6339 
12880 6503 6339 1809 
12881 1835 6504 6501 
12882 6504 6334 6501 
12883 6504 1809 6334 
12884 6501 6334 361 
12885 402 6268 2320 
12886 6268 6505 2320 
12887 6268 1799 6505 
12888 2320 6505 820 
12889 1799 6506 6505 
12890 6506 6507 6505 
12891 6506 1827 6507 
12892 6505 6507 820 
12893 1799 6267 6506 
12894 6267 6446 6506 
12895 6267 361 6446 
12896 6506 6446 1827 
12897 820 6507 2321 
12898 6507 6449 2321 
12899 6507 1827 6449 
12900 2321 6449 448 
12901 24 6410 6440 
12902 6410 6508 6440 
12903 6410 1821 6508 
12904 6440 6508 1826 
12905 1821 6509 6508 
12906 6509 6510 6508 
12907 6509 1735 6510 
12908 6508 6510 1826 
12909 1821 6413 6509 
12910 6413 5902 6509 
12911 6413 358 5902 
12912 6509 5902 1735 
12913 1826 6510 6441 
12914 6510 5898 6441 
12915 6510 1735 5898 
12916 6441 5898 363 
12917 182 6430 6456 
12918 6430 6511 6456 
12919 6430 1825 6511 
12920 6456 6511 1828 
12921 1825 6512 6511 
12922 6512 6513 6511 
12923 6512 1796 6513 
12924 6511 6513 1828 
12925 1825 6433 6512 
12926 6433 6246 6512 
12927 6433 360 6246 
12928 6512 6246 1796 
12929 1828 6513 6457 
12930 6513 6242 6457 
12931 6513 1796 6242 
12932 6457 6242 364 
12933 334 6467 6482 
12934 6467 6514 6482 
12935 6467 1830 6514 
12936 6482 6514 1832 
12937 1830 6515 6514 
12938 6515 6516 6514 
12939 6515 1818 6516 
12940 6514 6516 1832 
12941 1830 6466 6515 
12942 6466 6395 6515 
12943 6466 99 6395 
12944 6515 6395 1818 
12945 1832 6516 6487 
12946 6516 6398 6487 
12947 6516 1818 6398 
12948 6487 6398 362 
12949 377 6517 3863 
12950 6517 6518 3863 
12951 6517 1836 6518 
12952 3863 6518 1259 
12953 1836 6519 6518 
12954 6519 6520 6518 
12955 6519 1833 6520 
12956 6518 6520 1259 
12957 1836 6521 6519 
12958 6521 6484 6519 
12959 6521 334 6484 
12960 6519 6484 1833 
12961 1259 6520 3864 
12962 6520 6488 3864 
12963 6520 1833 6488 
12964 3864 6488 440 
12965 245 246 3922 
12966 246 6522 3922 
12967 246 247 6522 
12968 3922 6522 1275 
12969 247 6523 6522 
12970 6523 6524 6522 
12971 6523 1837 6524 
12972 6522 6524 1275 
12973 247 248 6523 
12974 248 6525 6523 
12975 248 249 6525 
12976 6523 6525 1837 
12977 1275 6524 3926 
12978 6524 6526 3926 
12979 6524 1837 6526 
12980 3926 6526 339 
12981 249 250 6525 
12982 250 6527 6525 
12983 250 251 6527 
12984 6525 6527 1837 
12985 251 6528 6527 
12986 6528 6529 6527 
12987 6528 1817 6529 
12988 6527 6529 1837 
12989 251 252 6528 
12990 252 6393 6528 
12991 252 253 6393 
12992 6528 6393 1817 
12993 1837 6529 6526 
12994 6529 6389 6526 
12995 6529 1817 6389 
12996 6526 6389 339 
12997 12 13 6531 
12998 13 6530 6531 
12999 13 14 6530 
13000 6531 6530 1839 
13001 14 6532 6530 
13002 6532 6533 6530 
13003 6532 1838 6533 
13004 6530 6533 1839 
13005 14 15 6532 
13006 15 6534 6532 
13007 15 16 6534 
13008 6532 6534 1838 
13009 1839 6533 6536 
13010 6533 6535 6536 
13011 6533 1838 6535 
13012 6536 6535 343 
13013 8 9 4056 
13014 9 6537 4056 
13015 9 10 6537 
13016 4056 6537 1309 
13017 10 6538 6537 
13018 6538 6539 6537 
13019 6538 1839 6539 
13020 6537 6539 1309 
13021 10 11 6538 
13022 11 6531 6538 
13023 11 12 6531 
13024 6538 6531 1839 
13025 1309 6539 4060 
13026 6539 6536 4060 
13027 6539 1839 6536 
13028 4060 6536 343 
13029 170 171 6541 
13030 171 6540 6541 
13031 171 172 6540 
13032 6541 6540 1841 
13033 172 6542 6540 
13034 6542 6543 6540 
13035 6542 1840 6543 
13036 6540 6543 1841 
13037 172 173 6542 
13038 173 6544 6542 
13039 173 174 6544 
13040 6542 6544 1840 
13041 1841 6543 6546 
13042 6543 6545 6546 
13043 6543 1840 6545 
13044 6546 6545 344 
13045 166 167 4066 
13046 167 6547 4066 
13047 167 168 6547 
13048 4066 6547 1311 
13049 168 6548 6547 
13050 6548 6549 6547 
13051 6548 1841 6549 
13052 6547 6549 1311 
13053 168 169 6548 
13054 169 6541 6548 
13055 169 170 6541 
13056 6548 6541 1841 
13057 1311 6549 4070 
13058 6549 6546 4070 
13059 6549 1841 6546 
13060 4070 6546 344 
13061 16 6478 6534 
13062 6478 6550 6534 
13063 6478 1831 6550 
13064 6534 6550 1838 
13065 1831 6551 6550 
13066 6551 6552 6550 
13067 6551 1318 6552 
13068 6550 6552 1838 
13069 1831 6481 6551 
13070 6481 4096 6551 
13071 6481 337 4096 
13072 6551 4096 1318 
13073 1838 6552 6535 
13074 6552 4092 6535 
13075 6552 1318 4092 
13076 6535 4092 343 
13077 334 6521 4160 
13078 6521 6553 4160 
13079 6521 1836 6553 
13080 4160 6553 1334 
13081 1836 6554 6553 
13082 6554 6555 6553 
13083 6554 876 6555 
13084 6553 6555 1334 
13085 1836 6517 6554 
13086 6517 2514 6554 
13087 6517 377 2514 
13088 6554 2514 876 
13089 1334 6555 4161 
13090 6555 2509 4161 
13091 6555 876 2509 
13092 4161 2509 404 
13093 174 6490 6544 
13094 6490 6556 6544 
13095 6490 1834 6556 
13096 6544 6556 1840 
13097 1834 6557 6556 
13098 6557 6558 6556 
13099 6557 1320 6558 
13100 6556 6558 1840 
13101 1834 6493 6557 
13102 6493 4103 6557 
13103 6493 338 4103 
13104 6557 4103 1320 
13105 1840 6558 6545 
13106 6558 4099 6545 
13107 6558 1320 4099 
13108 6545 4099 344 
13109 652 3896 5539 
13110 3896 6559 5539 
13111 3896 1268 6559 
13112 5539 6559 1662 
13113 1268 6560 6559 
13114 6560 6561 6559 
13115 6560 689 6561 
13116 6559 6561 1662 
13117 1268 3900 6560 
13118 3900 1860 6560 
13119 3900 662 1860 
13120 6560 1860 689 
13121 1662 6561 5540 
13122 6561 1866 5540 
13123 6561 689 1866 
13124 5540 1866 677 
$EndElements
