$MeshFormat
4.1 0 8
$EndMeshFormat
$PhysicalNames
4
0 1 "Initial nodes"
1 1 "Outer border"
1 2 "All lines"
2 1 "Material 1"
$EndPhysicalNames
$Entities
4 4 1 0
1 -1 -1 0 1 1 
2 1 -1 0 1 1 
3 1 1 0 1 1 
4 -1 1 0 1 1 
1 -1 -1 0 1 -1 0 2 1 2 2 1 -2 
2 1 -1 0 1 1 0 2 1 2 2 2 -3 
3 -1 1 0 1 1 0 2 1 2 2 3 -4 
4 -1 -1 0 -1 1 0 2 1 2 2 4 -1 
1 -1 -1 0 1 1 0 1 1 4 1 2 3 4 
$EndEntities
$Nodes
9 1681 1 1681
0 1 0 1
1
-1 -1 0
0 2 0 1
2
1 -1 0
0 3 0 1
3
1 1 0
0 4 0 1
4
-1 1 0
1 1 0 39
5
6
7
8
9
10
11
12
13
14
15
16
17
18
19
20
21
22
23
24
25
26
27
28
29
30
31
32
33
34
35
36
37
38
39
40
41
42
43
-0.950000000000111 -1 0
-0.9000000000002774 -1 0
-0.8500000000004283 -1 0
-0.8000000000005548 -1 0
-0.7500000000006787 -1 0
-0.7000000000008322 -1 0
-0.6500000000009709 -1 0
-0.6000000000011096 -1 0
-0.5500000000012484 -1 0
-0.500000000001387 -1 0
-0.4500000000015256 -1 0
-0.4000000000016644 -1 0
-0.3500000000018031 -1 0
-0.3000000000019418 -1 0
-0.2500000000020806 -1 0
-0.2000000000022192 -1 0
-0.1500000000023578 -1 0
-0.1000000000024964 -1 0
-0.05000000000262439 -1 0
-2.752242878045763e-12 -1 0
0.0499999999973757 -1 0
0.09999999999750342 -1 0
0.1499999999976422 -1 0
0.1999999999977808 -1 0
0.2499999999979194 -1 0
0.2999999999980583 -1 0
0.3499999999981969 -1 0
0.3999999999983355 -1 0
0.4499999999984743 -1 0
0.4999999999986129 -1 0
0.5499999999987515 -1 0
0.5999999999988903 -1 0
0.6499999999990291 -1 0
0.699999999999168 -1 0
0.7499999999993068 -1 0
0.7999999999994454 -1 0
0.849999999999584 -1 0
0.8999999999997226 -1 0
0.9499999999998612 -1 0
1 2 0 39
44
45
46
47
48
49
50
51
52
53
54
55
56
57
58
59
60
61
62
63
64
65
66
67
68
69
70
71
72
73
74
75
76
77
78
79
80
81
82
1 -0.950000000000111 0
1 -0.9000000000002774 0
1 -0.8500000000004283 0
1 -0.8000000000005548 0
1 -0.7500000000006787 0
1 -0.7000000000008322 0
1 -0.6500000000009709 0
1 -0.6000000000011096 0
1 -0.5500000000012484 0
1 -0.500000000001387 0
1 -0.4500000000015256 0
1 -0.4000000000016644 0
1 -0.3500000000018031 0
1 -0.3000000000019418 0
1 -0.2500000000020806 0
1 -0.2000000000022192 0
1 -0.1500000000023578 0
1 -0.1000000000024964 0
1 -0.05000000000262439 0
1 -2.752242878045763e-12 0
1 0.0499999999973757 0
1 0.09999999999750342 0
1 0.1499999999976422 0
1 0.1999999999977808 0
1 0.2499999999979194 0
1 0.2999999999980583 0
1 0.3499999999981969 0
1 0.3999999999983355 0
1 0.4499999999984743 0
1 0.4999999999986129 0
1 0.5499999999987515 0
1 0.5999999999988903 0
1 0.6499999999990291 0
1 0.699999999999168 0
1 0.7499999999993068 0
1 0.7999999999994454 0
1 0.849999999999584 0
1 0.8999999999997226 0
1 0.9499999999998612 0
1 3 0 39
83
84
85
86
87
88
89
90
91
92
93
94
95
96
97
98
99
100
101
102
103
104
105
106
107
108
109
110
111
112
113
114
115
116
117
118
119
120
121
0.950000000000111 1 0
0.9000000000002774 1 0
0.8500000000004283 1 0
0.8000000000005548 1 0
0.7500000000006787 1 0
0.7000000000008322 1 0
0.6500000000009709 1 0
0.6000000000011096 1 0
0.5500000000012484 1 0
0.500000000001387 1 0
0.4500000000015256 1 0
0.4000000000016644 1 0
0.3500000000018031 1 0
0.3000000000019418 1 0
0.2500000000020806 1 0
0.2000000000022192 1 0
0.1500000000023578 1 0
0.1000000000024964 1 0
0.05000000000262439 1 0
2.752242878045763e-12 1 0
-0.0499999999973757 1 0
-0.09999999999750342 1 0
-0.1499999999976422 1 0
-0.1999999999977808 1 0
-0.2499999999979194 1 0
-0.2999999999980583 1 0
-0.3499999999981969 1 0
-0.3999999999983355 1 0
-0.4499999999984743 1 0
-0.4999999999986129 1 0
-0.5499999999987515 1 0
-0.5999999999988903 1 0
-0.6499999999990291 1 0
-0.699999999999168 1 0
-0.7499999999993068 1 0
-0.7999999999994454 1 0
-0.849999999999584 1 0
-0.8999999999997226 1 0
-0.9499999999998612 1 0
1 4 0 39
122
123
124
125
126
127
128
129
130
131
132
133
134
135
136
137
138
139
140
141
142
143
144
145
146
147
148
149
150
151
152
153
154
155
156
157
158
159
160
-1 0.950000000000111 0
-1 0.9000000000002774 0
-1 0.8500000000004283 0
-1 0.8000000000005548 0
-1 0.7500000000006787 0
-1 0.7000000000008322 0
-1 0.6500000000009709 0
-1 0.6000000000011096 0
-1 0.5500000000012484 0
-1 0.500000000001387 0
-1 0.4500000000015256 0
-1 0.4000000000016644 0
-1 0.3500000000018031 0
-1 0.3000000000019418 0
-1 0.2500000000020806 0
-1 0.2000000000022192 0
-1 0.1500000000023578 0
-1 0.1000000000024964 0
-1 0.05000000000262439 0
-1 2.752242878045763e-12 0
-1 -0.0499999999973757 0
-1 -0.09999999999750342 0
-1 -0.1499999999976422 0
-1 -0.1999999999977808 0
-1 -0.2499999999979194 0
-1 -0.2999999999980583 0
-1 -0.3499999999981969 0
-1 -0.3999999999983355 0
-1 -0.4499999999984743 0
-1 -0.4999999999986129 0
-1 -0.5499999999987515 0
-1 -0.5999999999988903 0
-1 -0.6499999999990291 0
-1 -0.699999999999168 0
-1 -0.7499999999993068 0
-1 -0.7999999999994454 0
-1 -0.849999999999584 0
-1 -0.8999999999997226 0
-1 -0.9499999999998612 0
2 1 0 1521
161
162
163
164
165
166
167
168
169
170
171
172
173
174
175
176
177
178
179
180
181
182
183
184
185
186
187
188
189
190
191
192
193
194
195
196
197
198
199
200
201
202
203
204
205
206
207
208
209
210
211
212
213
214
215
216
217
218
219
220
221
222
223
224
225
226
227
228
229
230
231
232
233
234
235
236
237
238
239
240
241
242
243
244
245
246
247
248
249
250
251
252
253
254
255
256
257
258
259
260
261
262
263
264
265
266
267
268
269
270
271
272
273
274
275
276
277
278
279
280
281
282
283
284
285
286
287
288
289
290
291
292
293
294
295
296
297
298
299
300
301
302
303
304
305
306
307
308
309
310
311
312
313
314
315
316
317
318
319
320
321
322
323
324
325
326
327
328
329
330
331
332
333
334
335
336
337
338
339
340
341
342
343
344
345
346
347
348
349
350
351
352
353
354
355
356
357
358
359
360
361
362
363
364
365
366
367
368
369
370
371
372
373
374
375
376
377
378
379
380
381
382
383
384
385
386
387
388
389
390
391
392
393
394
395
396
397
398
399
400
401
402
403
404
405
406
407
408
409
410
411
412
413
414
415
416
417
418
419
420
421
422
423
424
425
426
427
428
429
430
431
432
433
434
435
436
437
438
439
440
441
442
443
444
445
446
447
448
449
450
451
452
453
454
455
456
457
458
459
460
461
462
463
464
465
466
467
468
469
470
471
472
473
474
475
476
477
478
479
480
481
482
483
484
485
486
487
488
489
490
491
492
493
494
495
496
497
498
499
500
501
502
503
504
505
506
507
508
509
510
511
512
513
514
515
516
517
518
519
520
521
522
523
524
525
526
527
528
529
530
531
532
533
534
535
536
537
538
539
540
541
542
543
544
545
546
547
548
549
550
551
552
553
554
555
556
557
558
559
560
561
562
563
564
565
566
567
568
569
570
571
572
573
574
575
576
577
578
579
580
581
582
583
584
585
586
587
588
589
590
591
592
593
594
595
596
597
598
599
600
601
602
603
604
605
606
607
608
609
610
611
612
613
614
615
616
617
618
619
620
621
622
623
624
625
626
627
628
629
630
631
632
633
634
635
636
637
638
639
640
641
642
643
644
645
646
647
648
649
650
651
652
653
654
655
656
657
658
659
660
661
662
663
664
665
666
667
668
669
670
671
672
673
674
675
676
677
678
679
680
681
682
683
684
685
686
687
688
689
690
691
692
693
694
695
696
697
698
699
700
701
702
703
704
705
706
707
708
709
710
711
712
713
714
715
716
717
718
719
720
721
722
723
724
725
726
727
728
729
730
731
732
733
734
735
736
737
738
739
740
741
742
743
744
745
746
747
748
749
750
751
752
753
754
755
756
757
758
759
760
761
762
763
764
765
766
767
768
769
770
771
772
773
774
775
776
777
778
779
780
781
782
783
784
785
786
787
788
789
790
791
792
793
794
795
796
797
798
799
800
801
802
803
804
805
806
807
808
809
810
811
812
813
814
815
816
817
818
819
820
821
822
823
824
825
826
827
828
829
830
831
832
833
834
835
836
837
838
839
840
841
842
843
844
845
846
847
848
849
850
851
852
853
854
855
856
857
858
859
860
861
862
863
864
865
866
867
868
869
870
871
872
873
874
875
876
877
878
879
880
881
882
883
884
885
886
887
888
889
890
891
892
893
894
895
896
897
898
899
900
901
902
903
904
905
906
907
908
909
910
911
912
913
914
915
916
917
918
919
920
921
922
923
924
925
926
927
928
929
930
931
932
933
934
935
936
937
938
939
940
941
942
943
944
945
946
947
948
949
950
951
952
953
954
955
956
957
958
959
960
961
962
963
964
965
966
967
968
969
970
971
972
973
974
975
976
977
978
979
980
981
982
983
984
985
986
987
988
989
990
991
992
993
994
995
996
997
998
999
1000
1001
1002
1003
1004
1005
1006
1007
1008
1009
1010
1011
1012
1013
1014
1015
1016
1017
1018
1019
1020
1021
1022
1023
1024
1025
1026
1027
1028
1029
1030
1031
1032
1033
1034
1035
1036
1037
1038
1039
1040
1041
1042
1043
1044
1045
1046
1047
1048
1049
1050
1051
1052
1053
1054
1055
1056
1057
1058
1059
1060
1061
1062
1063
1064
1065
1066
1067
1068
1069
1070
1071
1072
1073
1074
1075
1076
1077
1078
1079
1080
1081
1082
1083
1084
1085
1086
1087
1088
1089
1090
1091
1092
1093
1094
1095
1096
1097
1098
1099
1100
1101
1102
1103
1104
1105
1106
1107
1108
1109
1110
1111
1112
1113
1114
1115
1116
1117
1118
1119
1120
1121
1122
1123
1124
1125
1126
1127
1128
1129
1130
1131
1132
1133
1134
1135
1136
1137
1138
1139
1140
1141
1142
1143
1144
1145
1146
1147
1148
1149
1150
1151
1152
1153
1154
1155
1156
1157
1158
1159
1160
1161
1162
1163
1164
1165
1166
1167
1168
1169
1170
1171
1172
1173
1174
1175
1176
1177
1178
1179
1180
1181
1182
1183
1184
1185
1186
1187
1188
1189
1190
1191
1192
1193
1194
1195
1196
1197
1198
1199
1200
1201
1202
1203
1204
1205
1206
1207
1208
1209
1210
1211
1212
1213
1214
1215
1216
1217
1218
1219
1220
1221
1222
1223
1224
1225
1226
1227
1228
1229
1230
1231
1232
1233
1234
1235
1236
1237
1238
1239
1240
1241
1242
1243
1244
1245
1246
1247
1248
1249
1250
1251
1252
1253
1254
1255
1256
1257
1258
1259
1260
1261
1262
1263
1264
1265
1266
1267
1268
1269
1270
1271
1272
1273
1274
1275
1276
1277
1278
1279
1280
1281
1282
1283
1284
1285
1286
1287
1288
1289
1290
1291
1292
1293
1294
1295
1296
1297
1298
1299
1300
1301
1302
1303
1304
1305
1306
1307
1308
1309
1310
1311
1312
1313
1314
1315
1316
1317
1318
1319
1320
1321
1322
1323
1324
1325
1326
1327
1328
1329
1330
1331
1332
1333
1334
1335
1336
1337
1338
1339
1340
1341
1342
1343
1344
1345
1346
1347
1348
1349
1350
1351
1352
1353
1354
1355
1356
1357
1358
1359
1360
1361
1362
1363
1364
1365
1366
1367
1368
1369
1370
1371
1372
1373
1374
1375
1376
1377
1378
1379
1380
1381
1382
1383
1384
1385
1386
1387
1388
1389
1390
1391
1392
1393
1394
1395
1396
1397
1398
1399
1400
1401
1402
1403
1404
1405
1406
1407
1408
1409
1410
1411
1412
1413
1414
1415
1416
1417
1418
1419
1420
1421
1422
1423
1424
1425
1426
1427
1428
1429
1430
1431
1432
1433
1434
1435
1436
1437
1438
1439
1440
1441
1442
1443
1444
1445
1446
1447
1448
1449
1450
1451
1452
1453
1454
1455
1456
1457
1458
1459
1460
1461
1462
1463
1464
1465
1466
1467
1468
1469
1470
1471
1472
1473
1474
1475
1476
1477
1478
1479
1480
1481
1482
1483
1484
1485
1486
1487
1488
1489
1490
1491
1492
1493
1494
1495
1496
1497
1498
1499
1500
1501
1502
1503
1504
1505
1506
1507
1508
1509
1510
1511
1512
1513
1514
1515
1516
1517
1518
1519
1520
1521
1522
1523
1524
1525
1526
1527
1528
1529
1530
1531
1532
1533
1534
1535
1536
1537
1538
1539
1540
1541
1542
1543
1544
1545
1546
1547
1548
1549
1550
1551
1552
1553
1554
1555
1556
1557
1558
1559
1560
1561
1562
1563
1564
1565
1566
1567
1568
1569
1570
1571
1572
1573
1574
1575
1576
1577
1578
1579
1580
1581
1582
1583
1584
1585
1586
1587
1588
1589
1590
1591
1592
1593
1594
1595
1596
1597
1598
1599
1600
1601
1602
1603
1604
1605
1606
1607
1608
1609
1610
1611
1612
1613
1614
1615
1616
1617
1618
1619
1620
1621
1622
1623
1624
1625
1626
1627
1628
1629
1630
1631
1632
1633
1634
1635
1636
1637
1638
1639
1640
1641
1642
1643
1644
1645
1646
1647
1648
1649
1650
1651
1652
1653
1654
1655
1656
1657
1658
1659
1660
1661
1662
1663
1664
1665
1666
1667
1668
1669
1670
1671
1672
1673
1674
1675
1676
1677
1678
1679
1680
1681
0.09999999999724768 -0.9000000000000001 0
-0.9000000000000001 2.496503004323358e-12 0
2.762956530233396e-12 0.9000000000002666 0
0.9000000000000001 -2.496503004323358e-12 0
-0.39999999999828 0.8999999999997588 0
0.8999999999997228 0.2999999999980583 0
0.9000000000002775 -0.4000000000016644 0
-0.8999999999997228 -0.2999999999980583 0
-0.3000000000019326 -0.9000000000002681 0
0.3000000000019202 0.9000000000002624 0
-0.9000000000002775 0.4000000000016644 0
0.4999999999985461 -0.8999999999997714 0
-0.6999999999993192 0.8999999999998324 0
0.9000000000002775 -0.7000000000008322 0
-0.8999999999997226 -0.5999999999988905 0
0.8999999999997226 0.5999999999988905 0
-0.7000000000008322 -0.9000000000002775 0
0.7000000000008322 0.9000000000002775 0
-0.9000000000002775 0.8000000000005547 0
0.8999999999997649 -0.8999999999999631 0
-0.8999999999997228 -0.7999999999994454 0
0.8999999999997228 0.7999999999994454 0
-0.8000000000005548 -0.9000000000002775 0
0.8000000000005548 0.9000000000002775 0
0.2999999999980582 -0.8999999999997227 0
-0.19999999999777 0.8999999999997335 0
-2.54166826474389e-12 -0.9000000000002202 0
0.9000000000002772 -0.2000000000022191 0
-0.9000000000002772 0.2000000000022191 0
-0.8999999999997227 -0.3999999999983356 0
0.7999999999994563 -0.8999999999997548 0
0.8999999999997335 0.0999999999975143 0
-0.8999999999997335 -0.0999999999975143 0
0.8999999999997227 0.3999999999983356 0
0.6999999999991467 -0.8999999999997925 0
-0.5999999999988903 0.8999999999997226 0
-0.1000000000024965 -0.9000000000002772 0
-0.4000000000016644 -0.9000000000002774 0
0.1000000000024965 0.9000000000002772 0
0.4000000000016644 0.9000000000002774 0
-0.9000000000002774 0.6000000000011096 0
0.9000000000002774 -0.6000000000011096 0
-0.5000000000013871 -0.9000000000002774 0
0.5000000000013871 0.9000000000002774 0
-0.9000000000000199 0.9000000000001124 0
-0.9000000000000001 -0.9000000000000001 0
0.9000000000000001 0.9000000000000001 0
-2.501293278351759e-12 -0.8000000000004925 0
0.8000000000001893 -2.296510204224944e-12 0
0.1000000000025121 0.8000000000005281 0
-0.8000000000001992 2.286608402624069e-12 0
0.7999999999996286 0.2999999999981861 0
0.4000000000015877 0.800000000000478 0
-0.7999999999996821 -0.2999999999982345 0
-0.3000000000018681 -0.8000000000004697 0
-0.6999999999990933 0.7999999999995195 0
0.8000000000004774 -0.7000000000009097 0
-0.8000000000002971 0.8000000000000198 0
0.1999999999972585 -0.8999999999999891 0
-0.09999999999723698 0.9 0
-0.8999999999999325 -0.1999999999975818 0
0.8999999999999225 0.1999999999975917 0
0.3999999999981951 -0.8999999999998488 0
0.9000000000002568 -0.1000000000024613 0
-0.2999999999979103 0.8999999999998569 0
-0.9000000000002366 0.1000000000024276 0
-0.8999999999998015 -0.4999999999985341 0
0.599999999998844 -0.8999999999997688 0
-0.8999999999997664 -0.6999999999991241 0
0.8999999999997623 0.6999999999991282 0
0.8999999999997804 0.4999999999985553 0
-0.4999999999985861 0.8999999999997493 0
0.9000000000002762 -0.3000000000019406 0
0.9000000000002462 -0.5000000000013558 0
-0.200000000002196 -0.9000000000002543 0
0.2000000000021934 0.9000000000002516 0
-0.4000000000015654 -0.8000000000004486 0
-0.9000000000002357 0.3000000000019 0
-0.6000000000010512 -0.9000000000002191 0
0.6000000000010502 0.9000000000002181 0
-0.9000000000002168 0.5000000000013265 0
-0.9000000000001981 0.7000000000007528 0
-0.7999999999998219 0.8999999999998217 0
0.9000000000000772 -0.7999999999998 0
-0.7000000000006849 -0.8000000000004075 0
-0.7999999999997028 -0.8000000000002574 0
0.7000000000006832 0.8000000000004059 0
0.7999999999997013 0.800000000000256 0
0.7999999999993014 -0.799999999999589 0
-0.299999999997814 0.7999999999998253 0
-0.8000000000004791 0.4000000000016984 0
0.3999999999980779 -0.7999999999998594 0
0.80000000000055 -0.400000000001668 0
-0.3000000000017761 -0.7000000000006842 0
-0.7999999999996554 -0.4999999999986858 0
0.7999999999996155 0.4999999999986733 0
-0.7999999999998966 -0.1999999999978672 0
0.7999999999998268 0.1999999999978587 0
-0.1000000000022528 -0.8000000000005241 0
0.2000000000022735 0.8000000000004902 0
0.5000000000014022 0.8000000000004629 0
-0.500000000001412 -0.8000000000004571 0
0.700000000000513 -0.6999999999996246 0
-0.7999999999991282 0.699999999999985 0
0.1999999999981486 -0.8000000000000795 0
0.09999999999746201 -0.8000000000002717 0
-0.8000000000000489 -0.09999999999765696 0
-0.0999999999978459 0.8000000000000759 0
2.760777717547569e-12 0.8000000000005152 0
0.7999999999998632 0.09999999999757384 0
0.5999999999987876 -0.7999999999995938 0
-0.4999999999985552 0.7999999999995296 0
-0.8000000000004985 0.1000000000020391 0
-0.7999999999996812 -0.3999999999983728 0
0.8000000000004106 -0.1000000000022175 0
0.7999999999996299 0.3999999999983597 0
-0.5999999999989467 0.7999999999995759 0
-0.7999999999995893 -0.6999999999990678 0
0.7999999999995786 0.6999999999990743 0
0.8000000000005073 -0.6000000000011259 0
-0.2000000000021078 -0.8000000000004754 0
0.6999999999992208 -0.7999999999996419 0
0.8000000000005004 -0.2000000000021407 0
-0.8000000000004943 0.2000000000021172 0
0.3000000000018793 0.8000000000004631 0
0.6000000000007965 0.8000000000003313 0
-0.6000000000008018 -0.800000000000336 0
-0.800000000000443 0.6000000000011608 0
0.7000000000005766 -0.1000000000021613 0
0.1000000000023121 0.7000000000007299 0
-0.700000000000743 0.1000000000020421 0
0.09999999999800868 -0.7000000000004699 0
0.6999999999998265 0.1999999999979286 0
-0.6999999999999666 -0.199999999997955 0
-0.6999999999996949 -0.3999999999984793 0
-0.5000000000009115 -0.7000000000005668 0
0.4000000000013502 0.7000000000006084 0
0.6999999999995544 0.3999999999986422 0
0.6000000000004013 -0.6999999999996599 0
-0.599999999998608 0.6999999999995232 0
-0.700000000000501 0.6000000000000429 0
-0.1000000000022591 -0.7000000000007646 0
2.141024791320267e-12 0.7000000000005825 0
0.4999999999981333 -0.7999999999996673 0
-0.3999999999979247 0.7999999999996121 0
0.7000000000006412 -0.5999999999997584 0
-0.7999999999996135 -0.5999999999988274 0
0.7999999999995933 0.5999999999988309 0
0.2999999999980498 -0.7999999999998215 0
-0.1999999999977769 0.7999999999998024 0
-0.7000000000004115 2.27291796495166e-12 0
-0.8000000000004265 0.3000000000018893 0
0.7000000000002936 -2.306513941481503e-12 0
0.8000000000005141 -0.3000000000019253 0
-0.2000000000019746 -0.7000000000006739 0
0.8000000000004541 -0.5000000000013338 0
-0.8000000000003449 0.5000000000012889 0
0.2000000000020002 0.7000000000007003 0
0.5000000000009114 0.7000000000005777 0
-0.6999999999991027 0.699999999999494 0
-0.4000000000013483 -0.700000000000609 0
-0.6999999999995923 -0.7000000000004106 0
0.6999999999995743 0.7000000000004016 0
0.1000000000018743 0.6000000000008476 0
-0.6000000000009688 0.1000000000020472 0
-0.1000000000021596 -0.6000000000009496 0
0.6000000000007311 -0.100000000002185 0
0.6000000000007705 -0.5999999999997653 0
-0.6000000000005434 0.5999999999995657 0
-0.3000000000014958 -0.6000000000008215 0
0.3999999999979533 -0.6999999999999558 0
-0.2999999999978831 0.6999999999998107 0
0.4000000000010501 0.6000000000007742 0
-0.6999999999995981 -0.6000000000003952 0
0.6999999999995624 0.6000000000003707 0
-0.4999999999985943 0.6999999999995159 0
0.7000000000006834 -0.400000000000901 0
-0.7000000000005747 0.4000000000011427 0
0.5000000000006235 -0.6999999999997355 0
-0.6999999999996406 -0.4999999999986858 0
0.6999999999995679 0.4999999999986658 0
-2.47769860184377e-12 -0.7000000000007379 0
-0.700000000000208 -0.09999999999775169 0
0.700000000000049 0.09999999999772011 0
-0.6999999999997861 -0.2999999999982448 0
0.6999999999996563 0.2999999999982819 0
-0.7000000000006975 0.2000000000020924 0
0.7000000000007117 -0.2000000000019814 0
0.1999999999981195 -0.7000000000002318 0
-0.09999999999785797 0.7000000000002157 0
0.3000000000016252 0.7000000000006408 0
-0.4000000000010573 -0.6000000000007562 0
-0.5999999999996422 -0.7000000000003858 0
0.5999999999996203 0.7000000000003773 0
-0.7000000000004936 0.5000000000005631 0
0.7000000000006378 -0.5000000000002511 0
-0.600000000000104 -0.1999999999981281 0
-0.3000000000009682 -0.5000000000009763 0
0.5999999999998857 0.1999999999983462 0
-0.5000000000005832 0.5999999999995556 0
0.09999999999833767 -0.6000000000006208 0
-0.6000000000009033 0.2000000000018415 0
0.6000000000008593 -0.2000000000020401 0
0.200000000001646 0.6000000000008379 0
-0.5999999999996851 -0.3999999999987294 0
-0.59999999999967 -0.5000000000004247 0
0.5999999999995923 0.6000000000004072 0
0.5000000000008129 -0.5999999999998877 0
0.5999999999995788 0.4999999999986313 0
-2.21687709761571e-12 -0.6000000000008957 0
-0.3999999999982448 0.6999999999996582 0
0.5999999999996922 0.2999999999985835 0
-0.5000000000009207 -0.6000000000006943 0
-0.199999999997869 0.6999999999999976 0
0.2999999999980092 -0.6999999999999666 0
0.7000000000007054 -0.3000000000015424 0
0.6000000000004279 -2.281725734280352e-12 0
-0.6000000000006459 2.218222133754111e-12 0
2.005306965453746e-12 0.6000000000007157 0
-0.700000000000591 0.3000000000018713 0
-0.2000000000019405 -0.6000000000008447 0
0.3000000000011979 0.6000000000008091 0
-0.5999999999996418 -0.6000000000004295 0
0.5000000000009315 0.6000000000006964 0
0.6000000000009287 -0.4000000000000947 0
0.600000000000765 -0.4999999999998991 0
-0.6000000000007816 0.4000000000002614 0
-0.6000000000005187 0.4999999999996408 0
0.1000000000016503 0.5000000000009801 0
-1.666997393298278e-12 -0.5000000000010382 0
-0.5000000000011704 0.1000000000020547 0
0.5000000000009921 -0.200000000002055 0
-0.1999999999979598 0.6000000000000727 0
0.4999999999999994 0.1999999999987544 0
0.3000000000011779 0.5000000000009369 0
-0.4000000000006412 0.5999999999996949 0
-0.400000000000492 -0.5000000000008207 0
0.2999999999983503 -0.600000000000132 0
0.4000000000007406 -0.6000000000000657 0
-0.6000000000003501 -0.09999999999785791 0
0.6000000000001087 0.0999999999978171 0
-0.5999999999998531 -0.2999999999984001 0
-0.09999999999794619 0.6000000000003907 0
0.1999999999981629 -0.6000000000004329 0
0.5999999999996011 0.3999999999986195 0
0.5000000000010593 -0.4000000000000297 0
0.5000000000009002 -0.4999999999999736 0
0.5000000000008811 -0.1000000000021858 0
-0.5000000000008893 0.3999999999997486 0
-0.500000000000595 0.4999999999996319 0
-0.1000000000016799 -0.5000000000010676 0
-0.2000000000013673 -0.5000000000010184 0
-0.4999999999997669 -0.4000000000005065 0
-0.4999999999997617 -0.5000000000007859 0
-0.6000000000007906 0.3000000000009508 0
0.4000000000010345 0.5000000000008772 0
0.4999999999996445 0.5000000000007621 0
0.6000000000008604 -0.3000000000002438 0
-0.1000000000013019 -0.4000000000013125 0
0.4000000000011297 -0.2000000000020482 0
-0.5000000000004731 -0.09999999999849173 0
0.1999999999982469 -0.5000000000005892 0
0.3000000000011507 0.4000000000010532 0
-0.4999999999999459 -0.300000000000635 0
0.5000000000002525 0.09999999999819217 0
-0.09999999999810616 0.5000000000004932 0
0.4999999999997222 0.299999999998861 0
-0.5000000000010897 0.2000000000018682 0
0.2999999999996581 -0.5000000000003579 0
-0.2999999999981696 0.5999999999999065 0
0.3999999999997336 0.4000000000009662 0
0.5000000000005621 -2.161216807368878e-12 0
-0.5000000000008226 2.061816396941649e-12 0
-0.2000000000013668 -0.4000000000011915 0
1.849333517011162e-12 0.5000000000008579 0
0.4000000000011927 -0.4000000000001039 0
-0.400000000000938 0.3999999999998083 0
-0.4000000000006846 0.4999999999997846 0
0.0999999999983399 -0.5000000000007999 0
0.4999999999996709 0.4000000000008319 0
0.4000000000007745 -0.5000000000001308 0
0.200000000001314 0.5000000000010034 0
-0.3999999999999024 -0.4000000000010776 0
0.5000000000009979 -0.3000000000019175 0
-0.5000000000008804 0.2999999999998897 0
1.734669121307893e-12 0.4000000000009634 0
-0.4000000000013583 0.1000000000020586 0
-0.1000000000015449 -0.3000000000014906 0
-0.4000000000001223 -0.3000000000011432 0
0.4000000000002903 0.09999999999887048 0
0.09999999999841452 -0.4000000000009675 0
0.3000000000013422 -0.4000000000003955 0
-0.4000000000010216 0.2999999999998845 0
-0.5000000000002763 -0.1999999999983213 0
-0.4000000000009956 1.325196896662106e-12 0
-0.3000000000010525 0.4000000000000083 0
-0.199999999998276 0.5000000000001393 0
-0.3000000000007898 0.5000000000000162 0
-1.482987344036957e-12 -0.400000000001292 0
0.4000000000001057 0.1999999999987643 0
0.2999999999998521 0.3000000000011717 0
0.1000000000013493 0.4000000000010927 0
0.399999999999796 0.3000000000010711 0
0.4000000000010208 -0.1000000000021879 0
0.2000000000012815 0.4000000000011342 0
-0.3000000000000613 -0.4000000000011535 0
0.4000000000011573 -0.3000000000011774 0
-0.3000000000015365 0.100000000001147 0
-0.2000000000012582 0.400000000000245 0
0.3000000000012459 -0.2000000000014906 0
-0.4000000000004191 -0.2000000000008161 0
-0.3000000000012178 0.3000000000002693 0
-0.300000000000251 -0.3000000000013114 0
0.1000000000008807 0.3000000000012415 0
-0.09999999999812306 0.4000000000006151 0
0.1999999999989318 -0.40000000000074 0
-0.4000000000006527 -0.09999999999849518 0
0.3000000000004694 0.09999999999979596 0
0.3000000000002194 0.2000000000011161 0
0.4000000000006834 -2.025729451907022e-12 0
-1.4145143389932e-12 -0.300000000001463 0
-0.200000000001369 -0.3000000000013675 0
0.3000000000012896 -0.3000000000005447 0
0.1999999999999817 0.3000000000012639 0
-0.4000000000012487 0.2000000000000435 0
-0.1000000000012403 -0.2000000000016648 0
0.3000000000008118 -8.024865494338229e-13 0
-0.3000000000008352 -0.1000000000011619 0
-0.1000000000006981 0.3000000000007764 0
1.738852117849632e-12 0.3000000000012399 0
-0.3000000000011696 1.32101274363805e-12 0
0.2000000000005479 0.1000000000014289 0
0.3000000000011349 -0.1000000000019021 0
0.08479017742712915 0.2017969801494104 0
-0.2000000000004174 -0.2000000000015339 0
0.2000000000003621 0.2000000000013958 0
-0.3000000000005993 -0.2000000000014744 0
-0.200000000001311 0.3000000000003901 0
0.0999999999988459 -0.3000000000011483 0
0.200000000001445 -0.30000000000091 0
-0.300000000001415 0.2000000000009807 0
0.1211324865407274 0.1211324865416728 0
-0.2000000000017063 0.1000000000011512 0
0.2000000000013067 -0.100000000000835 0
-0.2000000000013456 -2.225835256849014e-13 0
0.2000000000009563 1.56894636171856e-12 0
-0.005998012420408021 0.2052997178349389 0
0.1000000000005792 -0.2000000000013243 0
-1.411898375991427e-12 -0.2000000000016346 0
-0.1000000000005891 -0.1000000000018365 0
-0.2000000000008822 -0.1000000000013721 0
0.2000000000014255 -0.2000000000010632 0
-0.10099966873791 0.2008832863065408 0
-0.2000000000015691 0.2000000000005443 0
0.005382694849099284 0.1080544969424135 0
0.1000000000014617 -0.1000000000014526 0
0.1044420326421692 0.0320266350716521 0
-0.1000000000015068 -2.003106014392131e-12 0
-7.553818681671487e-13 -0.1000000000018009 0
-0.1000000000018645 0.1000000000010623 0
-1.663669202400797e-12 1.689572093344083e-12 0
0.1022210163218154 -0.03398668246490026 0
0.05222101632025275 0.01601331753667084 0
0.049999999999899 -0.04999999999988152 0
0.150000000001209 -0.04999999999994184 0
0.1522210163215627 0.01601331753661052 0
0.06325759069491335 0.1145934917420431 0
0.05491236374563423 0.07004056600703279 0
0.1127872595914483 0.07657956080666245 0
0.1029613319839283 0.1614647333455416 0
0.04508643613811422 0.154925738545912 0
0.002691347423717808 0.05402724847205152 0
0.9499999999998613 -0.9500000000001387 0
-0.0500000000011311 -0.050000000001902 0
-1.209525535283973e-12 -0.05000000000005567 0
-0.05000000000158525 -1.567669605240241e-13 0
0.05000000000035314 -0.1000000000016268 0
-0.04999999999947963 0.3000000000010081 0
-0.05299900621055308 0.2526498589178577 0
-0.002999006209334585 0.2526498589180894 0
-0.09999999999941059 0.3500000000006958 0
-0.04999999999819211 0.3500000000009275 0
-0.1499999999996906 0.4000000000004301 0
-0.1500000000009782 0.3500000000005107 0
-0.1999999999997671 0.4500000000001922 0
-0.1499999999981995 0.4500000000003772 0
0.2500000000001371 -0.4000000000005677 0
0.2500000000013937 -0.3500000000006527 0
0.2000000000001884 -0.350000000000825 0
0.3000000000005002 -0.4500000000003767 0
0.249999999999295 -0.450000000000549 0
-0.1500000000014262 -1.112844770038516e-12 0
-0.1000000000016857 0.04999999999952958 0
-0.150000000001605 0.05000000000041984 0
-0.05000000000176409 0.05000000000137592 0
0.1499999999988889 -0.3500000000009442 0
0.1500000000001455 -0.3000000000010292 0
0.1500000000010121 -0.2500000000011171 0
0.09999999999971255 -0.2500000000012363 0
0.04999999999958366 -0.2000000000014794 0
0.049999999998717 -0.2500000000013914 0
0.04999999999991191 -0.1500000000015626 0
-1.083640122079288e-12 -0.1500000000017178 0
0.2000000000011315 -0.04999999999963303 0
0.1500000000013842 -0.1000000000011438 0
0.3499999999995455 -0.6000000000000989 0
0.3500000000001994 -0.5500000000002119 0
0.2999999999990042 -0.550000000000245 0
0.2499999999989525 -0.5000000000004736 0
0.1999999999985894 -0.4500000000006646 0
-0.4000000000005359 -0.1499999999996556 0
-0.3500000000006271 -0.150000000000989 0
-0.3500000000007439 -0.09999999999982856 0
0.2499999999982986 -0.5500000000003606 0
-0.4500000000003477 -0.1999999999995687 0
-0.4500000000004645 -0.1499999999984082 0
0.3499999999981518 -0.6500000000000439 0
0.399999999999347 -0.6500000000000108 0
-0.3000000000010024 -0.04999999999992046 0
-0.3500000000009111 -0.04999999999858708 0
-0.2500000000010904 -0.05000000000069225 0
-0.2500000000012576 5.492146089765744e-13 0
-0.250000000001438 0.05000000000123611 0
-0.200000000001526 0.05000000000046431 0
-0.1500000000017854 0.1000000000011067 0
-0.2499999999995329 0.5000000000000777 0
-0.250000000001024 0.4500000000001306 0
-0.2499999999982228 0.5500000000000229 0
-0.2999999999994797 0.5499999999999614 0
-0.3499999999994054 0.5999999999998007 0
-0.3500000000007155 0.5499999999998555 0
-0.399999999999443 0.6499999999996766 0
-0.3499999999982072 0.6499999999997823 0
0.4499999999992884 -0.6999999999998456 0
0.4500000000006821 -0.6499999999999007 0
0.4499999999980433 -0.7499999999998115 0
0.4999999999993784 -0.7499999999997014 0
0.2500000000010593 -0.05000000000081874 0
0.2500000000008841 3.832299061423683e-13 0
0.3000000000003444 0.150000000000456 0
0.2500000000003837 0.1500000000012725 0
0.2500000000005087 0.1000000000006124 0
0.3500000000002876 0.1499999999992801 0
0.3500000000001626 0.1999999999999402 0
0.1000000000010204 -0.1500000000013885 0
-0.5000000000001111 -0.2499999999994781 0
-0.4500000000001825 -0.2500000000007255 0
-0.5499999999998995 -0.2999999999995175 0
-0.5500000000000647 -0.2499999999983607 0
0.3999999999999508 0.2499999999999177 0
0.3500000000000077 0.2500000000010936 0
0.449999999999914 0.2499999999988126 0
0.4499999999997591 0.2999999999999661 0
0.4999999999996966 0.3499999999998464 0
0.4499999999997334 0.3500000000009515 0
0.5499999999996616 0.3499999999987402 0
0.549999999999636 0.3999999999997257 0
0.03939608250336056 0.2035483489921747 0
-0.0003076587856543685 0.1566771073886762 0
-0.05349884057915902 0.2030915020707398 0
-0.04780848694440536 0.1544688916244771 0
-0.1004998343693041 0.2504416431536586 0
0.5999999999995855 0.5499999999995193 0
0.5499999999996183 0.5500000000005847 0
0.5499999999996117 0.4999999999996967 0
0.64999999999958 0.5499999999995365 0
0.6499999999995734 0.4999999999986486 0
-0.5999999999996776 -0.449999999999577 0
-0.5499999999997185 -0.4500000000004656 0
-0.549999999999726 -0.3999999999996179 0
-0.6499999999996628 -0.4499999999987075 0
-0.6499999999996553 -0.4999999999995552 0
0.6999999999995652 0.5499999999995182 0
0.6499999999995774 0.6000000000003889 0
-0.6999999999996194 -0.5499999999995405 0
-0.649999999999634 -0.5500000000004099 0
-0.7499999999996058 -0.5999999999996113 0
-0.749999999999627 -0.5499999999987566 0
0.7499999999995779 0.5999999999996009 0
0.7499999999995806 0.5499999999987484 0
0.3000000000009734 -0.0500000000013523 0
0.2500000000012208 -0.1000000000013685 0
0.3500000000007476 -1.414108000670423e-12 0
0.3500000000009091 -0.05000000000196392 0
0.4000000000004869 0.04999999999842238 0
0.3500000000005511 0.049999999999034 0
0.4500000000002714 0.09999999999853132 0
0.4500000000004679 0.04999999999808322 0
0.5000000000004072 0.04999999999801548 0
0.4500000000006227 -2.09347312963795e-12 0
0.5500000000001806 0.09999999999800463 0
0.5500000000003353 0.04999999999782794 0
-0.7499999999996952 0.7999999999997697 0
-0.7999999999997127 0.7500000000000024 0
-0.7499999999991107 0.7499999999997522 0
-0.7999999999996461 -0.7499999999996626 0
-0.7499999999996476 -0.750000000000334 0
-0.7499999999995908 -0.6999999999997393 0
-0.8499999999996631 0.7000000000003689 0
-0.8500000000003205 0.6500000000009568 0
-0.7999999999997855 0.6500000000005729 0
0.7999999999996399 0.7499999999996652 0
0.7499999999996378 0.7500000000003288 0
0.7499999999995764 0.6999999999997379 0
-0.8500000000002477 0.7500000000003864 0
-0.6999999999992063 0.8499999999996759 0
-0.7499999999998082 0.8499999999999261 0
-0.8499999999997128 -0.7999999999998514 0
-0.849999999999656 -0.7499999999992566 0
0.8499999999997121 0.7999999999998506 0
0.8499999999996507 0.7499999999992598 0
0.1499999999978053 -0.8000000000001757 0
0.1499999999980786 -0.7500000000002747 0
0.09999999999773534 -0.7500000000003708 0
0.1999999999977035 -0.8500000000000343 0
0.1499999999973602 -0.8500000000001304 0
-0.7499999999995706 0.899999999999827 0
-0.8000000000000596 0.8499999999999208 0
0.04999999999776549 -0.7000000000006039 0
0.04999999999749215 -0.7500000000005048 0
0.0499999999978959 -0.6500000000006828 0
-2.34728784972974e-12 -0.6500000000008168 0
-0.600000000000227 -0.149999999997993 0
-0.5500000000002885 -0.1499999999983099 0
-0.5500000000004116 -0.09999999999817483 0
-0.6500000000000353 -0.1999999999980415 0
-0.6500000000001585 -0.1499999999979064 0
-0.5000000000006478 -0.04999999999821496 0
-0.4500000000007344 -0.04999999999858326 0
-0.4500000000009091 1.693506646801878e-12 0
-0.5500000000005864 -0.04999999999789805 0
-0.1000000000010479 -0.0500000000019198 0
-0.05000000000067223 -0.1000000000018187 0
0.2499999999976583 -0.8999999999998559 0
0.2499999999981034 -0.8499999999999011 0
-0.4500000000010904 0.0500000000020602 0
-0.400000000001177 0.05000000000169189 0
-0.3500000000012661 0.05000000000123612 0
-0.3500000000014474 0.1000000000016028 0
-0.7000000000000873 -0.1499999999978533 0
-0.650000000000279 -0.0999999999978048 0
-0.7999999999999727 -0.1499999999977621 0
-0.7500000000000523 -0.1499999999978094 0
-0.7500000000001285 -0.09999999999770433 0
0.09999999999817318 -0.6500000000005454 0
0.04999999999806039 -0.6000000000007583 0
-0.7499999999999316 -0.1999999999979111 0
0.04999999999833533 -0.5500000000008295 0
-1.941937245456994e-12 -0.5500000000009669 0
-0.8499999999999146 -0.1999999999977245 0
-0.8499999999999908 -0.1499999999976194 0
-0.05000000000167346 -0.5000000000010529 0
-0.0500000000019484 -0.5500000000009817 0
-0.05000000000148443 -0.4500000000011753 0
-0.1000000000014909 -0.4500000000011901 0
0.8500000000002773 -0.7500000000003548 0
0.7999999999998895 -0.7500000000002494 0
0.8499999999996892 -0.7999999999996945 0
-0.8500000000001389 -0.8499999999998614 0
-0.8000000000001288 -0.8500000000002674 0
0.8500000000001389 0.8499999999998614 0
0.8000000000001281 0.8500000000002668 0
-0.8999999999998615 -0.8499999999997228 0
-0.8500000000002774 -0.9000000000001388 0
0.8999999999998615 0.8499999999997228 0
0.8500000000002774 0.9000000000001388 0
0.2499999999979195 -0.9499999999998614 0
0.1999999999975197 -0.9499999999999946 0
-0.04999999999754256 0.8000000000002956 0
-0.04999999999785244 0.7500000000003292 0
2.450901254433918e-12 0.7500000000005489 0
-0.4499999999984196 0.6999999999995871 0
-0.4499999999996178 0.6499999999996053 0
-0.09999999999754144 0.8500000000000379 0
-0.0499999999972381 0.8500000000002577 0
0.8499999999997667 -0.8499999999997774 0
0.7999999999993788 -0.8499999999996719 0
0.5999999999999972 0.1499999999980816 0
0.5500000000000691 0.1499999999982692 0
-0.4999999999985748 0.7499999999995228 0
-0.4499999999984 0.7499999999995939 0
0.6499999999998561 0.1999999999981374 0
0.6499999999999676 0.1499999999978729 0
0.5499999999984605 -0.7999999999996306 0
0.5499999999997056 -0.7499999999996647 0
0.05000000000253642 0.7500000000006226 0
0.05000000000222654 0.7000000000006562 0
0.05000000000200765 0.6500000000007151 0
0.1000000000020932 0.6500000000007888 0
0.6999999999999378 0.1499999999978244 0
0.6500000000000788 0.0999999999977686 0
-0.4499999999982399 0.7999999999995708 0
-0.3999999999980847 0.7499999999996352 0
-0.5999999999997692 -0.3499999999985647 0
-0.5499999999998155 -0.3499999999996822 0
0.7999999999998451 0.1499999999977162 0
0.7499999999999379 0.1499999999977894 0
0.749999999999956 0.09999999999764697 0
0.7499999999998267 0.1999999999978936 0
-0.1499999999975035 0.8999999999998667 0
-0.1499999999978079 0.8499999999999046 0
-0.6499999999996899 -0.3999999999986044 0
-0.649999999999774 -0.3499999999984397 0
0.8499999999998746 0.1999999999977252 0
0.8499999999998928 0.1499999999975828 0
0.5499999999986669 -0.8499999999996826 0
0.4999999999983397 -0.8499999999997194 0
-0.6999999999997405 -0.3499999999983621 0
-0.6499999999998196 -0.2999999999983225 0
-0.4500000000001294 -0.4500000000006635 0
-0.4000000000001972 -0.4500000000009491 0
-0.4499999999998346 -0.4000000000007921 0
-0.1500000000005033 -0.1500000000016852 0
-0.1500000000007357 -0.1000000000016043 0
-0.2000000000006498 -0.150000000001453 0
-0.1500000000011945 -0.05000000000168758 0
-0.4999999999997643 -0.4500000000006462 0
-0.4500000000001269 -0.5000000000008034 0
0.8499999999996106 -0.8999999999998589 0
0.8999999999999211 -0.8499999999998815 0
0.5999999999997889 0.2499999999984648 0
0.5499999999998458 0.2499999999986689 0
0.5499999999999425 0.1999999999985503 0
-0.4499999999984176 0.8499999999996442 0
-0.3999999999981023 0.8499999999996855 0
-0.749999999999688 -0.3999999999984261 0
-0.7499999999997337 -0.3499999999983088 0
0.649999999999771 0.249999999998314 0
0.6499999999996743 0.2999999999984326 0
0.6999999999996054 0.349999999998462 0
0.6499999999996233 0.3499999999986128 0
-0.6499999999988553 0.6999999999995086 0
-0.6499999999998231 0.6499999999995298 0
-0.5999999999995758 0.6499999999995445 0
-0.1499999999976367 0.9499999999998667 0
-0.09999999999737019 0.95 0
-0.8999999999998276 -0.24999999999782 0
-0.8499999999998097 -0.2499999999979627 0
0.7499999999995921 0.3999999999985009 0
0.7499999999996432 0.3499999999983208 0
-0.5999999999987773 0.7499999999995496 0
-0.6499999999990247 0.749999999999535 0
0.6499999999990043 -0.7999999999996179 0
0.6499999999998111 -0.7499999999996509 0
0.5999999999995944 -0.7499999999996269 0
-0.7499999999993823 0.9499999999999162 0
-0.7999999999996337 0.9499999999999109 0
-0.7999999999996683 -0.4499999999985293 0
-0.7499999999996751 -0.4499999999985826 0
0.9499999999998825 -0.850000000000259 0
0.9499999999998825 -0.9000000000001203 0
0.8999999999998227 0.249999999997825 0
0.8499999999997748 0.2499999999979585 0
-0.04730865257638261 0.1040272484717379 0
-0.1004998343698873 0.1504416431538015 0
-0.9499999999998614 -0.849999999999584 0
-0.9500000000000001 -0.8999999999998614 0
0.9499999999998614 0.849999999999584 0
0.9500000000000001 0.8999999999998614 0
0.1423950887137456 0.2008984900754031 0
0.1605662432705448 0.1605662432715343 0
0.09239508871400495 0.2508984900753259 0
0.1500000000006214 0.2500000000013187 0
-0.5499999999997158 -0.5000000000006053 0
0.2000000000013661 -0.1500000000009491 0
0.1500000000014436 -0.1500000000012579 0
0.2500000000012801 -0.1500000000014827 0
0.7999999999996227 0.4499999999985165 0
0.749999999999585 0.4499999999986577 0
0.5999999999988158 -0.8499999999996812 0
0.6499999999990325 -0.8499999999997053 0
-0.5500000000002954 -0.5500000000005595 0
-0.5000000000003412 -0.5500000000007401 0
-0.9499999999998614 -0.2999999999980583 0
-0.9499999999999662 -0.24999999999782 0
-0.5499999999987509 0.7999999999995528 0
-0.5499999999985816 0.7499999999995264 0
-0.8499999999997285 -0.49999999999861 0
-0.8499999999997414 -0.4499999999984534 0
0.4499999999983706 -0.8999999999998101 0
0.4499999999981642 -0.8499999999997581 0
-0.5999999999996559 -0.550000000000427 0
-0.5500000000002813 -0.6000000000005619 0
-0.2000000000008932 -0.2500000000014507 0
-0.2500000000005084 -0.2000000000015042 0
-0.2500000000009842 -0.250000000001421 0
-0.2500000000007408 -0.1500000000014232 0
0.04999999999748088 -0.9500000000001101 0
-2.646955571394827e-12 -0.9500000000001101 0
0.09999999999737555 -0.9500000000000001 0
0.04999999999735301 -0.9000000000001102 0
0.9500000000000001 0.04999999999750346 0
0.9500000000000001 -2.624372941184561e-12 0
-0.9500000000000001 -0.04999999999750346 0
-0.9500000000000001 2.624372941184561e-12 0
0.9500000000000386 -0.8000000000001775 0
0.9499999999998614 0.2999999999980583 0
0.9499999999999613 0.249999999997825 0
-0.3499999999980951 0.8999999999998078 0
-0.3499999999979175 0.8499999999997345 0
-0.9499999999998667 -0.09999999999750886 0
-0.8999999999998668 -0.0499999999975089 0
0.8500000000003337 -0.1000000000023394 0
0.8000000000004555 -0.1500000000021791 0
0.8500000000003787 -0.150000000002301 0
0.8499999999996979 0.4999999999986143 0
0.8499999999997052 0.4499999999984575 0
-0.8000000000004964 0.1500000000020781 0
-0.7500000000006208 0.1000000000020406 0
-0.7500000000006186 0.1500000000020796 0
0.9499999999998667 0.09999999999750886 0
0.8999999999998668 0.0499999999975089 0
-0.8500000000003676 0.1000000000022334 0
-0.8500000000003655 0.1500000000022724 0
-0.1000000000014234 -0.3500000000014016 0
-0.05000000000135818 -0.3500000000013878 0
-0.05000000000147971 -0.3000000000014768 0
-0.05000000000132741 -0.2500000000015639 0
-0.1000000000013926 -0.2500000000015777 0
-0.9499999999999662 -0.1999999999976813 0
-0.04999999999724237 0.95 0
-0.7000000000007203 0.1500000000020673 0
-0.750000000000596 0.2000000000021048 0
-0.5499999999987227 0.8499999999996262 0
-0.5999999999989185 0.8499999999996493 0
0.7500000000005611 -0.1500000000020995 0
0.7500000000006061 -0.2000000000020611 0
0.9499999999999613 0.1999999999976863 0
0.6499999999989954 -0.8999999999997806 0
0.6999999999991837 -0.8499999999997172 0
-0.1504998343697396 0.2004416431535425 0
-0.1500000000017168 0.1500000000008033 0
0.04999999999737319 -0.8500000000002463 0
-2.521480771547825e-12 -0.8500000000003564 0
-0.1504998343696105 0.2504416431534655 0
-0.2000000000014401 0.2500000000004672 0
-0.6500000000006781 0.400000000000702 0
-0.6000000000006501 0.4499999999999511 0
-0.6500000000005467 0.4500000000003918 0
-0.8999999999997446 -0.7499999999992848 0
-0.8499999999996779 -0.699999999999096 0
-0.6500000000008231 0.1500000000019418 0
-0.6500000000008004 0.200000000001967 0
0.9000000000001285 -0.05000000000247889 0
0.9500000000001284 -0.05000000000260676 0
0.4499999999981056 -0.7999999999997633 0
0.3999999999980156 -0.7499999999999076 0
0.4499999999984408 -0.9499999999998857 0
0.3999999999982653 -0.9499999999999245 0
0.4000000000009836 -0.4500000000001174 0
0.3500000000012675 -0.4000000000002497 0
0.3500000000010584 -0.4500000000002631 0
-0.7000000000005342 0.4500000000008529 0
-0.6500000000005062 0.5000000000001019 0
-0.9500000000000099 0.9500000000000561 0
-0.8999999999998712 0.9500000000000561 0
-0.9000000000001184 0.05000000000246206 0
-0.9500000000001183 0.05000000000258993 0
-0.249999999997876 0.6999999999999041 0
-0.2499999999979214 0.6499999999999417 0
-0.1999999999979144 0.6500000000000352 0
-0.9500000000000001 -0.9500000000000001 0
0.9500000000000001 0.9500000000000001 0
0.8999999999997426 0.7499999999992868 0
0.8499999999996705 0.6999999999991012 0
-0.149999999997953 0.6000000000002317 0
-0.149999999998033 0.5500000000002829 0
-0.09999999999802617 0.5500000000004419 0
0.4500000000010465 -0.4500000000000388 0
0.4500000000008373 -0.5000000000000522 0
-0.3000000000009211 0.4500000000000123 0
-0.2500000000011553 0.4000000000001267 0
-0.1500000000013343 -0.400000000001252 0
-0.1500000000015234 -0.4500000000011296 0
-0.1500000000014559 -0.3500000000013411 0
-0.04999999999812842 0.5000000000006755 0
-0.04999999999818575 0.4500000000007283 0
1.792001319159528e-12 0.4500000000009107 0
-0.9499999999999662 -0.1499999999975426 0
-0.8999999999998329 -0.1499999999975481 0
0.8999999999997437 -0.9499999999999815 0
-0.04999999999804843 0.5500000000006242 0
-0.1499999999979076 0.6500000000001942 0
-0.3499999999981691 0.9499999999998794 0
-0.2999999999979843 0.9499999999999285 0
-0.3500000000008686 0.4499999999998965 0
-0.3500000000007372 0.4999999999999004 0
-0.8999999999997621 -0.5499999999987123 0
-0.849999999999689 -0.5499999999987881 0
-0.4500000000010557 0.2500000000008763 0
-0.4500000000011692 0.2000000000009558 0
-0.4000000000011351 0.249999999999964 0
-0.8499999999999663 -0.04999999999761384 0
-0.8500000000000997 2.391555703473713e-12 0
-0.500000000000985 0.2500000000008789 0
-0.450000000000951 0.2999999999998871 0
0.3999999999981365 -0.8499999999998541 0
0.8500000000002054 -0.05000000000235699 0
0.9499999999999613 0.1499999999975476 0
0.899999999999828 0.149999999997553 0
-0.7999999999996014 -0.6499999999989476 0
-0.7499999999995937 -0.6499999999997315 0
-0.8500000000002493 0.05000000000226779 0
-0.2999999999978621 0.8499999999998411 0
-0.3499999999978693 0.7999999999997187 0
2.757599704139579e-12 0.9500000000001333 0
-0.04999999999723701 0.9000000000001334 0
0.1499999999972531 -0.8999999999999946 0
0.09999999999735484 -0.850000000000136 0
-0.2999999999978485 0.7499999999998179 0
-0.2499999999978415 0.7499999999999114 0
-0.8999999999997228 -0.3499999999981969 0
-0.8499999999997023 -0.349999999998285 0
-0.8499999999997024 -0.2999999999981464 0
0.7999999999995859 0.6499999999989525 0
0.7499999999995706 0.6499999999997225 0
2.761867123890482e-12 0.8500000000003909 0
-0.5500000000009965 0.2000000000018548 0
-0.5500000000008918 0.2500000000008656 0
0.8999999999997514 0.5499999999987228 0
0.849999999999669 0.5499999999987819 0
0.5000000000011569 0.7500000000005203 0
0.5500000000002658 0.7000000000004776 0
0.5500000000005112 0.7500000000004201 0
-0.600000000000847 0.2500000000013961 0
-0.5500000000008355 0.3000000000004203 0
0.7499999999993014 -0.8999999999997736 0
0.7499999999992241 -0.8499999999996908 0
0.8499999999999615 0.04999999999760889 0
0.8500000000000947 -2.396506604274151e-12 0
-0.8499999999998912 -0.09999999999758563 0
0.5500000000010994 0.8000000000003971 0
0.6000000000002084 0.7500000000003544 0
-0.5499999999987382 0.8999999999997359 0
-0.4999999999985707 0.8499999999996395 0
-0.5000000000011617 -0.750000000000512 0
-0.5500000000002768 -0.7000000000004762 0
-0.5500000000005271 -0.7500000000004214 0
-0.7500000000005269 0.4000000000014206 0
-0.7500000000004863 0.4500000000011308 0
0.2999999999980582 -0.9499999999998614 0
0.3499999999981267 -0.9499999999999245 0
0.3499999999981266 -0.8999999999997857 0
-0.8000000000004119 0.4500000000014936 0
-0.7500000000004192 0.5000000000009259 0
-0.4000000000008114 0.4499999999997965 0
-0.3500000000009953 0.3999999999999083 0
-0.5500000000011069 -0.8000000000003966 0
-0.6000000000002219 -0.7500000000003608 0
-0.9500000000000099 0.9000000000001949 0
0.8999999999997228 0.3499999999981969 0
0.8499999999996757 0.3499999999982608 0
0.8499999999996757 0.2999999999981222 0
-0.9000000000001387 -0.9500000000000001 0
0.9000000000001387 0.9500000000000001 0
-0.4500000000007665 0.4499999999997201 0
-0.4500000000006398 0.4999999999997082 0
0.7000000000006605 -0.4500000000005761 0
0.6500000000007242 -0.4500000000004001 0
0.6500000000007014 -0.5000000000000751 0
-0.2500000000008587 -0.100000000001267 0
-0.2000000000011139 -0.05000000000079732 0
-0.9499999999998613 -0.5999999999988904 0
-0.9499999999999007 -0.5499999999987122 0
0.149999999997381 -0.9499999999999946 0
-0.8499999999996559 -0.6499999999989792 0
-0.849999999999668 -0.599999999998859 0
0.400000000000384 0.4500000000009217 0
0.4499999999997022 0.400000000000899 0
0.4500000000003527 0.4500000000008545 0
0.650000000000806 -0.4000000000004978 0
0.6000000000008469 -0.4499999999999969 0
-0.1999999999977754 0.9499999999998667 0
-0.2499999999978456 0.9499999999999285 0
-0.2499999999978401 0.8999999999997952 0
-0.8999999999997621 -0.4499999999984349 0
-0.8499999999997019 -0.3999999999983542 0
0.8499999999997983 0.09999999999754407 0
-0.650000000000744 0.2500000000015216 0
0.8499999999996506 0.6499999999989824 0
0.8499999999996579 0.5999999999988608 0
0.7500000000005101 -0.6500000000003752 0
0.7500000000005742 -0.6000000000004422 0
0.700000000000577 -0.6499999999996915 0
0.3499999999980639 -0.7999999999998404 0
0.3499999999980016 -0.7499999999998886 0
0.4500000000003395 0.5000000000008196 0
0.4999999999996577 0.450000000000797 0
-0.7000000000006443 0.2500000000019819 0
-0.6500000000006908 0.300000000001411 0
0.3499999999980681 -0.849999999999791 0
-0.7999999999996344 -0.5499999999987566 0
-0.7499999999996481 -0.4999999999986858 0
0.8999999999997516 0.4499999999984454 0
0.8499999999996763 0.3999999999983476 0
-0.2500000000016214 0.1000000000011491 0
-0.2000000000016377 0.1500000000008477 0
-0.2500000000015528 0.1500000000008457 0
-0.1500000000008289 -0.2000000000015994 0
-0.1500000000009812 -0.2500000000015122 0
-0.4000000000007746 -0.5500000000007884 0
-0.4500000000004095 -0.550000000000771 0
-0.1500000000014569 -0.300000000001429 0
-0.3000000000014758 0.1500000000010639 0
-0.2500000000014921 0.2000000000007625 0
0.6499999999990185 -0.9499999999998963 0
0.5999999999988672 -0.9499999999998844 0
0.7500000000001923 0.8000000000003309 0
0.7000000000001287 0.7500000000004038 0
-0.3499999999979039 0.7499999999997113 0
0.7999999999996044 0.5499999999987522 0
0.7499999999995917 0.4999999999986696 0
-0.9499999999998614 -0.7499999999993067 0
-0.9499999999998832 -0.699999999999146 0
0.9499999999998614 0.7499999999993067 0
0.9499999999998812 0.6999999999991481 0
-0.6499999999991047 0.8999999999997774 0
-0.6499999999991329 0.8499999999997041 0
0.1500000000010023 -0.2000000000011938 0
-0.4500000000009891 -0.6000000000007253 0
-0.9499999999999007 -0.4999999999985735 0
0.9500000000000386 -0.7500000000003161 0
-0.7500000000001938 -0.8000000000003324 0
-0.7000000000001385 -0.750000000000409 0
-0.1500000000015236 -0.5000000000010429 0
-0.200000000001367 -0.450000000001105 0
0.9499999999998613 0.5999999999988904 0
0.9499999999998903 0.5499999999987228 0
-0.9499999999998614 -0.3499999999981969 0
-0.9499999999998614 -0.3999999999983355 0
0.8000000000005021 -0.4500000000015009 0
0.750000000000594 -0.4500000000009595 0
0.750000000000546 -0.5000000000007925 0
-0.8500000000001585 0.850000000000066 0
-0.8499999999999208 0.899999999999967 0
-0.7999999999996816 -0.3499999999983036 0
-0.7499999999997341 -0.2999999999982397 0
0.7500000000004952 -0.7000000000002671 0
0.8000000000004923 -0.6500000000010178 0
-0.1000000000019197 -0.5500000000010086 0
-0.1500000000017634 -0.5500000000009839 0
0.4000000000010423 0.5500000000008257 0
0.4500000000003473 0.5500000000007681 0
-0.15000000000205 -0.6000000000008971 0
-0.2000000000016539 -0.5500000000009315 0
0.5499999999986951 -0.8999999999997701 0
0.200000000000455 0.1500000000014124 0
0.1605662432706377 0.1105662432715508 0
0.7999999999996292 0.3499999999982729 0
0.7499999999996425 0.299999999998234 0
0.4500000000009908 0.6000000000007353 0
0.500000000000288 0.5500000000007292 0
-0.2499999999977954 0.7999999999998139 0
-0.199999999997823 0.7499999999999001 0
-0.9500000000001387 0.850000000000416 0
-0.9000000000001487 0.8500000000003336 0
-0.64999999999902 0.7999999999995477 0
0.3000000000005014 0.3500000000011124 0
0.349999999999824 0.3000000000011214 0
0.3500000000004734 0.3500000000010621 0
0.2999999999980539 -0.849999999999772 0
-0.699999999999098 0.7499999999995068 0
0.2500000000002908 0.200000000001256 0
0.8499999999996051 -0.9499999999999815 0
0.7999999999994508 -0.9499999999998774 0
-0.249999999997792 0.8499999999997794 0
-0.7999999999997893 -0.2499999999980508 0
0.7500000000006167 -0.4000000000012845 0
0.5500000000012186 0.9000000000002477 0
0.5500000000010918 0.8500000000003043 0
0.6000000000009234 0.8500000000002748 0
0.7499999999999072 -0.7499999999996068 0
0.699999999999867 -0.7499999999996332 0
0.749999999999261 -0.7999999999996155 0
-0.8999999999997446 -0.6499999999990074 0
0.3500000000004422 0.4000000000010097 0
0.3999999999997648 0.3500000000010187 0
-0.4500000000012644 0.1000000000020566 0
-0.4000000000013035 0.150000000001051 0
-0.4500000000012095 0.1500000000010491 0
0.1500000000004312 0.3000000000012527 0
0.2000000000001719 0.2500000000013298 0
-0.5500000000012192 -0.9000000000002482 0
-0.5500000000010945 -0.8500000000003067 0
-0.6000000000009265 -0.8500000000002775 0
0.7499999999993121 -0.9499999999998774 0
0.6999999999991573 -0.9499999999998963 0
-0.50000000000113 0.1500000000019614 0
-0.8500000000004161 -0.9500000000001387 0
0.8999999999997425 0.6499999999990094 0
0.8500000000004161 0.9500000000001387 0
-0.9499999999999007 -0.4499999999984348 0
0.2500000000005668 0.3500000000011529 0
0.2000000000006316 0.350000000001199 0
0.2499999999999169 0.3000000000012177 0
0.3000000000011643 0.450000000000995 0
0.3500000000004557 0.4500000000009515 0
-0.7500000000006934 -0.9000000000002775 0
-0.7500000000002676 -0.8500000000002674 0
0.7500000000006934 0.9000000000002775 0
0.7500000000002667 0.8500000000002668 0
-0.3000000000007172 -0.1500000000013182 0
0.2500000000012161 0.4000000000010937 0
-0.449999999998433 0.8999999999997541 0
0.100000000001115 0.3500000000011671 0
0.1500000000006655 0.3500000000011783 0
0.9499999999998903 0.4999999999985841 0
-0.4000000000012028 -0.6500000000006826 0
-0.4500000000011345 -0.6500000000006516 0
-0.3500000000005092 -0.2000000000011453 0
0.7999999999997277 0.2499999999980224 0
0.1500000000013154 0.4000000000011135 0
0.9500000000001387 -0.7000000000008322 0
0.9000000000001773 -0.7500000000003161 0
-0.4500000000011299 -0.7000000000005879 0
-0.5000000000009162 -0.6500000000006305 0
0.5000000000013947 0.8500000000003701 0
0.2499999999982566 -0.6000000000002824 0
0.1999999999982049 -0.550000000000511 0
-0.1000000000023746 -0.8500000000004007 0
-0.1500000000021803 -0.8000000000004998 0
-0.1500000000023022 -0.8500000000003763 0
0.3499999999979813 -0.6999999999999612 0
0.2999999999981797 -0.6500000000000493 0
0.3500000000011062 0.5000000000009071 0
0.9499999999998614 0.3499999999981969 0
0.9499999999998614 0.3999999999983355 0
0.1000000000014998 0.4500000000010364 0
0.1500000000014659 0.4500000000010572 0
0.1500000000014821 0.5000000000009918 0
0.2000000000012978 0.4500000000010688 0
0.2499999999980861 -0.6500000000001998 0
-0.5000000000013995 -0.8500000000003672 0
0.5000000000009797 -0.4500000000000016 0
0.450000000001126 -0.4000000000000668 0
0.59999999999959 0.4499999999986254 0
0.5499999999996248 0.4499999999997316 0
-0.7000000000007585 -0.8500000000003425 0
0.6500000000004571 -0.6999999999996422 0
-0.3500000000004353 -0.450000000001027 0
-0.3000000000005147 -0.4500000000010649 0
-0.3499999999999819 -0.4000000000011156 0
0.7000000000007577 0.8500000000003417 0
0.2999999999980295 -0.7499999999998941 0
0.1499999999982934 -0.5000000000006946 0
0.1499999999983307 -0.4500000000007783 0
0.09999999999837722 -0.4500000000008837 0
0.1499999999982514 -0.5500000000006164 0
0.1500000000017601 0.6000000000008427 0
0.1500000000015941 0.5500000000009255 0
0.20000000000148 0.5500000000009206 0
0.1000000000017623 0.5500000000009139 0
-0.8500000000002873 0.8000000000002873 0
-0.9000000000002377 0.7500000000006537 0
0.5500000000009122 -0.4499999999999644 0
0.5500000000008326 -0.4999999999999364 0
0.9499999999998903 0.4499999999984454 0
-0.1999999999977735 0.8499999999997679 0
-0.5999999999988903 0.9499999999998613 0
-0.5499999999987382 0.9499999999998747 0
0.7000000000007085 -0.2500000000017619 0
0.7500000000006029 -0.2500000000018415 0
-0.3500000000007301 -0.5000000000008985 0
0.5500000000009939 -0.4000000000000622 0
0.5500000000009633 -0.3500000000010061 0
0.5000000000010285 -0.3500000000009736 0
0.04999999999846577 -0.4000000000011298 0
0.04999999999842846 -0.450000000001046 0
0.04999999999850001 -0.3500000000012152 0
-1.448750841515078e-12 -0.3500000000013775 0
0.4999999999985795 -0.9499999999998857 0
0.5499999999987284 -0.9499999999998844 0
0.6000000000008945 -0.3500000000001693 0
0.5500000000009291 -0.3000000000010806 0
0.3000000000000358 0.2500000000011439 0
-0.1000000000022559 -0.7500000000006444 0
-0.1500000000021834 -0.7500000000006199 0
-0.9499999999998832 -0.6499999999990071 0
0.250000000001412 0.5500000000008873 0
0.2500000000012459 0.5000000000009701 0
0.250000000001422 0.6000000000008234 0
0.3000000000011879 0.550000000000873 0
0.1500000000021561 0.7000000000007152 0
0.1500000000019791 0.650000000000784 0
0.2000000000018231 0.6500000000007691 0
-0.3000000000012319 -0.5500000000008989 0
-0.3500000000009938 -0.5500000000008212 0
-0.05000000000139242 -0.4000000000013023 0
0.9499999999998812 0.6499999999990093 0
0.4000000000012002 0.6500000000006914 0
0.4500000000011408 0.6500000000006524 0
0.6999999999997415 0.2499999999981052 0
-0.6999999999998764 -0.2499999999980999 0
-0.6499999999999451 -0.2499999999981865 0
0.6500000000006417 -0.6499999999996949 0
0.6000000000005858 -0.6499999999997126 0
-0.1500000000010046 0.3000000000005832 0
-0.8500000000003858 0.2000000000021681 0
-0.8000000000004603 0.2500000000020032 0
-0.8500000000003518 0.2500000000020542 0
-0.4500000000012385 -0.7500000000005077 0
-0.4000000000014569 -0.7500000000005288 0
-0.7499999999998244 -0.2499999999980947 0
-0.9000000000002565 0.2500000000020596 0
-0.8500000000003312 0.3000000000018946 0
-0.25000000000081 -0.3000000000013394 0
-0.3000000000004251 -0.2500000000013929 0
-0.3499999999980639 0.6999999999997344 0
-0.2999999999980263 0.6499999999998586 0
0.4500000000011308 0.700000000000593 0
0.5000000000009215 0.6500000000006371 0
-0.64999999999962 -0.6000000000004124 0
-0.7499999999998146 0.6500000000000139 0
-0.6999999999998019 0.6499999999997685 0
-0.7499999999991154 0.6999999999997395 0
-0.2000000000012846 0.3500000000003176 0
-0.5499999999986012 0.6999999999995196 0
0.6500000000007861 -0.2500000000011126 0
0.6500000000007828 -0.3000000000008931 0
0.6499999999995666 0.4499999999986367 0
0.6499999999995778 0.3999999999986308 0
0.2500000000018127 0.7000000000006705 0
0.2500000000015991 0.6500000000007546 0
0.3000000000014115 0.6500000000007249 0
-0.4500000000014887 -0.8000000000004528 0
0.400000000001469 0.7500000000005431 0
0.4500000000012495 0.7500000000005278 0
0.2499999999980992 -0.7999999999999505 0
0.2499999999980846 -0.7500000000000266 0
0.1999999999981341 -0.7500000000001557 0
0.6500000000007398 0.8000000000003686 0
0.6500000000001853 0.7500000000003665 0
-0.6500000000008559 0.1000000000020447 0
-0.600000000000936 0.1500000000019444 0
-0.5499999999995956 0.6499999999995394 0
-0.4999999999995888 0.6499999999995357 0
0.3000000000013159 -0.3500000000004701 0
0.2500000000013673 -0.3000000000007274 0
-0.300000000001636 -0.6500000000007529 0
-0.3500000000012766 -0.6000000000007888 0
-0.3500000000014167 -0.6500000000007202 0
0.6999999999995683 0.6500000000003862 0
0.6499999999995973 0.7000000000003894 0
0.6499999999995913 0.6500000000003741 0
-0.6499999999991047 0.9499999999999162 0
-0.8000000000003489 0.05000000000216285 0
-0.8499999999997723 0.9499999999999109 0
-0.6500000000007433 -0.8000000000003717 0
-0.6500000000001971 -0.7500000000003733 0
-0.3500000000015622 -0.7000000000006465 0
-0.6999999999996678 -0.4499999999985825 0
-0.6999999999995952 -0.6500000000004029 0
-0.6499999999996171 -0.65000000000042 0
-0.4999999999985995 0.9499999999998747 0
0.6999999999995612 0.449999999998654 0
-0.9499999999998614 -0.7999999999994454 0
0.5500000000005124 -0.6999999999996978 0
0.5500000000006071 -0.6499999999997739 0
0.5000000000007182 -0.6499999999998116 0
0.9499999999998614 0.7999999999994454 0
-0.1500000000021168 -0.7000000000007192 0
-0.2000000000020412 -0.7500000000005747 0
0.450000000001495 0.8000000000004704 0
0.5999999999996466 0.3499999999986015 0
0.5499999999997072 0.2999999999987222 0
0.1500000000023928 0.8000000000005092 0
0.1500000000022562 0.7500000000006142 0
0.2000000000021369 0.7500000000005953 0
0.2499999999980644 -0.7000000000000992 0
-0.4999999999998564 -0.3500000000005707 0
0.8000000000004808 -0.5500000000012298 0
0.7500000000005477 -0.5500000000005461 0
0.5999999999996063 0.6500000000003923 0
0.7500000000004936 -0.1000000000021894 0
0.7000000000006441 -0.1500000000020714 0
0.3500000000014877 0.7000000000006246 0
0.3500000000013377 0.6500000000007076 0
0.650000000000718 -0.1500000000021007 0
0.6500000000007855 -0.2000000000020108 0
-0.3999999999983077 0.9499999999998794 0
-0.4499999999984608 0.9499999999998747 0
-0.5500000000002814 -0.65000000000054 0
-0.5999999999996419 -0.6500000000004076 0
0.7499999999997276 0.2499999999980573 0
-0.1499999999978114 0.7999999999999392 0
-0.1499999999978174 0.7500000000000091 0
-0.09999999999785193 0.7500000000001458 0
-0.1500000000023463 -0.9000000000002657 0
-0.2000000000021519 -0.8500000000003649 0
-0.7500000000004721 0.6000000000006018 0
-0.800000000000394 0.5500000000012248 0
-0.750000000000423 0.550000000000666 0
-0.2500000000007141 -0.4000000000011725 0
-0.2500000000007143 -0.450000000001086 0
-0.2500000000011677 -0.5000000000009974 0
0.1000000000024121 0.7500000000006291 0
-0.6500000000005222 0.5999999999998042 0
-0.7000000000004973 0.550000000000303 0
-0.6500000000005185 0.5500000000000644 0
0.5500000000002758 0.6500000000005368 0
0.5500000000002618 0.6000000000005519 0
0.6500000000006538 -0.1000000000021732 0
0.6000000000007952 -0.1500000000021126 0
0.750000000000383 -0.05000000000222892 0
0.7500000000002415 -2.301512072853224e-12 0
0.7000000000004352 -0.05000000000223392 0
-0.850000000000348 0.4500000000015125 0
-0.8500000000002809 0.5000000000013076 0
0.350000000001124 0.6000000000007917 0
-0.5500000000008354 0.400000000000005 0
-0.6000000000007861 0.350000000000606 0
-0.5500000000008399 0.3500000000003497 0
0.2500000000012297 0.4500000000010356 0
-0.4500000000006122 0.5999999999996253 0
-0.4500000000006339 0.5499999999996701 0
-0.4000000000006629 0.5499999999997398 0
-0.6499999999996172 -0.7000000000003982 0
-0.5500000000007039 0.4499999999996948 0
-0.5000000000007421 0.4499999999996902 0
-0.5500000000005568 0.4999999999996363 0
-0.5500000000005634 0.5999999999995607 0
-0.600000000000531 0.5499999999996033 0
-0.5500000000005509 0.5499999999995981 0
-0.6999999999992436 0.9499999999999162 0
-0.9500000000001084 0.4500000000014954 0
-0.9500000000001084 0.5000000000013567 0
0.2500000000020763 0.8000000000004767 0
0.2500000000019493 0.7500000000005655 0
0.3000000000017522 0.750000000000552 0
-0.2499999999980647 0.5999999999999897 0
-0.1999999999981179 0.550000000000106 0
-0.4500000000009137 0.3999999999997784 0
-0.4500000000009554 0.3499999999998166 0
-0.4000000000009798 0.3499999999998464 0
0.3500000000017335 0.8000000000004706 0
0.3500000000016147 0.7500000000005358 0
-0.3000000000018221 -0.7500000000005769 0
-0.3500000000016082 -0.7500000000005393 0
-0.7000000000005828 0.350000000001507 0
-0.6500000000006863 0.3500000000010663 0
-0.5999999999999786 -0.2499999999982641 0
-0.5500000000001901 -0.1999999999982247 0
-0.1499999999978635 0.7000000000001066 0
-0.09999999999790207 0.6500000000003032 0
-0.2500000000014543 -0.5500000000009105 0
-0.750000000000562 0.2500000000019909 0
-0.7500000000005087 0.3000000000018803 0
-0.7500000000004712 0.05000000000216437 0
-0.7500000000003053 2.279763183787864e-12 0
-0.7000000000005773 0.05000000000215753 0
-0.2500000000017182 -0.6000000000008332 0
0.400000000000198 0.1499999999988174 0
0.3500000000003799 0.09999999999933322 0
0.5000000000001259 0.1499999999984733 0
0.9500000000001231 -0.4500000000015101 0
0.9500000000001231 -0.5000000000013713 0
0.3500000000002162 -0.5000000000002444 0
0.9500000000001387 -0.4000000000016644 0
0.9000000000002618 -0.4500000000015101 0
-0.3500000000010779 0.3500000000000388 0
-0.3000000000011351 0.3500000000001388 0
-0.3500000000017168 -0.8000000000004591 0
-0.5000000000005891 0.5499999999995937 0
0.2500000000020568 0.900000000000257 0
0.2500000000020364 0.8500000000003574 0
0.3000000000018997 0.8500000000003627 0
0.8000000000005072 -0.250000000002033 0
0.7500000000006097 -0.3000000000017338 0
0.8500000000003981 -0.4500000000015119 0
0.8500000000003501 -0.5000000000013448 0
-0.4499999999999446 -0.3500000000008249 0
-0.4500000000000341 -0.3000000000008891 0
-0.250000000001988 -0.8000000000004726 0
-0.2500000000019419 -0.7500000000005798 0
0.1999999999981412 -0.6500000000003323 0
0.350000000001114 0.5500000000008556 0
0.4999999999998608 0.2499999999988077 0
0.4500000000000526 0.1999999999987593 0
0.6000000000002683 0.04999999999776769 0
0.550000000000495 -2.221471270824615e-12 0
0.4500000000001449 0.1499999999988124 0
0.7000000000001714 0.0499999999977068 0
0.6500000000002384 0.04999999999771919 0
0.6500000000003607 -2.294119837880928e-12 0
0.4000000000007575 -0.5500000000000982 0
-0.1500000000020671 -0.6500000000008117 0
-0.2000000000019576 -0.6500000000007593 0
-0.8000000000001241 -0.04999999999768518 0
-0.7500000000002303 -0.04999999999769202 0
0.6500000000007058 -0.5999999999997618 0
0.7000000000006394 -0.5500000000000047 0
0.6500000000007041 -0.5500000000000083 0
0.4500000000007768 -0.5999999999999768 0
-0.1499999999981911 0.5000000000003162 0
-0.09999999999811461 0.4500000000005541 0
0.5000000000009366 -0.1500000000021204 0
0.4500000000010054 -0.150000000002117 0
0.4500000000010609 -0.2000000000020516 0
-0.9000000000002569 0.1500000000023234 0
-0.4000000000000123 -0.3500000000011104 0
0.4500000000007937 -0.5500000000000093 0
0.3000000000006406 0.04999999999949674 0
-0.5000000000008848 0.3499999999998191 0
0.9500000000001284 -0.1000000000024789 0
-0.2500000000018753 -0.700000000000679 0
-0.2500000000017352 -0.6500000000007478 0
-0.4000000000002707 -0.2500000000009797 0
-0.3500000000011197 0.3000000000000769 0
-0.3500000000012183 0.2500000000004326 0
-0.3000000000013164 0.2500000000006251 0
0.5000000000008565 -0.5499999999999307 0
0.5500000000008616 -0.15000000000212 0
0.5500000000008061 -0.1000000000021854 0
-0.3500000000000767 -0.3500000000011945 0
-0.3500000000001866 -0.3000000000012273 0
0.5000000000007216 -0.05000000000217349 0
0.4500000000007914 -0.05000000000217458 0
0.450000000000951 -0.1000000000021869 0
0.4000000000008521 -0.05000000000210684 0
0.3500000000010778 -0.100000000002045 0
0.2000000000007521 0.05000000000149893 0
0.2500000000007129 0.05000000000068245 0
0.4500000000010953 -0.3500000000010107 0
-0.2500000000011817 0.3500000000001992 0
0.5500000000007916 -0.5999999999998264 0
0.5500000000008354 -0.5499999999998695 0
0.2500000000001071 0.2500000000012838 0
-0.9500000000001183 0.100000000002462 0
-0.3000000000001561 -0.3500000000012325 0
-0.2500000000007152 -0.3500000000012605 0
0.4000000000011435 -0.2500000000016128 0
0.4500000000010747 -0.2500000000016162 0
0.5500000000009262 -0.2500000000011494 0
0.500000000000995 -0.2500000000019862 0
-0.2500000000012644 0.3000000000003297 0
-0.2500000000013935 0.2500000000004068 0
0.3500000000011878 -0.2000000000017694 0
0.3000000000012678 -0.2500000000010176 0
0.3500000000012096 -0.2500000000012965 0
0.0500000000013098 0.3000000000012407 0
0.042395088714434 0.2508984900753252 0
0.1522210163213585 0.06601331753654049 0
-0.1000000000022093 -0.650000000000857 0
-0.05000000000236839 -0.7000000000007512 0
-0.05000000000231864 -0.6500000000008437 0
0.3000000000011904 -0.1500000000016964 0
0.2500000000013357 -0.2000000000012769 0
0.4000000000010753 -0.1500000000021181 0
0.3500000000011334 -0.1500000000018393 0
0.3500000000012234 -0.3000000000008611 0
0.4500000000010776 -0.3000000000015475 0
0.8000000000000262 0.04999999999763866 0
0.7500000000000784 0.04999999999763366 0
0.6000000000007677 -0.5499999999998322 0
0.2000000000014353 -0.2500000000009866 0
0.3500000000017923 0.9000000000002699 0
0.3500000000017539 0.8500000000003702 0
0.4000000000016261 0.8500000000003777 0
-0.0499999999981942 0.4000000000007893 0
1.736760619578762e-12 0.3500000000011017 0
0.05000000000262436 0.9500000000001386 0
0.1000000000024965 0.9500000000001386 0
-0.3500000000003608 -0.2500000000013088 0
0.6000000000005794 -0.05000000000223336 0
0.5500000000006544 -0.05000000000223374 0
0.5500000000009257 -0.2000000000020475 0
0.6000000000008598 -0.250000000001142 0
-0.05000000000262436 -0.9500000000001386 0
-0.1000000000024965 -0.9500000000001386 0
0.1499999999980641 -0.7000000000003508 0
0.1499999999982286 -0.6500000000004262 0
-0.04999999999785847 0.7000000000003991 0
-0.04999999999792633 0.6500000000004658 0
2.073165878387007e-12 0.6500000000006492 0
-0.7000000000003097 -0.04999999999773939 0
-0.6500000000004269 -0.04999999999776673 0
-0.6500000000005287 2.245570049352885e-12 0
-0.3000000000019004 -0.8500000000003689 0
-0.2500000000020643 -0.9000000000002613 0
-0.250000000002032 -0.850000000000362 0
0.05000000000154199 0.4000000000010281 0
0.05000000000159933 0.4500000000009753 0
0.05000000000130771 0.3500000000011024 0
-0.600000000000498 -0.04999999999781984 0
-0.5500000000007342 2.14001926534788e-12 0
-0.04999999999797045 0.6000000000005532 0
1.927320241232454e-12 0.5500000000007867 0
-0.5000000000003747 -0.1499999999984065 0
-0.4500000000005629 -0.09999999999849346 0
-0.9500000000001386 0.2500000000020804 0
-0.9500000000001179 0.300000000001921 0
-0.6500000000009417 -0.9000000000002483 0
-0.6500000000008681 -0.8500000000003133 0
-0.7500000000005006 0.350000000001516 0
0.1500000000023578 0.9500000000001386 0
0.150000000002345 0.9000000000002644 0
0.2000000000022063 0.9500000000001259 0
0.05000000000174981 0.500000000000919 0
-0.05000000000218823 -0.6000000000009227 0
0.400000000001175 -0.3500000000006407 0
-0.8500000000003574 0.3500000000017992 0
-0.8000000000004528 0.3500000000017939 0
0.6500000000005124 -0.05000000000224575 0
0.3500000000012498 -0.3500000000007865 0
0.2500000000013455 -0.2500000000012003 0
0.8000000000003 -0.050000000002257 0
0.6500000000009412 0.9000000000002477 0
0.6500000000008668 0.8500000000003121 0
-1.574992368667617e-12 -0.4500000000011651 0
0.9500000000001387 -0.5500000000012484 0
0.9000000000002617 -0.5500000000012327 0
-0.8500000000003299 0.5500000000012437 0
-0.4000000000008241 -0.04999999999858499 0
-0.3500000000010826 1.323104820150078e-12 0
-0.4500000000015257 -0.9000000000002774 0
-0.4500000000015382 -0.8500000000003672 0
0.9500000000001387 -0.3500000000018031 0
0.0500000000018278 0.5500000000008479 0
-0.3000000000013531 0.05000000000123402 0
-0.9500000000001387 0.4000000000016644 0
-0.9000000000002472 0.4500000000014954 0
0.1499999999986732 -0.4000000000008538 0
0.09999999999863021 -0.3500000000010579 0
0.04999999999833645 -0.500000000000919 0
0.0499999999987157 -0.3000000000013057 0
-0.1500000000023578 -0.9500000000001386 0
-0.2000000000022076 -0.9500000000001272 0
-0.1000000000009147 -0.1500000000017507 0
-0.3500000000017985 -0.9000000000002728 0
-0.350000000001749 -0.8500000000003584 0
-0.400000000001615 -0.8500000000003629 0
-0.3500000000013319 0.2000000000005121 0
-0.05000000000100049 -0.1500000000017356 0
-1.413206357492314e-12 -0.2500000000015488 0
-0.05000000000132609 -0.2000000000016497 0
0.9000000000002768 -0.2500000000020799 0
0.8500000000003957 -0.2500000000020722 0
0.8500000000003951 -0.3000000000019329 0
-0.5500000000012484 -0.9500000000001387 0
-0.6000000000010804 -0.9500000000001095 0
-0.2000000000013679 -0.3500000000012795 0
0.9500000000001381 -0.3000000000019412 0
0.9000000000002768 -0.3500000000018025 0
-0.5500000000009082 0.05000000000213645 0
-0.5000000000009965 0.05000000000205824 0
-0.3500000000013926 0.1500000000005953 0
0.8500000000003767 -0.5500000000012408 0
0.09999999999833878 -0.5500000000007104 0
0.05000000000193979 0.6000000000007817 0
0.04999999999748036 -0.8000000000003822 0
-2.489495940097764e-12 -0.7500000000006153 0
0.5500000000012484 0.9500000000001387 0
0.6000000000010799 0.950000000000109 0
0.05000000000262972 0.9000000000002719 0
0.05000000000263755 0.8500000000003973 0
0.1000000000025043 0.8500000000004027 0
-0.05000000000237702 -0.8000000000005083 0
-0.05000000000239721 -0.8500000000003721 0
0.9500000000001386 -0.1500000000023578 0
0.900000000000267 -0.1500000000023402 0
-0.9500000000001386 0.1500000000023578 0
0.1499999999982503 -0.6000000000005268 0
-0.6000000000008073 0.05000000000213271 0
-0.5500000000010696 0.1000000000020509 0
0.9500000000001386 -0.2000000000022192 0
0.9500000000001386 -0.2500000000020804 0
0.650000000000817 -0.3500000000008185 0
-0.6500000000006901 0.05000000000216006 0
0.2500000000020697 0.9500000000001312 0
-0.05000000000251907 -0.9000000000002487 0
-0.2500000000020759 -0.9500000000001341 0
-0.5500000000010368 0.1500000000019481 0
0.1500000000023528 0.8500000000003898 0
0.2000000000022334 0.8500000000003709 0
0.7000000000006944 -0.3500000000012217 0
0.4500000000015257 0.9000000000002774 0
0.4500000000015333 0.8500000000003701 0
-0.9500000000001387 0.6500000000009709 0
-0.9000000000002377 0.6500000000009312 0
-0.950000000000099 0.7000000000007924 0
0.7500000000005987 -0.3500000000014132 0
-0.9500000000001387 0.3500000000018031 0
-0.9000000000002566 0.3500000000017822 0
-0.05000000000238019 -0.7500000000006286 0
-0.8500000000003782 0.4000000000016814 0
-0.6500000000009709 -0.9500000000001387 0
0.8500000000004131 -0.3500000000018043 0
0.8500000000004138 -0.4000000000016661 0
-0.9500000000001387 0.5500000000012484 0
-0.900000000000247 0.5500000000012181 0
0.6500000000009709 0.9500000000001387 0
0.8000000000005321 -0.3500000000017967 0
-0.3000000000019372 -0.9500000000001341 0
0.300000000001931 0.9500000000001312 0
-0.9500000000001386 0.2000000000022192 0
0.8500000000003923 -0.6000000000011178 0
-0.9500000000001387 0.7500000000006934 0
0.9500000000001387 -0.6000000000011096 0
-0.3500000000018031 -0.9500000000001387 0
-0.4000000000016644 -0.9500000000001387 0
-0.4500000000015257 -0.9500000000001387 0
0.05000000000263646 0.8000000000005216 0
0.3500000000018031 0.9500000000001387 0
0.4000000000016644 0.9500000000001387 0
0.4500000000015257 0.9500000000001387 0
-0.5000000000013871 -0.9500000000001387 0
-0.8500000000003602 0.6000000000011352 0
0.5000000000013871 0.9500000000001387 0
0.8500000000003889 -0.2000000000021799 0
0.9500000000001387 -0.6500000000009709 0
-0.7000000000008322 -0.9500000000001387 0
0.9000000000002775 -0.6500000000009709 0
0.8500000000003924 -0.650000000000979 0
0.7000000000008322 0.9500000000001387 0
-0.9500000000001387 0.6000000000011096 0
0.8500000000003775 -0.7000000000008709 0
-0.9500000000001387 0.8000000000005547 0
-0.7500000000006934 -0.9500000000001387 0
-0.8000000000005548 -0.9500000000001387 0
0.7500000000006934 0.9500000000001387 0
0.8000000000005548 0.9500000000001387 0
$EndNodes
$Elements
9 3364 1 3364
0 1 15 1
1 1 
0 2 15 1
2 2 
0 3 15 1
3 3 
0 4 15 1
4 4 
1 1 1 40
5 1 5 
6 5 6 
7 6 7 
8 7 8 
9 8 9 
10 9 10 
11 10 11 
12 11 12 
13 12 13 
14 13 14 
15 14 15 
16 15 16 
17 16 17 
18 17 18 
19 18 19 
20 19 20 
21 20 21 
22 21 22 
23 22 23 
24 23 24 
25 24 25 
26 25 26 
27 26 27 
28 27 28 
29 28 29 
30 29 30 
31 30 31 
32 31 32 
33 32 33 
34 33 34 
35 34 35 
36 35 36 
37 36 37 
38 37 38 
39 38 39 
40 39 40 
41 40 41 
42 41 42 
43 42 43 
44 43 2 
1 2 1 40
45 2 44 
46 44 45 
47 45 46 
48 46 47 
49 47 48 
50 48 49 
51 49 50 
52 50 51 
53 51 52 
54 52 53 
55 53 54 
56 54 55 
57 55 56 
58 56 57 
59 57 58 
60 58 59 
61 59 60 
62 60 61 
63 61 62 
64 62 63 
65 63 64 
66 64 65 
67 65 66 
68 66 67 
69 67 68 
70 68 69 
71 69 70 
72 70 71 
73 71 72 
74 72 73 
75 73 74 
76 74 75 
77 75 76 
78 76 77 
79 77 78 
80 78 79 
81 79 80 
82 80 81 
83 81 82 
84 82 3 
1 3 1 40
85 3 83 
86 83 84 
87 84 85 
88 85 86 
89 86 87 
90 87 88 
91 88 89 
92 89 90 
93 90 91 
94 91 92 
95 92 93 
96 93 94 
97 94 95 
98 95 96 
99 96 97 
100 97 98 
101 98 99 
102 99 100 
103 100 101 
104 101 102 
105 102 103 
106 103 104 
107 104 105 
108 105 106 
109 106 107 
110 107 108 
111 108 109 
112 109 110 
113 110 111 
114 111 112 
115 112 113 
116 113 114 
117 114 115 
118 115 116 
119 116 117 
120 117 118 
121 118 119 
122 119 120 
123 120 121 
124 121 4 
1 4 1 40
125 4 122 
126 122 123 
127 123 124 
128 124 125 
129 125 126 
130 126 127 
131 127 128 
132 128 129 
133 129 130 
134 130 131 
135 131 132 
136 132 133 
137 133 134 
138 134 135 
139 135 136 
140 136 137 
141 137 138 
142 138 139 
143 139 140 
144 140 141 
145 141 142 
146 142 143 
147 143 144 
148 144 145 
149 145 146 
150 146 147 
151 147 148 
152 148 149 
153 149 150 
154 150 151 
155 151 152 
156 152 153 
157 153 154 
158 154 155 
159 155 156 
160 156 157 
161 157 158 
162 158 159 
163 159 160 
164 160 1 
2 1 2 3200
165 516 522 524 
166 522 523 524 
167 522 517 523 
168 524 523 521 
169 516 525 522 
170 525 526 522 
171 525 506 526 
172 522 526 517 
173 502 527 529 
174 527 528 529 
175 527 515 528 
176 529 528 517 
177 502 530 527 
178 530 531 527 
179 530 494 531 
180 527 531 515 
181 517 528 523 
182 528 532 523 
183 528 515 532 
184 523 532 521 
185 45 533 44 
186 533 43 44 
187 533 42 43 
188 44 43 2 
189 518 534 536 
190 534 535 536 
191 534 519 535 
192 536 535 521 
193 519 537 535 
194 537 524 535 
195 537 516 524 
196 535 524 521 
197 490 538 540 
198 538 539 540 
199 538 489 539 
200 540 539 507 
201 475 541 542 
202 541 538 542 
203 541 489 538 
204 542 538 490 
205 475 543 541 
206 543 544 541 
207 543 469 544 
208 541 544 489 
209 457 545 546 
210 545 543 546 
211 545 469 543 
212 546 543 475 
213 476 547 549 
214 547 548 549 
215 547 452 548 
216 549 548 500 
217 429 550 551 
218 550 547 551 
219 550 452 547 
220 551 547 476 
221 505 552 554 
222 552 553 554 
223 552 518 553 
224 554 553 520 
225 520 553 555 
226 553 536 555 
227 553 518 536 
228 555 536 521 
229 499 556 557 
230 556 549 557 
231 556 476 549 
232 557 549 500 
233 499 557 559 
234 557 558 559 
235 557 500 558 
236 559 558 508 
237 499 559 561 
238 559 560 561 
239 559 508 560 
240 561 560 509 
241 509 560 563 
242 560 562 563 
243 560 508 562 
244 563 562 519 
245 504 564 565 
246 564 525 565 
247 564 506 525 
248 565 525 516 
249 398 566 568 
250 566 567 568 
251 566 399 567 
252 568 567 429 
253 422 569 570 
254 569 551 570 
255 569 429 551 
256 570 551 476 
257 477 571 573 
258 571 572 573 
259 571 471 572 
260 573 572 488 
261 422 574 569 
262 574 568 569 
263 574 398 568 
264 569 568 429 
265 454 575 576 
266 575 571 576 
267 575 471 571 
268 576 571 477 
269 398 577 566 
270 577 578 566 
271 577 331 578 
272 566 578 399 
273 477 573 580 
274 573 579 580 
275 573 488 579 
276 580 579 491 
277 491 579 582 
278 579 581 582 
279 579 488 581 
280 582 581 505 
281 503 583 584 
282 583 582 584 
283 583 491 582 
284 584 582 505 
285 503 584 585 
286 584 554 585 
287 584 505 554 
288 585 554 520 
289 457 586 545 
290 586 587 545 
291 586 458 587 
292 545 587 469 
293 457 588 586 
294 588 589 586 
295 588 430 589 
296 586 589 458 
297 430 590 589 
298 590 591 589 
299 590 396 591 
300 589 591 458 
301 371 592 593 
302 592 590 593 
303 592 396 590 
304 593 590 430 
305 331 594 578 
306 594 595 578 
307 594 339 595 
308 578 595 399 
309 331 596 594 
310 596 597 594 
311 596 304 597 
312 594 597 339 
313 504 598 564 
314 598 599 564 
315 598 487 599 
316 564 599 506 
317 478 600 602 
318 600 601 602 
319 600 479 601 
320 602 601 492 
321 478 603 600 
322 603 604 600 
323 603 460 604 
324 600 604 479 
325 508 605 562 
326 605 537 562 
327 605 516 537 
328 562 537 519 
329 454 606 575 
330 606 607 575 
331 606 424 607 
332 575 607 471 
333 402 608 609 
334 608 606 609 
335 608 424 606 
336 609 606 454 
337 460 610 604 
338 610 611 604 
339 610 463 611 
340 604 611 479 
341 460 612 610 
342 612 613 610 
343 612 427 613 
344 610 613 463 
345 427 614 613 
346 614 615 613 
347 614 440 615 
348 613 615 463 
349 427 616 614 
350 616 617 614 
351 616 405 617 
352 614 617 440 
353 494 618 531 
354 618 619 531 
355 618 507 619 
356 531 619 515 
357 507 620 619 
358 620 621 619 
359 620 513 621 
360 619 621 515 
361 507 539 620 
362 539 622 620 
363 539 489 622 
364 620 622 513 
365 369 623 625 
366 623 624 625 
367 623 367 624 
368 625 624 417 
369 341 626 627 
370 626 623 627 
371 626 367 623 
372 627 623 369 
373 365 628 630 
374 628 629 630 
375 628 366 629 
376 630 629 413 
377 365 631 628 
378 631 632 628 
379 631 340 632 
380 628 632 366 
381 341 633 626 
382 633 634 626 
383 633 335 634 
384 626 634 367 
385 340 635 632 
386 635 636 632 
387 635 334 636 
388 632 636 366 
389 307 637 638 
390 637 635 638 
391 637 334 635 
392 638 635 340 
393 308 639 640 
394 639 633 640 
395 639 335 633 
396 640 633 341 
397 493 641 642 
398 641 598 642 
399 641 487 598 
400 642 598 504 
401 480 643 644 
402 643 641 644 
403 643 487 641 
404 644 641 493 
405 480 645 643 
406 645 646 643 
407 645 450 646 
408 643 646 487 
409 425 647 648 
410 647 645 648 
411 647 450 645 
412 648 645 480 
413 432 649 650 
414 649 648 650 
415 649 425 648 
416 650 648 480 
417 401 651 652 
418 651 649 652 
419 651 425 649 
420 652 649 432 
421 216 653 655 
422 653 654 655 
423 653 218 654 
424 655 654 264 
425 278 656 658 
426 656 657 658 
427 656 246 657 
428 658 657 322 
429 264 659 661 
430 659 660 661 
431 659 242 660 
432 661 660 288 
433 279 662 664 
434 662 663 664 
435 662 248 663 
436 664 663 323 
437 218 665 654 
438 665 659 654 
439 665 242 659 
440 654 659 264 
441 216 666 653 
442 666 667 653 
443 666 173 667 
444 653 667 218 
445 181 668 669 
446 668 656 669 
447 668 246 656 
448 669 656 278 
449 182 670 671 
450 670 662 671 
451 670 248 662 
452 671 662 279 
453 266 672 674 
454 672 673 674 
455 672 265 673 
456 674 673 292 
457 219 675 676 
458 675 672 676 
459 675 265 672 
460 676 672 266 
461 218 667 678 
462 667 677 678 
463 667 173 677 
464 678 677 243 
465 266 674 680 
466 674 679 680 
467 674 292 679 
468 680 679 342 
469 342 679 682 
470 679 681 682 
471 679 292 681 
472 682 681 370 
473 400 683 685 
474 683 684 685 
475 683 357 684 
476 685 684 421 
477 294 686 687 
478 686 683 687 
479 686 357 683 
480 687 683 400 
481 433 688 690 
482 688 689 690 
483 688 421 689 
484 690 689 455 
485 400 685 691 
486 685 688 691 
487 685 421 688 
488 691 688 433 
489 518 692 534 
490 692 693 534 
491 692 510 693 
492 534 693 519 
493 219 694 675 
494 694 695 675 
495 694 185 695 
496 675 695 265 
497 447 696 697 
498 696 690 697 
499 696 433 690 
500 697 690 455 
501 447 697 699 
502 697 698 699 
503 697 455 698 
504 699 698 468 
505 343 700 701 
506 700 687 701 
507 700 294 687 
508 701 687 400 
509 267 702 704 
510 702 703 704 
511 702 257 703 
512 704 703 343 
513 292 705 681 
514 705 706 681 
515 705 361 706 
516 681 706 370 
517 257 707 703 
518 707 700 703 
519 707 294 700 
520 703 700 343 
521 370 706 709 
522 706 708 709 
523 706 361 708 
524 709 708 390 
525 221 710 711 
526 710 702 711 
527 710 257 702 
528 711 702 267 
529 370 709 713 
530 709 712 713 
531 709 390 712 
532 713 712 411 
533 411 712 715 
534 712 714 715 
535 712 390 714 
536 715 714 419 
537 244 716 718 
538 716 717 718 
539 716 217 717 
540 718 717 249 
541 181 719 668 
542 719 720 668 
543 719 183 720 
544 668 720 246 
545 182 721 670 
546 721 722 670 
547 721 184 722 
548 670 722 248 
549 183 719 724 
550 719 723 724 
551 719 181 723 
552 724 723 206 
553 184 721 726 
554 721 725 726 
555 721 182 725 
556 726 725 207 
557 28 727 728 
558 727 694 728 
559 727 185 694 
560 728 694 219 
561 269 729 731 
562 729 730 731 
563 729 268 730 
564 731 730 303 
565 371 732 592 
566 732 733 592 
567 732 336 733 
568 592 733 396 
569 220 734 735 
570 734 729 735 
571 734 268 729 
572 735 729 269 
573 191 736 737 
574 736 718 737 
575 736 244 718 
576 737 718 249 
577 401 738 651 
578 738 739 651 
579 738 359 739 
580 651 739 425 
581 272 740 741 
582 740 732 741 
583 740 336 732 
584 741 732 371 
585 293 742 743 
586 742 738 743 
587 742 359 738 
588 743 738 401 
589 304 744 597 
590 744 745 597 
591 744 271 745 
592 597 745 339 
593 290 746 747 
594 746 731 747 
595 746 269 731 
596 747 731 303 
597 290 747 749 
598 747 748 749 
599 747 303 748 
600 749 748 324 
601 344 750 751 
602 750 743 751 
603 750 293 743 
604 751 743 401 
605 305 752 753 
606 752 741 753 
607 752 272 741 
608 753 741 371 
609 402 754 608 
610 754 755 608 
611 754 365 755 
612 608 755 424 
613 270 756 758 
614 756 757 758 
615 756 258 757 
616 758 757 344 
617 258 759 757 
618 759 750 757 
619 759 293 750 
620 757 750 344 
621 220 760 734 
622 760 761 734 
623 760 186 761 
624 734 761 268 
625 295 762 763 
626 762 754 763 
627 762 365 754 
628 763 754 402 
629 222 764 765 
630 764 756 765 
631 764 258 756 
632 765 756 270 
633 172 766 767 
634 766 744 767 
635 766 271 744 
636 767 744 304 
637 345 768 769 
638 768 763 769 
639 768 295 763 
640 769 763 402 
641 413 770 772 
642 770 771 772 
643 770 397 771 
644 772 771 443 
645 495 773 775 
646 773 774 775 
647 773 510 774 
648 775 774 511 
649 511 774 776 
650 774 692 776 
651 774 510 692 
652 776 692 518 
653 397 770 778 
654 770 777 778 
655 770 413 777 
656 778 777 414 
657 191 779 736 
658 779 780 736 
659 779 180 780 
660 736 780 244 
661 359 781 783 
662 781 782 783 
663 781 372 782 
664 783 782 394 
665 165 784 785 
666 784 752 785 
667 784 272 752 
668 785 752 305 
669 274 786 787 
670 786 768 787 
671 786 295 768 
672 787 768 345 
673 359 788 781 
674 788 789 781 
675 788 346 789 
676 781 789 372 
677 346 790 789 
678 790 791 789 
679 790 298 791 
680 789 791 372 
681 300 792 794 
682 792 793 794 
683 792 320 793 
684 794 793 329 
685 104 795 796 
686 795 760 796 
687 795 186 760 
688 796 760 220 
689 221 797 710 
690 797 798 710 
691 797 168 798 
692 710 798 257 
693 276 799 800 
694 799 790 800 
695 799 298 790 
696 800 790 346 
697 300 801 792 
698 801 802 792 
699 801 277 802 
700 792 802 320 
701 271 803 805 
702 803 804 805 
703 803 282 804 
704 805 804 299 
705 173 806 677 
706 806 807 677 
707 806 118 807 
708 677 807 243 
709 274 808 786 
710 808 809 786 
711 808 255 809 
712 786 809 295 
713 45 46 811 
714 46 810 811 
715 46 47 810 
716 811 810 180 
717 222 812 764 
718 812 813 764 
719 812 166 813 
720 764 813 258 
721 515 814 532 
722 814 555 532 
723 814 520 555 
724 532 555 521 
725 515 621 814 
726 621 815 814 
727 621 513 815 
728 814 815 520 
729 181 816 723 
730 816 817 723 
731 816 159 817 
732 723 817 206 
733 182 818 725 
734 818 819 725 
735 818 81 819 
736 725 819 207 
737 496 820 821 
738 820 530 821 
739 820 494 530 
740 821 530 502 
741 474 822 823 
742 822 820 823 
743 822 494 820 
744 823 820 496 
745 413 629 777 
746 629 824 777 
747 629 366 824 
748 777 824 414 
749 512 825 826 
750 825 565 826 
751 825 504 565 
752 826 565 516 
753 493 642 827 
754 642 825 827 
755 642 504 825 
756 827 825 512 
757 276 828 799 
758 828 829 799 
759 828 256 829 
760 799 829 298 
761 271 830 803 
762 830 831 803 
763 830 228 831 
764 803 831 282 
765 366 832 824 
766 832 833 824 
767 832 373 833 
768 824 833 414 
769 147 834 835 
770 834 797 835 
771 834 168 797 
772 835 797 221 
773 272 836 837 
774 836 801 837 
775 836 277 801 
776 837 801 300 
777 227 838 839 
778 838 808 839 
779 838 255 808 
780 839 808 274 
781 223 840 841 
782 840 767 841 
783 840 172 767 
784 841 767 304 
785 373 832 843 
786 832 842 843 
787 832 366 842 
788 843 842 383 
789 482 844 846 
790 844 845 846 
791 844 495 845 
792 846 845 497 
793 497 845 847 
794 845 775 847 
795 845 495 775 
796 847 775 511 
797 24 25 849 
798 25 848 849 
799 25 26 848 
800 849 848 187 
801 26 850 848 
802 850 851 848 
803 850 161 851 
804 848 851 187 
805 63 64 853 
806 64 852 853 
807 64 65 852 
808 853 852 164 
809 141 142 855 
810 142 854 855 
811 142 143 854 
812 855 854 162 
813 180 810 780 
814 810 856 780 
815 810 47 856 
816 780 856 244 
817 69 857 858 
818 857 812 858 
819 857 166 812 
820 858 812 222 
821 225 859 860 
822 859 785 860 
823 859 165 785 
824 860 785 305 
825 162 854 862 
826 854 861 862 
827 854 143 861 
828 862 861 193 
829 224 863 865 
830 863 864 865 
831 863 275 864 
832 865 864 283 
833 231 866 867 
834 866 828 867 
835 866 256 828 
836 867 828 276 
837 284 868 870 
838 868 869 870 
839 868 273 869 
840 870 869 291 
841 164 852 872 
842 852 871 872 
843 852 65 871 
844 872 871 192 
845 226 873 874 
846 873 868 874 
847 873 273 868 
848 874 868 284 
849 448 875 877 
850 875 876 877 
851 875 419 876 
852 877 876 481 
853 448 877 879 
854 877 878 879 
855 877 481 878 
856 879 878 486 
857 145 146 880 
858 146 835 880 
859 146 147 835 
860 880 835 221 
861 102 103 881 
862 103 796 881 
863 103 104 796 
864 881 796 220 
865 284 870 883 
866 870 882 883 
867 870 291 882 
868 883 882 347 
869 272 884 836 
870 884 885 836 
871 884 196 885 
872 836 885 277 
873 283 864 887 
874 864 886 887 
875 864 275 886 
876 887 886 348 
877 67 68 888 
878 68 858 888 
879 68 69 858 
880 888 858 222 
881 228 889 831 
882 889 890 831 
883 889 195 890 
884 831 890 282 
885 513 891 815 
886 891 892 815 
887 891 514 892 
888 815 892 520 
889 187 851 894 
890 851 893 894 
891 851 161 893 
892 894 893 208 
893 513 895 891 
894 895 896 891 
895 895 498 896 
896 891 896 514 
897 338 897 899 
898 897 898 899 
899 897 387 898 
900 899 898 388 
901 229 900 901 
902 900 669 901 
903 900 181 669 
904 901 669 278 
905 347 882 903 
906 882 902 903 
907 882 291 902 
908 903 902 362 
909 63 853 905 
910 853 904 905 
911 853 164 904 
912 905 904 224 
913 252 906 907 
914 906 596 907 
915 906 304 596 
916 907 596 331 
917 32 908 909 
918 908 840 909 
919 908 172 840 
920 909 840 223 
921 441 910 912 
922 910 911 912 
923 910 436 911 
924 912 911 452 
925 355 913 914 
926 913 899 914 
927 913 338 899 
928 914 899 388 
929 120 121 916 
930 121 915 916 
931 121 4 915 
932 916 915 205 
933 141 855 918 
934 855 917 918 
935 855 162 917 
936 918 917 226 
937 374 919 921 
938 919 920 921 
939 919 332 920 
940 921 920 393 
941 159 160 817 
942 160 922 817 
943 160 1 922 
944 817 922 206 
945 81 82 819 
946 82 923 819 
947 82 3 923 
948 819 923 207 
949 230 924 925 
950 924 671 925 
951 924 182 671 
952 925 671 279 
953 403 926 928 
954 926 927 928 
955 926 393 927 
956 928 927 426 
957 407 929 930 
958 929 910 930 
959 929 436 910 
960 930 910 441 
961 458 931 587 
962 931 932 587 
963 931 456 932 
964 587 932 469 
965 411 715 934 
966 715 933 934 
967 715 419 933 
968 934 933 434 
969 434 933 935 
970 933 875 935 
971 933 419 875 
972 935 875 448 
973 435 936 938 
974 936 937 938 
975 936 426 937 
976 938 937 446 
977 193 861 940 
978 861 939 940 
979 861 143 939 
980 940 939 221 
981 42 533 941 
982 533 811 941 
983 533 45 811 
984 941 811 180 
985 403 928 942 
986 928 936 942 
987 928 426 936 
988 942 936 435 
989 374 921 943 
990 921 926 943 
991 921 393 926 
992 943 926 403 
993 108 944 945 
994 944 859 945 
995 944 165 859 
996 945 859 225 
997 438 946 947 
998 946 931 947 
999 946 456 931 
1000 947 931 458 
1001 227 948 838 
1002 948 949 838 
1003 948 175 949 
1004 838 949 255 
1005 453 950 952 
1006 950 951 952 
1007 950 428 951 
1008 952 951 485 
1009 162 862 954 
1010 862 953 954 
1011 862 193 953 
1012 954 953 211 
1013 445 955 956 
1014 955 950 956 
1015 955 428 950 
1016 956 950 453 
1017 252 957 906 
1018 957 841 906 
1019 957 223 841 
1020 906 841 304 
1021 224 904 863 
1022 904 958 863 
1023 904 164 958 
1024 863 958 275 
1025 192 871 960 
1026 871 959 960 
1027 871 65 959 
1028 960 959 222 
1029 307 961 637 
1030 961 962 637 
1031 961 278 962 
1032 637 962 334 
1033 226 917 873 
1034 917 963 873 
1035 917 162 963 
1036 873 963 273 
1037 250 964 965 
1038 964 860 965 
1039 964 225 860 
1040 965 860 305 
1041 163 966 967 
1042 966 881 967 
1043 966 102 881 
1044 967 881 220 
1045 161 968 969 
1046 968 676 969 
1047 968 219 676 
1048 969 676 266 
1049 250 970 971 
1050 970 919 971 
1051 970 332 919 
1052 971 919 374 
1053 168 972 974 
1054 972 973 974 
1055 972 190 973 
1056 974 973 214 
1057 308 975 639 
1058 975 976 639 
1059 975 279 976 
1060 639 976 335 
1061 163 967 977 
1062 967 735 977 
1063 967 220 735 
1064 977 735 269 
1065 362 978 979 
1066 978 955 979 
1067 978 428 955 
1068 979 955 445 
1069 231 980 866 
1070 980 981 866 
1071 980 176 981 
1072 866 981 256 
1073 261 982 984 
1074 982 983 984 
1075 982 319 983 
1076 984 983 354 
1077 415 985 986 
1078 985 979 986 
1079 985 362 979 
1080 986 979 445 
1081 195 987 988 
1082 987 737 988 
1083 987 191 737 
1084 988 737 249 
1085 164 872 990 
1086 872 989 990 
1087 872 192 989 
1088 990 989 209 
1089 193 940 991 
1090 940 711 991 
1091 940 221 711 
1092 991 711 267 
1093 286 992 993 
1094 992 984 993 
1095 992 261 984 
1096 993 984 354 
1097 232 994 995 
1098 994 884 995 
1099 994 196 884 
1100 995 884 272 
1101 262 996 998 
1102 996 997 998 
1103 996 296 997 
1104 998 997 353 
1105 251 999 1000 
1106 999 913 1000 
1107 999 338 913 
1108 1000 913 355 
1109 185 1001 1003 
1110 1001 1002 1003 
1111 1001 30 1002 
1112 1003 1002 223 
1113 317 1004 1005 
1114 1004 1000 1005 
1115 1004 251 1000 
1116 1005 1000 355 
1117 438 1006 946 
1118 1006 1007 946 
1119 1006 437 1007 
1120 946 1007 456 
1121 287 1008 1009 
1122 1008 998 1009 
1123 1008 262 998 
1124 1009 998 353 
1125 4 122 915 
1126 122 1010 915 
1127 122 123 1010 
1128 915 1010 205 
1129 166 1011 1013 
1130 1011 1012 1013 
1131 1011 194 1012 
1132 1013 1012 212 
1133 1 5 922 
1134 5 1014 922 
1135 5 6 1014 
1136 922 1014 206 
1137 3 83 923 
1138 83 1015 923 
1139 83 84 1015 
1140 923 1015 207 
1141 410 1016 1017 
1142 1016 1006 1017 
1143 1016 437 1006 
1144 1017 1006 438 
1145 356 1018 1020 
1146 1018 1019 1020 
1147 1018 337 1019 
1148 1020 1019 386 
1149 505 581 1022 
1150 581 1021 1022 
1151 581 488 1021 
1152 1022 1021 511 
1153 153 1023 1024 
1154 1023 948 1024 
1155 1023 175 948 
1156 1024 948 227 
1157 505 1022 552 
1158 1022 776 552 
1159 1022 511 776 
1160 552 776 518 
1161 26 27 1025 
1162 27 728 1025 
1163 27 28 728 
1164 1025 728 219 
1165 175 1026 1027 
1166 1026 961 1027 
1167 1026 278 961 
1168 1027 961 307 
1169 416 1028 1030 
1170 1028 1029 1030 
1171 1028 431 1029 
1172 1030 1029 440 
1173 337 1031 1019 
1174 1031 1032 1019 
1175 1031 385 1032 
1176 1019 1032 386 
1177 186 1033 1035 
1178 1033 1034 1035 
1179 1033 106 1034 
1180 1035 1034 225 
1181 190 1036 1037 
1182 1036 839 1037 
1183 1036 227 839 
1184 1037 839 274 
1185 192 960 1038 
1186 960 765 1038 
1187 960 222 765 
1188 1038 765 270 
1189 347 903 1039 
1190 903 985 1039 
1191 903 362 985 
1192 1039 985 415 
1193 176 1040 1041 
1194 1040 975 1041 
1195 1040 279 975 
1196 1041 975 308 
1197 263 1042 1044 
1198 1042 1043 1044 
1199 1042 280 1043 
1200 1044 1043 306 
1201 309 1045 1046 
1202 1045 907 1046 
1203 1045 252 907 
1204 1046 907 331 
1205 417 1047 1048 
1206 1047 1030 1048 
1207 1047 416 1030 
1208 1048 1030 440 
1209 380 1049 1050 
1210 1049 1039 1050 
1211 1049 347 1039 
1212 1050 1039 415 
1213 185 1003 1051 
1214 1003 957 1051 
1215 1003 223 957 
1216 1051 957 252 
1217 255 1052 1053 
1218 1052 638 1053 
1219 1052 307 638 
1220 1053 638 340 
1221 194 1054 1055 
1222 1054 867 1055 
1223 1054 231 867 
1224 1055 867 276 
1225 468 1056 1058 
1226 1056 1057 1058 
1227 1056 503 1057 
1228 1058 1057 514 
1229 448 879 1060 
1230 879 1059 1060 
1231 879 486 1059 
1232 1060 1059 495 
1233 352 1061 1062 
1234 1061 778 1062 
1235 1061 397 778 
1236 1062 778 414 
1237 482 1063 844 
1238 1063 1060 844 
1239 1063 448 1060 
1240 844 1060 495 
1241 501 1064 1065 
1242 1064 1058 1065 
1243 1064 468 1058 
1244 1065 1058 514 
1245 36 1066 1067 
1246 1066 889 1067 
1247 1066 195 889 
1248 1067 889 228 
1249 248 1068 663 
1250 1068 1069 663 
1251 1068 247 1069 
1252 663 1069 323 
1253 250 965 970 
1254 965 1070 970 
1255 965 305 1070 
1256 970 1070 332 
1257 256 1071 1072 
1258 1071 640 1072 
1259 1071 308 640 
1260 1072 640 341 
1261 155 1073 1074 
1262 1073 900 1074 
1263 1073 181 900 
1264 1074 900 229 
1265 77 1075 1076 
1266 1075 924 1076 
1267 1075 182 924 
1268 1076 924 230 
1269 196 1077 885 
1270 1077 1078 885 
1271 1077 173 1078 
1272 885 1078 277 
1273 508 1079 605 
1274 1079 826 605 
1275 1079 512 826 
1276 605 826 516 
1277 373 1080 833 
1278 1080 1062 833 
1279 1080 352 1062 
1280 833 1062 414 
1281 151 152 1081 
1282 152 1024 1081 
1283 152 153 1024 
1284 1081 1024 227 
1285 47 48 856 
1286 48 1082 856 
1287 48 49 1082 
1288 856 1082 244 
1289 246 1083 657 
1290 1083 1084 657 
1291 1083 245 1084 
1292 657 1084 322 
1293 412 1085 1086 
1294 1085 934 1086 
1295 1085 411 934 
1296 1086 934 434 
1297 75 1087 1088 
1298 1087 980 1088 
1299 1087 176 980 
1300 1088 980 231 
1301 168 1089 972 
1302 1089 1090 972 
1303 1089 149 1090 
1304 972 1090 190 
1305 316 1091 1093 
1306 1091 1092 1093 
1307 1091 253 1092 
1308 1093 1092 356 
1309 205 1094 1095 
1310 1094 678 1095 
1311 1094 218 678 
1312 1095 678 243 
1313 214 1096 1097 
1314 1096 787 1097 
1315 1096 274 787 
1316 1097 787 345 
1317 263 1098 1042 
1318 1098 1099 1042 
1319 1098 217 1099 
1320 1042 1099 280 
1321 326 1100 1101 
1322 1100 1085 1101 
1323 1100 411 1085 
1324 1101 1085 412 
1325 333 1102 1103 
1326 1102 1047 1103 
1327 1102 416 1047 
1328 1103 1047 417 
1329 381 1104 1105 
1330 1104 1101 1105 
1331 1104 326 1101 
1332 1105 1101 412 
1333 172 1106 766 
1334 1106 830 766 
1335 1106 228 830 
1336 766 830 271 
1337 143 144 939 
1338 144 880 939 
1339 144 145 880 
1340 939 880 221 
1341 492 1107 1108 
1342 1107 821 1108 
1343 1107 496 821 
1344 1108 821 502 
1345 212 1109 1110 
1346 1109 800 1110 
1347 1109 276 800 
1348 1110 800 346 
1349 384 1111 1112 
1350 1111 1103 1112 
1351 1111 333 1103 
1352 1112 1103 417 
1353 310 1113 1114 
1354 1113 971 1114 
1355 1113 250 971 
1356 1114 971 374 
1357 123 1115 1010 
1358 1115 1116 1010 
1359 1115 179 1116 
1360 1010 1116 205 
1361 104 105 795 
1362 105 1033 795 
1363 105 106 1033 
1364 795 1033 186 
1365 173 666 1078 
1366 666 1117 1078 
1367 666 216 1117 
1368 1078 1117 277 
1369 423 1118 1120 
1370 1118 1119 1120 
1371 1118 461 1119 
1372 1120 1119 463 
1373 28 29 727 
1374 29 1001 727 
1375 29 30 1001 
1376 727 1001 185 
1377 185 1051 1121 
1378 1051 1045 1121 
1379 1051 252 1045 
1380 1121 1045 309 
1381 277 1117 802 
1382 1117 1122 802 
1383 1117 216 1122 
1384 802 1122 320 
1385 492 601 1107 
1386 601 1123 1107 
1387 601 479 1123 
1388 1107 1123 496 
1389 40 1124 1125 
1390 1124 779 1125 
1391 1124 180 779 
1392 1125 779 191 
1393 186 1035 1126 
1394 1035 964 1126 
1395 1035 225 964 
1396 1126 964 250 
1397 168 974 798 
1398 974 1127 798 
1399 974 214 1127 
1400 798 1127 257 
1401 253 1128 1092 
1402 1128 1018 1092 
1403 1128 337 1018 
1404 1092 1018 356 
1405 240 1129 1131 
1406 1129 1130 1131 
1407 1129 204 1130 
1408 1131 1130 286 
1409 249 1132 1134 
1410 1132 1133 1134 
1411 1132 263 1133 
1412 1134 1133 282 
1413 175 1135 1026 
1414 1135 901 1026 
1415 1135 229 901 
1416 1026 901 278 
1417 431 1136 1137 
1418 1136 1120 1137 
1419 1136 423 1120 
1420 1137 1120 463 
1421 391 1138 1140 
1422 1138 1139 1140 
1423 1138 447 1139 
1424 1140 1139 485 
1425 484 1141 1142 
1426 1141 823 1142 
1427 1141 474 823 
1428 1142 823 496 
1429 239 1143 1145 
1430 1143 1144 1145 
1431 1143 203 1144 
1432 1145 1144 287 
1433 65 66 959 
1434 66 888 959 
1435 66 67 888 
1436 959 888 222 
1437 38 1146 1147 
1438 1146 987 1147 
1439 1146 191 987 
1440 1147 987 195 
1441 428 1148 951 
1442 1148 1140 951 
1443 1148 391 1140 
1444 951 1140 485 
1445 6 1149 1014 
1446 1149 724 1014 
1447 1149 183 724 
1448 1014 724 206 
1449 176 1150 1040 
1450 1150 925 1040 
1451 1150 230 925 
1452 1040 925 279 
1453 84 1151 1015 
1454 1151 726 1015 
1455 1151 184 726 
1456 1015 726 207 
1457 190 1090 1036 
1458 1090 1152 1036 
1459 1090 149 1152 
1460 1036 1152 227 
1461 461 1153 1155 
1462 1153 1154 1155 
1463 1153 465 1154 
1464 1155 1154 484 
1465 395 1156 1157 
1466 1156 1136 1157 
1467 1156 423 1136 
1468 1157 1136 431 
1469 183 1158 720 
1470 1158 1159 720 
1471 1158 177 1159 
1472 720 1159 246 
1473 184 1160 722 
1474 1160 1161 722 
1475 1160 178 1161 
1476 722 1161 248 
1477 488 1162 1021 
1478 1162 847 1021 
1479 1162 497 847 
1480 1021 847 511 
1481 461 1118 1153 
1482 1118 1163 1153 
1483 1118 423 1163 
1484 1153 1163 465 
1485 165 1164 784 
1486 1164 995 784 
1487 1164 232 995 
1488 784 995 272 
1489 462 1165 1166 
1490 1165 1141 1166 
1491 1165 474 1141 
1492 1166 1141 484 
1493 73 74 1167 
1494 74 1088 1167 
1495 74 75 1088 
1496 1167 1088 231 
1497 321 1168 1169 
1498 1168 1080 1169 
1499 1168 352 1080 
1500 1169 1080 373 
1501 488 572 1162 
1502 572 1170 1162 
1503 572 471 1170 
1504 1162 1170 497 
1505 166 1013 813 
1506 1013 1171 813 
1507 1013 212 1171 
1508 813 1171 258 
1509 465 1172 1154 
1510 1172 1166 1154 
1511 1172 462 1166 
1512 1154 1166 484 
1513 49 1173 1082 
1514 1173 1174 1082 
1515 1173 174 1174 
1516 1082 1174 244 
1517 296 1175 1176 
1518 1175 1169 1176 
1519 1175 321 1169 
1520 1176 1169 373 
1521 204 1177 1130 
1522 1177 992 1130 
1523 1177 261 992 
1524 1130 992 286 
1525 255 949 1052 
1526 949 1027 1052 
1527 949 175 1027 
1528 1052 1027 307 
1529 404 1178 1179 
1530 1178 574 1179 
1531 1178 398 574 
1532 1179 574 422 
1533 197 1180 1182 
1534 1180 1181 1182 
1535 1180 259 1181 
1536 1182 1181 281 
1537 375 1183 1184 
1538 1183 577 1184 
1539 1183 331 577 
1540 1184 577 398 
1541 416 1185 1028 
1542 1185 1157 1028 
1543 1185 395 1157 
1544 1028 1157 431 
1545 166 1186 1011 
1546 1186 1187 1011 
1547 1186 71 1187 
1548 1011 1187 194 
1549 389 1188 1189 
1550 1188 1172 1189 
1551 1188 462 1172 
1552 1189 1172 465 
1553 256 981 1071 
1554 981 1041 1071 
1555 981 176 1041 
1556 1071 1041 308 
1557 442 1190 1191 
1558 1190 1189 1191 
1559 1190 389 1189 
1560 1191 1189 465 
1561 375 1184 1192 
1562 1184 1178 1192 
1563 1184 398 1178 
1564 1192 1178 404 
1565 203 1193 1144 
1566 1193 1008 1144 
1567 1193 262 1008 
1568 1144 1008 287 
1569 407 1194 929 
1570 1194 1195 929 
1571 1194 406 1195 
1572 929 1195 436 
1573 405 1196 617 
1574 1196 1197 617 
1575 1196 369 1197 
1576 617 1197 440 
1577 177 1198 1159 
1578 1198 1083 1159 
1579 1198 245 1083 
1580 1159 1083 246 
1581 282 1133 804 
1582 1133 1199 804 
1583 1133 263 1199 
1584 804 1199 299 
1585 443 1200 1202 
1586 1200 1201 1202 
1587 1200 358 1201 
1588 1202 1201 466 
1589 178 1203 1161 
1590 1203 1068 1161 
1591 1203 247 1068 
1592 1161 1068 248 
1593 309 1046 1204 
1594 1046 1183 1204 
1595 1046 331 1183 
1596 1204 1183 375 
1597 439 1205 1207 
1598 1205 1206 1207 
1599 1205 422 1206 
1600 1207 1206 451 
1601 404 1179 1208 
1602 1179 1205 1208 
1603 1179 422 1205 
1604 1208 1205 439 
1605 364 1209 1211 
1606 1209 1210 1211 
1607 1209 324 1210 
1608 1211 1210 442 
1609 324 1212 1210 
1610 1212 1190 1210 
1611 1212 389 1190 
1612 1210 1190 442 
1613 195 988 890 
1614 988 1134 890 
1615 988 249 1134 
1616 890 1134 282 
1617 218 1213 665 
1618 1213 1214 665 
1619 1213 179 1214 
1620 665 1214 242 
1621 386 1215 1216 
1622 1215 1194 1216 
1623 1215 406 1194 
1624 1216 1194 407 
1625 194 1187 1054 
1626 1187 1217 1054 
1627 1187 71 1217 
1628 1054 1217 231 
1629 186 1126 1218 
1630 1126 1113 1218 
1631 1126 250 1113 
1632 1218 1113 310 
1633 114 1219 1220 
1634 1219 994 1220 
1635 1219 196 994 
1636 1220 994 232 
1637 283 887 1222 
1638 887 1221 1222 
1639 887 348 1221 
1640 1222 1221 376 
1641 397 1223 771 
1642 1223 1200 771 
1643 1223 358 1200 
1644 771 1200 443 
1645 406 1224 1226 
1646 1224 1225 1226 
1647 1224 385 1225 
1648 1226 1225 444 
1649 439 1207 1228 
1650 1207 1227 1228 
1651 1207 451 1227 
1652 1228 1227 459 
1653 459 1227 1230 
1654 1227 1229 1230 
1655 1227 451 1229 
1656 1230 1229 481 
1657 172 1231 1106 
1658 1231 1232 1106 
1659 1231 34 1232 
1660 1106 1232 228 
1661 385 1233 1225 
1662 1233 1234 1225 
1663 1233 418 1234 
1664 1225 1234 444 
1665 463 1119 611 
1666 1119 1235 611 
1667 1119 461 1235 
1668 611 1235 479 
1669 30 31 1002 
1670 31 909 1002 
1671 31 32 909 
1672 1002 909 223 
1673 281 1181 1237 
1674 1181 1236 1237 
1675 1181 259 1236 
1676 1237 1236 302 
1677 175 1023 1135 
1678 1023 1238 1135 
1679 1023 153 1238 
1680 1135 1238 229 
1681 395 1239 1240 
1682 1239 1211 1240 
1683 1239 364 1211 
1684 1240 1211 442 
1685 382 1241 1242 
1686 1241 1239 1242 
1687 1241 364 1239 
1688 1242 1239 395 
1689 147 148 834 
1690 148 1089 834 
1691 148 149 1089 
1692 834 1089 168 
1693 318 1243 1245 
1694 1243 1244 1245 
1695 1243 290 1244 
1696 1245 1244 364 
1697 330 1246 1247 
1698 1246 1223 1247 
1699 1246 358 1223 
1700 1247 1223 397 
1701 419 1248 876 
1702 1248 1230 876 
1703 1248 459 1230 
1704 876 1230 481 
1705 176 1087 1150 
1706 1087 1249 1150 
1707 1087 75 1249 
1708 1150 1249 230 
1709 297 1250 1251 
1710 1250 1111 1251 
1711 1250 333 1111 
1712 1251 1111 384 
1713 293 1252 742 
1714 1252 788 742 
1715 1252 346 788 
1716 742 788 359 
1717 294 1253 686 
1718 1253 1254 686 
1719 1253 345 1254 
1720 686 1254 357 
1721 299 1199 1256 
1722 1199 1255 1256 
1723 1199 263 1255 
1724 1256 1255 328 
1725 489 1257 622 
1726 1257 895 622 
1727 1257 498 895 
1728 622 895 513 
1729 189 1258 1260 
1730 1258 1259 1260 
1731 1258 284 1259 
1732 1260 1259 312 
1733 212 1012 1109 
1734 1012 1055 1109 
1735 1012 194 1055 
1736 1109 1055 276 
1737 296 1261 1175 
1738 1261 1262 1175 
1739 1261 237 1262 
1740 1175 1262 321 
1741 257 1127 707 
1742 1127 1263 707 
1743 1127 214 1263 
1744 707 1263 294 
1745 238 1264 1265 
1746 1264 1260 1265 
1747 1264 189 1260 
1748 1265 1260 312 
1749 473 1266 1267 
1750 1266 846 1267 
1751 1266 482 846 
1752 1267 846 497 
1753 332 1268 1269 
1754 1268 593 1269 
1755 1268 371 593 
1756 1269 593 430 
1757 161 850 968 
1758 850 1025 968 
1759 850 26 1025 
1760 968 1025 219 
1761 319 1270 1271 
1762 1270 1251 1271 
1763 1270 297 1251 
1764 1271 1251 384 
1765 366 636 842 
1766 636 1272 842 
1767 636 334 1272 
1768 842 1272 383 
1769 264 1273 1275 
1770 1273 1274 1275 
1771 1273 301 1274 
1772 1275 1274 320 
1773 106 107 1034 
1774 107 945 1034 
1775 107 108 945 
1776 1034 945 225 
1777 489 544 1257 
1778 544 1276 1257 
1779 544 469 1276 
1780 1257 1276 498 
1781 214 973 1096 
1782 973 1037 1096 
1783 973 190 1037 
1784 1096 1037 274 
1785 272 837 740 
1786 837 1277 740 
1787 837 300 1277 
1788 740 1277 336 
1789 376 1221 1279 
1790 1221 1278 1279 
1791 1221 348 1278 
1792 1279 1278 418 
1793 290 749 1244 
1794 749 1209 1244 
1795 749 324 1209 
1796 1244 1209 364 
1797 298 1280 1281 
1798 1280 1196 1281 
1799 1280 369 1196 
1800 1281 1196 405 
1801 351 1282 1284 
1802 1282 1283 1284 
1803 1282 318 1283 
1804 1284 1283 382 
1805 262 1285 996 
1806 1285 1261 996 
1807 1285 237 1261 
1808 996 1261 296 
1809 213 1286 1287 
1810 1286 1270 1287 
1811 1286 297 1270 
1812 1287 1270 319 
1813 265 1288 1290 
1814 1288 1289 1290 
1815 1288 309 1289 
1816 1290 1289 349 
1817 247 1291 1069 
1818 1291 1292 1069 
1819 1291 286 1292 
1820 1069 1292 323 
1821 291 1293 902 
1822 1293 1294 902 
1823 1293 325 1294 
1824 902 1294 362 
1825 38 39 1146 
1826 39 1125 1146 
1827 39 40 1125 
1828 1146 1125 191 
1829 40 41 1124 
1830 41 941 1124 
1831 41 42 941 
1832 1124 941 180 
1833 336 1277 1296 
1834 1277 1295 1296 
1835 1277 300 1295 
1836 1296 1295 360 
1837 452 1297 548 
1838 1297 1298 548 
1839 1297 483 1298 
1840 548 1298 500 
1841 254 1299 1301 
1842 1299 1300 1301 
1843 1299 330 1300 
1844 1301 1300 352 
1845 335 1302 1304 
1846 1302 1303 1304 
1847 1302 323 1303 
1848 1304 1303 354 
1849 352 1300 1061 
1850 1300 1247 1061 
1851 1300 330 1247 
1852 1061 1247 397 
1853 114 1305 1219 
1854 1305 1077 1219 
1855 1305 173 1077 
1856 1219 1077 196 
1857 162 954 963 
1858 954 1306 963 
1859 954 211 1306 
1860 963 1306 273 
1861 118 119 807 
1862 119 1307 807 
1863 119 120 1307 
1864 807 1307 243 
1865 245 1308 1084 
1866 1308 1309 1084 
1867 1308 287 1309 
1868 1084 1309 322 
1869 321 1310 1168 
1870 1310 1301 1168 
1871 1310 254 1301 
1872 1168 1301 352 
1873 295 1311 762 
1874 1311 631 762 
1875 1311 340 631 
1876 762 631 365 
1877 334 1312 1272 
1878 1312 1313 1272 
1879 1312 322 1313 
1880 1272 1313 383 
1881 112 113 1314 
1882 113 1220 1314 
1883 113 114 1220 
1884 1314 1220 232 
1885 298 1315 1280 
1886 1315 627 1280 
1887 1315 341 627 
1888 1280 627 369 
1889 298 829 1315 
1890 829 1072 1315 
1891 829 256 1072 
1892 1315 1072 341 
1893 155 156 1073 
1894 156 1316 1073 
1895 156 157 1316 
1896 1073 1316 181 
1897 157 158 1316 
1898 158 816 1316 
1899 158 159 816 
1900 1316 816 181 
1901 339 1317 1319 
1902 1317 1318 1319 
1903 1317 299 1318 
1904 1319 1318 368 
1905 77 78 1075 
1906 78 1320 1075 
1907 78 79 1320 
1908 1075 1320 182 
1909 79 80 1320 
1910 80 818 1320 
1911 80 81 818 
1912 1320 818 182 
1913 36 37 1066 
1914 37 1147 1066 
1915 37 38 1147 
1916 1066 1147 195 
1917 281 1237 1322 
1918 1237 1321 1322 
1919 1237 302 1321 
1920 1322 1321 315 
1921 69 70 857 
1922 70 1186 857 
1923 70 71 1186 
1924 857 1186 166 
1925 318 1245 1283 
1926 1245 1241 1283 
1927 1245 364 1241 
1928 1283 1241 382 
1929 261 1323 982 
1930 1323 1287 982 
1931 1323 213 1287 
1932 982 1287 319 
1933 372 1324 1325 
1934 1324 616 1325 
1935 1324 405 616 
1936 1325 616 427 
1937 260 1326 1328 
1938 1326 1327 1328 
1939 1326 210 1327 
1940 1328 1327 318 
1941 332 1070 1268 
1942 1070 753 1268 
1943 1070 305 753 
1944 1268 753 371 
1945 349 1289 1329 
1946 1289 1204 1329 
1947 1289 309 1204 
1948 1329 1204 375 
1949 365 630 755 
1950 630 1330 755 
1951 630 413 1330 
1952 755 1330 424 
1953 306 1043 1332 
1954 1043 1331 1332 
1955 1043 280 1331 
1956 1332 1331 316 
1957 149 150 1152 
1958 150 1081 1152 
1959 150 151 1081 
1960 1152 1081 227 
1961 295 809 1311 
1962 809 1053 1311 
1963 809 255 1053 
1964 1311 1053 340 
1965 335 1304 634 
1966 1304 1333 634 
1967 1304 354 1333 
1968 634 1333 367 
1969 440 1029 615 
1970 1029 1137 615 
1971 1029 431 1137 
1972 615 1137 463 
1973 275 1334 886 
1974 1334 1335 886 
1975 1334 289 1335 
1976 886 1335 348 
1977 333 1250 1337 
1978 1250 1336 1337 
1979 1250 297 1336 
1980 1337 1336 351 
1981 348 1335 1339 
1982 1335 1338 1339 
1983 1335 289 1338 
1984 1339 1338 363 
1985 165 1340 1164 
1986 1340 1341 1164 
1987 1340 110 1341 
1988 1164 1341 232 
1989 153 154 1238 
1990 154 1074 1238 
1991 154 155 1074 
1992 1238 1074 229 
1993 34 35 1232 
1994 35 1067 1232 
1995 35 36 1067 
1996 1232 1067 228 
1997 353 1342 1343 
1998 1342 843 1343 
1999 1342 373 843 
2000 1343 843 383 
2001 258 1171 759 
2002 1171 1344 759 
2003 1171 212 1344 
2004 759 1344 293 
2005 75 76 1249 
2006 76 1076 1249 
2007 76 77 1076 
2008 1249 1076 230 
2009 293 1344 1252 
2010 1344 1110 1252 
2011 1344 212 1110 
2012 1252 1110 346 
2013 294 1263 1253 
2014 1263 1097 1253 
2015 1263 214 1097 
2016 1253 1097 345 
2017 268 1345 1347 
2018 1345 1346 1347 
2019 1345 310 1346 
2020 1347 1346 350 
2021 235 1348 1349 
2022 1348 1182 1349 
2023 1348 197 1182 
2024 1349 1182 281 
2025 301 1350 1352 
2026 1350 1351 1352 
2027 1350 288 1351 
2028 1352 1351 317 
2029 412 1086 1354 
2030 1086 1353 1354 
2031 1086 434 1353 
2032 1354 1353 466 
2033 358 1355 1201 
2034 1355 1354 1201 
2035 1355 412 1354 
2036 1201 1354 466 
2037 210 1356 1327 
2038 1356 1243 1327 
2039 1356 290 1243 
2040 1327 1243 318 
2041 71 72 1217 
2042 72 1167 1217 
2043 72 73 1167 
2044 1217 1167 231 
2045 329 1357 1359 
2046 1357 1358 1359 
2047 1357 301 1358 
2048 1359 1358 355 
2049 367 1333 1361 
2050 1333 1360 1361 
2051 1333 354 1360 
2052 1361 1360 384 
2053 32 33 908 
2054 33 1231 908 
2055 33 34 1231 
2056 908 1231 172 
2057 289 1362 1338 
2058 1362 1363 1338 
2059 1362 327 1363 
2060 1338 1363 363 
2061 289 1364 1366 
2062 1364 1365 1366 
2063 1364 209 1365 
2064 1366 1365 313 
2065 241 1367 1368 
2066 1367 1004 1368 
2067 1367 251 1004 
2068 1368 1004 317 
2069 333 1337 1369 
2070 1337 1284 1369 
2071 1337 351 1284 
2072 1369 1284 382 
2073 409 1370 1372 
2074 1370 1371 1372 
2075 1370 387 1371 
2076 1372 1371 415 
2077 395 1240 1373 
2078 1240 1191 1373 
2079 1240 442 1191 
2080 1373 1191 465 
2081 372 791 1324 
2082 791 1281 1324 
2083 791 298 1281 
2084 1324 1281 405 
2085 396 1374 1376 
2086 1374 1375 1376 
2087 1374 360 1375 
2088 1376 1375 438 
2089 322 1377 1313 
2090 1377 1343 1313 
2091 1377 353 1343 
2092 1313 1343 383 
2093 271 805 745 
2094 805 1317 745 
2095 805 299 1317 
2096 745 1317 339 
2097 388 1378 1380 
2098 1378 1379 1380 
2099 1378 409 1379 
2100 1380 1379 410 
2101 360 1381 1383 
2102 1381 1382 1383 
2103 1381 329 1382 
2104 1383 1382 388 
2105 116 117 1384 
2106 117 806 1384 
2107 117 118 806 
2108 1384 806 173 
2109 131 132 1386 
2110 132 1385 1386 
2111 132 133 1385 
2112 1386 1385 241 
2113 114 115 1305 
2114 115 1384 1305 
2115 115 116 1384 
2116 1305 1384 173 
2117 285 1387 1389 
2118 1387 1388 1389 
2119 1387 260 1388 
2120 1389 1388 351 
2121 423 1156 1163 
2122 1156 1373 1163 
2123 1156 395 1373 
2124 1163 1373 465 
2125 393 1390 1391 
2126 1390 588 1391 
2127 1390 430 588 
2128 1391 588 457 
2129 437 1392 1394 
2130 1392 1393 1394 
2131 1392 409 1393 
2132 1394 1393 453 
2133 213 1395 1286 
2134 1395 1396 1286 
2135 1395 285 1396 
2136 1286 1396 297 
2137 215 1397 1398 
2138 1397 1310 1398 
2139 1397 254 1310 
2140 1398 1310 321 
2141 338 1399 897 
2142 1399 1400 897 
2143 1399 380 1400 
2144 897 1400 387 
2145 357 1401 1402 
2146 1401 609 1402 
2147 1401 402 609 
2148 1402 609 454 
2149 350 1403 1404 
2150 1403 943 1404 
2151 1403 374 943 
2152 1404 943 403 
2153 358 1405 1355 
2154 1405 1105 1355 
2155 1405 381 1105 
2156 1355 1105 412 
2157 312 1406 1407 
2158 1406 1049 1407 
2159 1406 347 1049 
2160 1407 1049 380 
2161 291 1408 1410 
2162 1408 1409 1410 
2163 1408 211 1409 
2164 1410 1409 311 
2165 358 1246 1405 
2166 1246 1411 1405 
2167 1246 330 1411 
2168 1405 1411 381 
2169 297 1396 1336 
2170 1396 1389 1336 
2171 1396 285 1389 
2172 1336 1389 351 
2173 450 1412 1413 
2174 1412 603 1413 
2175 1412 460 603 
2176 1413 603 478 
2177 359 783 739 
2178 783 1414 739 
2179 783 394 1414 
2180 739 1414 425 
2181 336 1296 733 
2182 1296 1374 733 
2183 1296 360 1374 
2184 733 1374 396 
2185 110 111 1341 
2186 111 1314 1341 
2187 111 112 1314 
2188 1341 1314 232 
2189 260 1328 1388 
2190 1328 1282 1388 
2191 1328 318 1282 
2192 1388 1282 351 
2193 53 54 1416 
2194 54 1415 1416 
2195 54 55 1415 
2196 1416 1415 234 
2197 249 717 1132 
2198 717 1098 1132 
2199 717 217 1098 
2200 1132 1098 263 
2201 429 1417 550 
2202 1417 912 550 
2203 1417 441 912 
2204 550 912 452 
2205 55 1418 1415 
2206 1418 1419 1415 
2207 1418 167 1419 
2208 1415 1419 234 
2209 456 1007 1421 
2210 1007 1420 1421 
2211 1007 437 1420 
2212 1421 1420 472 
2213 237 1422 1262 
2214 1422 1398 1262 
2215 1422 215 1398 
2216 1262 1398 321 
2217 360 1383 1423 
2218 1383 1380 1423 
2219 1383 388 1380 
2220 1423 1380 410 
2221 170 1424 1426 
2222 1424 1425 1426 
2223 1424 236 1425 
2224 1426 1425 285 
2225 314 1427 1428 
2226 1427 1222 1428 
2227 1427 283 1222 
2228 1428 1222 376 
2229 108 109 944 
2230 109 1340 944 
2231 109 110 1340 
2232 944 1340 165 
2233 234 1429 1430 
2234 1429 1091 1430 
2235 1429 253 1091 
2236 1430 1091 316 
2237 424 1330 1432 
2238 1330 1431 1432 
2239 1330 413 1431 
2240 1432 1431 449 
2241 254 1397 1434 
2242 1397 1433 1434 
2243 1397 215 1433 
2244 1434 1433 281 
2245 349 1329 1435 
2246 1329 1192 1435 
2247 1329 375 1192 
2248 1435 1192 404 
2249 120 916 1307 
2250 916 1095 1307 
2251 916 205 1095 
2252 1307 1095 243 
2253 333 1436 1102 
2254 1436 1185 1102 
2255 1436 395 1185 
2256 1102 1185 416 
2257 216 655 1122 
2258 655 1275 1122 
2259 655 264 1275 
2260 1122 1275 320 
2261 350 1346 1403 
2262 1346 1114 1403 
2263 1346 310 1114 
2264 1403 1114 374 
2265 394 1437 1438 
2266 1437 612 1438 
2267 1437 427 612 
2268 1438 612 460 
2269 367 1361 624 
2270 1361 1112 624 
2271 1361 384 1112 
2272 624 1112 417 
2273 265 695 1288 
2274 695 1121 1288 
2275 695 185 1121 
2276 1288 1121 309 
2277 377 1439 1440 
2278 1439 652 1440 
2279 1439 401 652 
2280 1440 652 432 
2281 450 1441 1412 
2282 1441 1438 1412 
2283 1441 394 1438 
2284 1412 1438 460 
2285 396 1376 591 
2286 1376 947 591 
2287 1376 438 947 
2288 591 947 458 
2289 313 1442 1444 
2290 1442 1443 1444 
2291 1442 344 1443 
2292 1444 1443 377 
2293 429 567 1417 
2294 567 1445 1417 
2295 567 399 1445 
2296 1417 1445 441 
2297 360 1423 1375 
2298 1423 1017 1375 
2299 1423 410 1017 
2300 1375 1017 438 
2301 393 920 1390 
2302 920 1269 1390 
2303 920 332 1269 
2304 1390 1269 430 
2305 315 1446 1447 
2306 1446 1104 1447 
2307 1446 326 1104 
2308 1447 1104 381 
2309 211 1448 1409 
2310 1448 1449 1409 
2311 1448 267 1449 
2312 1409 1449 311 
2313 279 664 976 
2314 664 1302 976 
2315 664 323 1302 
2316 976 1302 335 
2317 328 1450 1452 
2318 1450 1451 1452 
2319 1450 306 1451 
2320 1452 1451 356 
2321 339 1319 595 
2322 1319 1453 595 
2323 1319 368 1453 
2324 595 1453 399 
2325 426 1454 1455 
2326 1454 546 1455 
2327 1454 457 546 
2328 1455 546 475 
2329 357 1254 1401 
2330 1254 769 1401 
2331 1254 345 769 
2332 1401 769 402 
2333 300 794 1295 
2334 794 1381 1295 
2335 794 329 1381 
2336 1295 1381 360 
2337 394 782 1437 
2338 782 1325 1437 
2339 782 372 1325 
2340 1437 1325 427 
2341 392 1456 1458 
2342 1456 1457 1458 
2343 1456 408 1457 
2344 1458 1457 420 
2345 189 1459 1258 
2346 1459 874 1258 
2347 1459 226 874 
2348 1258 874 284 
2349 425 1414 647 
2350 1414 1441 647 
2351 1414 394 1441 
2352 647 1441 450 
2353 278 658 962 
2354 658 1312 962 
2355 658 322 1312 
2356 962 1312 334 
2357 413 772 1431 
2358 772 1460 1431 
2359 772 443 1460 
2360 1431 1460 449 
2361 399 1453 1445 
2362 1453 1461 1445 
2363 1453 368 1461 
2364 1445 1461 441 
2365 450 1413 646 
2366 1413 1462 646 
2367 1413 478 1462 
2368 646 1462 487 
2369 409 1463 1393 
2370 1463 956 1393 
2371 1463 445 956 
2372 1393 956 453 
2373 61 62 1464 
2374 62 905 1464 
2375 62 63 905 
2376 1464 905 224 
2377 254 1465 1299 
2378 1465 1466 1299 
2379 1465 315 1466 
2380 1299 1466 330 
2381 424 1432 607 
2382 1432 1467 607 
2383 1432 449 1467 
2384 607 1467 471 
2385 472 1468 1470 
2386 1468 1469 1470 
2387 1468 453 1469 
2388 1470 1469 501 
2389 368 1471 1461 
2390 1471 930 1461 
2391 1471 407 930 
2392 1461 930 441 
2393 392 1472 1456 
2394 1472 1473 1456 
2395 1472 327 1473 
2396 1456 1473 408 
2397 410 1379 1016 
2398 1379 1392 1016 
2399 1379 409 1392 
2400 1016 1392 437 
2401 449 1460 1475 
2402 1460 1474 1475 
2403 1460 443 1474 
2404 1475 1474 473 
2405 408 1476 1478 
2406 1476 1477 1478 
2407 1476 432 1477 
2408 1478 1477 464 
2409 464 1479 1480 
2410 1479 644 1480 
2411 1479 480 644 
2412 1480 644 493 
2413 478 602 1482 
2414 602 1481 1482 
2415 602 492 1481 
2416 1482 1481 506 
2417 436 1195 1483 
2418 1195 1226 1483 
2419 1195 406 1226 
2420 1483 1226 444 
2421 464 1477 1479 
2422 1477 650 1479 
2423 1477 432 650 
2424 1479 650 480 
2425 469 932 1276 
2426 932 1484 1276 
2427 932 456 1484 
2428 1276 1484 498 
2429 368 1485 1471 
2430 1485 1486 1471 
2431 1485 328 1486 
2432 1471 1486 407 
2433 479 1235 1123 
2434 1235 1487 1123 
2435 1235 461 1487 
2436 1123 1487 496 
2437 139 140 1488 
2438 140 918 1488 
2439 140 141 918 
2440 1488 918 226 
2441 473 1489 1266 
2442 1489 1490 1266 
2443 1489 466 1490 
2444 1266 1490 482 
2445 392 1458 1492 
2446 1458 1491 1492 
2447 1458 420 1491 
2448 1492 1491 467 
2449 418 1493 1234 
2450 1493 1494 1234 
2451 1493 392 1494 
2452 1234 1494 444 
2453 498 1495 896 
2454 1495 1496 896 
2455 1495 472 1496 
2456 896 1496 514 
2457 388 898 1378 
2458 898 1370 1378 
2459 898 387 1370 
2460 1378 1370 409 
2461 420 1497 1499 
2462 1497 1498 1499 
2463 1497 470 1498 
2464 1499 1498 483 
2465 487 1462 599 
2466 1462 1482 599 
2467 1462 478 1482 
2468 599 1482 506 
2469 474 1500 822 
2470 1500 1501 822 
2471 1500 490 1501 
2472 822 1501 494 
2473 322 1309 1377 
2474 1309 1009 1377 
2475 1309 287 1009 
2476 1377 1009 353 
2477 506 1481 526 
2478 1481 1502 526 
2479 1481 492 1502 
2480 526 1502 517 
2481 326 1503 1505 
2482 1503 1504 1505 
2483 1503 302 1504 
2484 1505 1504 342 
2485 470 1506 1507 
2486 1506 827 1507 
2487 1506 493 827 
2488 1507 827 512 
2489 420 1508 1497 
2490 1508 1509 1497 
2491 1508 464 1509 
2492 1497 1509 470 
2493 467 1491 1510 
2494 1491 1499 1510 
2495 1491 420 1499 
2496 1510 1499 483 
2497 444 1494 1511 
2498 1494 1492 1511 
2499 1494 392 1492 
2500 1511 1492 467 
2501 209 1512 1365 
2502 1512 1513 1365 
2503 1512 270 1513 
2504 1365 1513 313 
2505 369 625 1197 
2506 625 1048 1197 
2507 625 417 1048 
2508 1197 1048 440 
2509 328 1514 1486 
2510 1514 1216 1486 
2511 1514 386 1216 
2512 1486 1216 407 
2513 264 661 1273 
2514 661 1350 1273 
2515 661 288 1350 
2516 1273 1350 301 
2517 508 558 1079 
2518 558 1515 1079 
2519 558 500 1515 
2520 1079 1515 512 
2521 329 1359 1382 
2522 1359 914 1382 
2523 1359 355 914 
2524 1382 914 388 
2525 200 1516 1518 
2526 1516 1517 1518 
2527 1516 170 1517 
2528 1518 1517 213 
2529 446 1519 1520 
2530 1519 542 1520 
2531 1519 475 542 
2532 1520 542 490 
2533 426 927 1454 
2534 927 1391 1454 
2535 927 393 1391 
2536 1454 1391 457 
2537 100 101 1522 
2538 101 1521 1522 
2539 101 102 1521 
2540 1522 1521 199 
2541 377 1443 1439 
2542 1443 751 1439 
2543 1443 344 751 
2544 1439 751 401 
2545 449 1475 1523 
2546 1475 1267 1523 
2547 1475 473 1267 
2548 1523 1267 497 
2549 327 1524 1473 
2550 1524 1525 1473 
2551 1524 377 1525 
2552 1473 1525 408 
2553 323 1292 1303 
2554 1292 993 1303 
2555 1292 286 993 
2556 1303 993 354 
2557 363 1526 1527 
2558 1526 1493 1527 
2559 1526 392 1493 
2560 1527 1493 418 
2561 22 23 1529 
2562 23 1528 1529 
2563 23 24 1528 
2564 1529 1528 197 
2565 437 1394 1420 
2566 1394 1468 1420 
2567 1394 453 1468 
2568 1420 1468 472 
2569 292 1530 705 
2570 1530 1531 705 
2571 1530 349 1531 
2572 705 1531 361 
2573 303 1532 1534 
2574 1532 1533 1534 
2575 1532 350 1533 
2576 1534 1533 379 
2577 446 937 1519 
2578 937 1455 1519 
2579 937 426 1455 
2580 1519 1455 475 
2581 363 1363 1526 
2582 1363 1472 1526 
2583 1363 327 1472 
2584 1526 1472 392 
2585 461 1155 1487 
2586 1155 1142 1487 
2587 1155 484 1142 
2588 1487 1142 496 
2589 311 1535 1537 
2590 1535 1536 1537 
2591 1535 343 1536 
2592 1537 1536 378 
2593 315 1321 1446 
2594 1321 1503 1446 
2595 1321 302 1503 
2596 1446 1503 326 
2597 387 1400 1371 
2598 1400 1050 1371 
2599 1400 380 1050 
2600 1371 1050 415 
2601 386 1032 1215 
2602 1032 1224 1215 
2603 1032 385 1224 
2604 1215 1224 406 
2605 409 1372 1463 
2606 1372 986 1463 
2607 1372 415 986 
2608 1463 986 445 
2609 215 1538 1540 
2610 1538 1539 1540 
2611 1538 169 1539 
2612 1540 1539 235 
2613 420 1457 1508 
2614 1457 1478 1508 
2615 1457 408 1478 
2616 1508 1478 464 
2617 435 938 1542 
2618 938 1541 1542 
2619 938 446 1541 
2620 1542 1541 462 
2621 471 1467 1170 
2622 1467 1523 1170 
2623 1467 449 1523 
2624 1170 1523 497 
2625 474 1543 1500 
2626 1543 1520 1500 
2627 1543 446 1520 
2628 1500 1520 490 
2629 378 1544 1545 
2630 1544 691 1545 
2631 1544 400 691 
2632 1545 691 433 
2633 379 1546 1547 
2634 1546 942 1547 
2635 1546 403 942 
2636 1547 942 435 
2637 456 1421 1484 
2638 1421 1495 1484 
2639 1421 472 1495 
2640 1484 1495 498 
2641 470 1509 1506 
2642 1509 1480 1506 
2643 1509 464 1480 
2644 1506 1480 493 
2645 494 1501 618 
2646 1501 540 618 
2647 1501 490 540 
2648 618 540 507 
2649 421 1548 1549 
2650 1548 576 1549 
2651 1548 454 576 
2652 1549 576 477 
2653 301 1352 1358 
2654 1352 1005 1358 
2655 1352 317 1005 
2656 1358 1005 355 
2657 135 1550 1551 
2658 1550 1264 1551 
2659 1550 189 1264 
2660 1551 1264 238 
2661 330 1466 1411 
2662 1466 1447 1411 
2663 1466 315 1447 
2664 1411 1447 381 
2665 177 1552 1198 
2666 1552 1553 1198 
2667 1552 239 1553 
2668 1198 1553 245 
2669 338 1554 1399 
2670 1554 1407 1399 
2671 1554 312 1407 
2672 1399 1407 380 
2673 98 1555 1557 
2674 1555 1556 1557 
2675 1555 199 1556 
2676 1557 1556 236 
2677 389 1558 1188 
2678 1558 1542 1188 
2679 1558 435 1542 
2680 1188 1542 462 
2681 326 1559 1100 
2682 1559 713 1100 
2683 1559 370 713 
2684 1100 713 411 
2685 436 1483 1560 
2686 1483 1511 1560 
2687 1483 444 1511 
2688 1560 1511 467 
2689 472 1470 1496 
2690 1470 1065 1496 
2691 1470 501 1065 
2692 1496 1065 514 
2693 213 1517 1395 
2694 1517 1426 1395 
2695 1517 170 1426 
2696 1395 1426 285 
2697 514 1057 892 
2698 1057 585 892 
2699 1057 503 585 
2700 892 585 520 
2701 251 1561 1562 
2702 1561 1265 1562 
2703 1561 238 1265 
2704 1562 1265 312 
2705 333 1369 1436 
2706 1369 1242 1436 
2707 1369 382 1242 
2708 1436 1242 395 
2709 289 1366 1362 
2710 1366 1563 1362 
2711 1366 313 1563 
2712 1362 1563 327 
2713 452 1564 1297 
2714 1564 1510 1297 
2715 1564 467 1510 
2716 1297 1510 483 
2717 500 1565 1515 
2718 1565 1507 1515 
2719 1565 470 1507 
2720 1515 1507 512 
2721 275 1566 1334 
2722 1566 1364 1334 
2723 1566 209 1364 
2724 1334 1364 289 
2725 421 684 1548 
2726 684 1402 1548 
2727 684 357 1402 
2728 1548 1402 454 
2729 178 1567 1203 
2730 1567 1568 1203 
2731 1567 240 1568 
2732 1203 1568 247 
2733 419 714 1248 
2734 714 1569 1248 
2735 714 390 1569 
2736 1248 1569 459 
2737 462 1541 1165 
2738 1541 1543 1165 
2739 1541 446 1543 
2740 1165 1543 474 
2741 408 1525 1476 
2742 1525 1440 1476 
2743 1525 377 1440 
2744 1476 1440 432 
2745 202 1570 1571 
2746 1570 1416 1571 
2747 1570 53 1416 
2748 1571 1416 234 
2749 273 1306 869 
2750 1306 1408 869 
2751 1306 211 1408 
2752 869 1408 291 
2753 288 1572 1351 
2754 1572 1368 1351 
2755 1572 241 1368 
2756 1351 1368 317 
2757 312 1259 1406 
2758 1259 883 1406 
2759 1259 284 883 
2760 1406 883 347 
2761 455 1573 1574 
2762 1573 580 1574 
2763 1573 477 580 
2764 1574 580 491 
2765 203 1575 1193 
2766 1575 1576 1193 
2767 1575 198 1576 
2768 1193 1576 262 
2769 55 56 1418 
2770 56 1577 1418 
2771 56 57 1577 
2772 1418 1577 167 
2773 299 1256 1318 
2774 1256 1485 1318 
2775 1256 328 1485 
2776 1318 1485 368 
2777 389 1578 1558 
2778 1578 1547 1558 
2779 1578 379 1547 
2780 1558 1547 435 
2781 215 1540 1433 
2782 1540 1349 1433 
2783 1540 235 1349 
2784 1433 1349 281 
2785 205 1116 1094 
2786 1116 1213 1094 
2787 1116 179 1213 
2788 1094 1213 218 
2789 468 698 1579 
2790 698 1574 1579 
2791 698 455 1574 
2792 1579 1574 491 
2793 133 1580 1385 
2794 1580 1581 1385 
2795 1580 171 1581 
2796 1385 1581 241 
2797 451 1582 1583 
2798 1582 556 1583 
2799 1582 476 556 
2800 1583 556 499 
2801 379 1533 1546 
2802 1533 1404 1546 
2803 1533 350 1404 
2804 1546 1404 403 
2805 390 1584 1569 
2806 1584 1228 1569 
2807 1584 439 1228 
2808 1569 1228 459 
2809 443 1202 1474 
2810 1202 1489 1474 
2811 1202 466 1489 
2812 1474 1489 473 
2813 327 1563 1524 
2814 1563 1444 1524 
2815 1563 313 1444 
2816 1524 1444 377 
2817 452 911 1564 
2818 911 1560 1564 
2819 911 436 1560 
2820 1564 1560 467 
2821 481 1229 1585 
2822 1229 1583 1585 
2823 1229 451 1583 
2824 1585 1583 499 
2825 20 1586 1587 
2826 1586 1348 1587 
2827 1586 197 1348 
2828 1587 1348 235 
2829 495 1059 773 
2830 1059 1588 773 
2831 1059 486 1588 
2832 773 1588 510 
2833 451 1206 1582 
2834 1206 570 1582 
2835 1206 422 570 
2836 1582 570 476 
2837 198 1589 1591 
2838 1589 1590 1591 
2839 1589 169 1590 
2840 1591 1590 237 
2841 453 952 1469 
2842 952 1592 1469 
2843 952 485 1592 
2844 1469 1592 501 
2845 510 1593 693 
2846 1593 563 693 
2847 1593 509 563 
2848 693 563 519 
2849 486 878 1595 
2850 878 1594 1595 
2851 878 481 1594 
2852 1595 1594 509 
2853 233 1596 1598 
2854 1596 1597 1598 
2855 1596 188 1597 
2856 1598 1597 314 
2857 12 1599 1600 
2858 1599 1143 1600 
2859 1599 203 1143 
2860 1600 1143 239 
2861 434 935 1601 
2862 935 1063 1601 
2863 935 448 1063 
2864 1601 1063 482 
2865 167 1577 1603 
2866 1577 1602 1603 
2867 1577 57 1602 
2868 1603 1602 233 
2869 481 1585 1594 
2870 1585 561 1594 
2871 1585 499 561 
2872 1594 561 509 
2873 391 1604 1605 
2874 1604 1545 1605 
2875 1604 378 1545 
2876 1605 1545 433 
2877 468 1579 1056 
2878 1579 583 1056 
2879 1579 491 583 
2880 1056 583 503 
2881 326 1505 1559 
2882 1505 682 1559 
2883 1505 342 682 
2884 1559 682 370 
2885 378 1536 1544 
2886 1536 701 1544 
2887 1536 343 701 
2888 1544 701 400 
2889 268 761 1345 
2890 761 1218 1345 
2891 761 186 1218 
2892 1345 1218 310 
2893 292 673 1530 
2894 673 1290 1530 
2895 673 265 1290 
2896 1530 1290 349 
2897 485 1606 1592 
2898 1606 1064 1592 
2899 1606 468 1064 
2900 1592 1064 501 
2901 280 1607 1331 
2902 1607 1430 1331 
2903 1607 234 1430 
2904 1331 1430 316 
2905 390 708 1584 
2906 708 1608 1584 
2907 708 361 1608 
2908 1584 1608 439 
2909 313 1513 1442 
2910 1513 758 1442 
2911 1513 270 758 
2912 1442 758 344 
2913 324 1609 1212 
2914 1609 1578 1212 
2915 1609 379 1578 
2916 1212 1578 389 
2917 208 1610 1611 
2918 1610 680 1611 
2919 1610 266 680 
2920 1611 680 342 
2921 455 689 1573 
2922 689 1549 1573 
2923 689 421 1549 
2924 1573 1549 477 
2925 90 1612 1613 
2926 1612 1129 1613 
2927 1612 204 1129 
2928 1613 1129 240 
2929 483 1498 1298 
2930 1498 1565 1298 
2931 1498 470 1565 
2932 1298 1565 500 
2933 199 1614 1616 
2934 1614 1615 1616 
2935 1614 163 1615 
2936 1616 1615 210 
2937 102 966 1521 
2938 966 1614 1521 
2939 966 163 1614 
2940 1521 1614 199 
2941 187 894 1618 
2942 894 1617 1618 
2943 894 208 1617 
2944 1618 1617 259 
2945 486 1595 1588 
2946 1595 1593 1588 
2947 1595 509 1593 
2948 1588 1593 510 
2949 328 1452 1514 
2950 1452 1020 1514 
2951 1452 356 1020 
2952 1514 1020 386 
2953 391 1605 1138 
2954 1605 696 1138 
2955 1605 433 696 
2956 1138 696 447 
2957 188 1619 1620 
2958 1619 1464 1620 
2959 1619 61 1464 
2960 1620 1464 224 
2961 189 1621 1459 
2962 1621 1488 1459 
2963 1621 139 1488 
2964 1459 1488 226 
2965 361 1622 1608 
2966 1622 1208 1608 
2967 1622 404 1208 
2968 1608 1208 439 
2969 325 1623 1624 
2970 1623 1604 1624 
2971 1623 378 1604 
2972 1624 1604 391 
2973 361 1531 1622 
2974 1531 1435 1622 
2975 1531 349 1435 
2976 1622 1435 404 
2977 57 58 1626 
2978 58 1625 1626 
2979 58 59 1625 
2980 1626 1625 188 
2981 59 60 1625 
2982 60 1619 1625 
2983 60 61 1619 
2984 1625 1619 188 
2985 303 730 1532 
2986 730 1347 1532 
2987 730 268 1347 
2988 1532 1347 350 
2989 324 748 1609 
2990 748 1534 1609 
2991 748 303 1534 
2992 1609 1534 379 
2993 169 1538 1590 
2994 1538 1422 1590 
2995 1538 215 1422 
2996 1590 1422 237 
2997 164 990 958 
2998 990 1566 958 
2999 990 209 1566 
3000 958 1566 275 
3001 385 1627 1233 
3002 1627 1279 1233 
3003 1627 376 1279 
3004 1233 1279 418 
3005 254 1434 1465 
3006 1434 1322 1465 
3007 1434 281 1322 
3008 1465 1322 315 
3009 57 1626 1602 
3010 1626 1596 1602 
3011 1626 188 1596 
3012 1602 1596 233 
3013 311 1449 1535 
3014 1449 704 1535 
3015 1449 267 704 
3016 1535 704 343 
3017 325 1628 1623 
3018 1628 1537 1623 
3019 1628 311 1537 
3020 1623 1537 378 
3021 291 1410 1293 
3022 1410 1628 1293 
3023 1410 311 1628 
3024 1293 1628 325 
3025 170 1629 1424 
3026 1629 1557 1424 
3027 1629 98 1557 
3028 1424 1557 236 
3029 197 1630 1180 
3030 1630 1618 1180 
3031 1630 187 1618 
3032 1180 1618 259 
3033 169 1631 1539 
3034 1631 1587 1539 
3035 1631 20 1587 
3036 1539 1587 235 
3037 362 1632 978 
3038 1632 1148 978 
3039 1632 391 1148 
3040 978 1148 428 
3041 320 1274 793 
3042 1274 1357 793 
3043 1274 301 1357 
3044 793 1357 329 
3045 236 1633 1634 
3046 1633 1326 1634 
3047 1633 210 1326 
3048 1634 1326 260 
3049 24 849 1528 
3050 849 1630 1528 
3051 849 187 1630 
3052 1528 1630 197 
3053 337 1635 1031 
3054 1635 1627 1031 
3055 1635 376 1627 
3056 1031 1627 385 
3057 348 1339 1278 
3058 1339 1527 1278 
3059 1339 363 1527 
3060 1278 1527 418 
3061 204 1636 1177 
3062 1636 1637 1177 
3063 1636 200 1637 
3064 1177 1637 261 
3065 306 1332 1451 
3066 1332 1093 1451 
3067 1332 316 1093 
3068 1451 1093 356 
3069 247 1568 1291 
3070 1568 1131 1291 
3071 1568 240 1131 
3072 1291 1131 286 
3073 362 1294 1632 
3074 1294 1624 1632 
3075 1294 325 1624 
3076 1632 1624 391 
3077 466 1353 1490 
3078 1353 1601 1490 
3079 1353 434 1601 
3080 1490 1601 482 
3081 127 1638 1640 
3082 1638 1639 1640 
3083 1638 201 1639 
3084 1640 1639 242 
3085 337 1641 1635 
3086 1641 1428 1635 
3087 1641 314 1428 
3088 1635 1428 376 
3089 447 699 1139 
3090 699 1606 1139 
3091 699 468 1606 
3092 1139 1606 485 
3093 245 1553 1308 
3094 1553 1145 1308 
3095 1553 239 1145 
3096 1308 1145 287 
3097 171 1642 1643 
3098 1642 1551 1643 
3099 1642 135 1551 
3100 1643 1551 238 
3101 263 1044 1255 
3102 1044 1450 1255 
3103 1044 306 1450 
3104 1255 1450 328 
3105 302 1644 1504 
3106 1644 1611 1504 
3107 1644 208 1611 
3108 1504 1611 342 
3109 236 1634 1425 
3110 1634 1387 1425 
3111 1634 260 1387 
3112 1425 1387 285 
3113 211 953 1448 
3114 953 991 1448 
3115 953 193 991 
3116 1448 991 267 
3117 171 1643 1645 
3118 1643 1561 1645 
3119 1643 238 1561 
3120 1645 1561 251 
3121 199 1616 1556 
3122 1616 1633 1556 
3123 1616 210 1633 
3124 1556 1633 236 
3125 98 99 1555 
3126 99 1522 1555 
3127 99 100 1522 
3128 1555 1522 199 
3129 200 1518 1637 
3130 1518 1323 1637 
3131 1518 213 1323 
3132 1637 1323 261 
3133 20 21 1586 
3134 21 1529 1586 
3135 21 22 1529 
3136 1586 1529 197 
3137 198 1591 1576 
3138 1591 1285 1576 
3139 1591 237 1285 
3140 1576 1285 262 
3141 177 1646 1552 
3142 1646 1600 1552 
3143 1646 12 1600 
3144 1552 1600 239 
3145 167 1603 1648 
3146 1603 1647 1648 
3147 1603 233 1647 
3148 1648 1647 253 
3149 201 1649 1650 
3150 1649 1386 1650 
3151 1649 131 1386 
3152 1650 1386 241 
3153 178 1651 1567 
3154 1651 1613 1567 
3155 1651 90 1613 
3156 1567 1613 240 
3157 253 1647 1652 
3158 1647 1598 1652 
3159 1647 233 1598 
3160 1652 1598 314 
3161 208 893 1610 
3162 893 969 1610 
3163 893 161 969 
3164 1610 969 266 
3165 18 19 1653 
3166 19 1631 1653 
3167 19 20 1631 
3168 1653 1631 169 
3169 251 1562 999 
3170 1562 1554 999 
3171 1562 312 1554 
3172 999 1554 338 
3173 96 97 1654 
3174 97 1629 1654 
3175 97 98 1629 
3176 1654 1629 170 
3177 135 136 1550 
3178 136 1655 1550 
3179 136 137 1655 
3180 1550 1655 189 
3181 137 138 1655 
3182 138 1621 1655 
3183 138 139 1621 
3184 1655 1621 189 
3185 259 1617 1236 
3186 1617 1644 1236 
3187 1617 208 1644 
3188 1236 1644 302 
3189 209 989 1512 
3190 989 1038 1512 
3191 989 192 1038 
3192 1512 1038 270 
3193 253 1652 1128 
3194 1652 1641 1128 
3195 1652 314 1641 
3196 1128 1641 337 
3197 202 1571 1656 
3198 1571 1607 1656 
3199 1571 234 1607 
3200 1656 1607 280 
3201 179 1657 1214 
3202 1657 1640 1214 
3203 1657 127 1640 
3204 1214 1640 242 
3205 51 52 1658 
3206 52 1570 1658 
3207 52 53 1570 
3208 1658 1570 202 
3209 241 1581 1367 
3210 1581 1645 1367 
3211 1581 171 1645 
3212 1367 1645 251 
3213 16 17 1660 
3214 17 1659 1660 
3215 17 18 1659 
3216 1660 1659 198 
3217 14 15 1661 
3218 15 1660 1661 
3219 15 16 1660 
3220 1661 1660 198 
3221 234 1419 1429 
3222 1419 1648 1429 
3223 1419 167 1648 
3224 1429 1648 253 
3225 210 1615 1662 
3226 1615 977 1662 
3227 1615 163 977 
3228 1662 977 269 
3229 94 95 1664 
3230 95 1663 1664 
3231 95 96 1663 
3232 1664 1663 200 
3233 92 93 1665 
3234 93 1664 1665 
3235 93 94 1664 
3236 1665 1664 200 
3237 210 1662 1356 
3238 1662 746 1356 
3239 1662 269 746 
3240 1356 746 290 
3241 12 13 1599 
3242 13 1666 1599 
3243 13 14 1666 
3244 1599 1666 203 
3245 133 134 1580 
3246 134 1642 1580 
3247 134 135 1642 
3248 1580 1642 171 
3249 201 1650 1667 
3250 1650 1572 1667 
3251 1650 241 1572 
3252 1667 1572 288 
3253 353 997 1342 
3254 997 1176 1342 
3255 997 296 1176 
3256 1342 1176 373 
3257 90 91 1612 
3258 91 1668 1612 
3259 91 92 1668 
3260 1612 1668 204 
3261 188 1669 1597 
3262 1669 1427 1597 
3263 1669 283 1427 
3264 1597 1427 314 
3265 49 50 1173 
3266 50 1670 1173 
3267 50 51 1670 
3268 1173 1670 174 
3269 188 1620 1669 
3270 1620 865 1669 
3271 1620 224 865 
3272 1669 865 283 
3273 354 983 1360 
3274 983 1271 1360 
3275 983 319 1271 
3276 1360 1271 384 
3277 18 1653 1659 
3278 1653 1589 1659 
3279 1653 169 1589 
3280 1659 1589 198 
3281 10 11 1671 
3282 11 1646 1671 
3283 11 12 1646 
3284 1671 1646 177 
3285 174 1672 1673 
3286 1672 1656 1673 
3287 1672 202 1656 
3288 1673 1656 280 
3289 88 89 1674 
3290 89 1651 1674 
3291 89 90 1651 
3292 1674 1651 178 
3293 96 1654 1663 
3294 1654 1516 1663 
3295 1654 170 1516 
3296 1663 1516 200 
3297 127 128 1638 
3298 128 1675 1638 
3299 128 129 1675 
3300 1638 1675 201 
3301 129 130 1675 
3302 130 1649 1675 
3303 130 131 1649 
3304 1675 1649 201 
3305 242 1639 660 
3306 1639 1667 660 
3307 1639 201 1667 
3308 660 1667 288 
3309 14 1661 1666 
3310 1661 1575 1666 
3311 1661 198 1575 
3312 1666 1575 203 
3313 92 1665 1668 
3314 1665 1636 1668 
3315 1665 200 1636 
3316 1668 1636 204 
3317 174 1670 1672 
3318 1670 1658 1672 
3319 1670 51 1658 
3320 1672 1658 202 
3321 217 1676 1099 
3322 1676 1673 1099 
3323 1676 174 1673 
3324 1099 1673 280 
3325 123 124 1115 
3326 124 1677 1115 
3327 124 125 1677 
3328 1115 1677 179 
3329 125 126 1677 
3330 126 1657 1677 
3331 126 127 1657 
3332 1677 1657 179 
3333 8 9 1679 
3334 9 1678 1679 
3335 9 10 1678 
3336 1679 1678 183 
3337 6 7 1149 
3338 7 1679 1149 
3339 7 8 1679 
3340 1149 1679 183 
3341 86 87 1681 
3342 87 1680 1681 
3343 87 88 1680 
3344 1681 1680 184 
3345 84 85 1151 
3346 85 1681 1151 
3347 85 86 1681 
3348 1151 1681 184 
3349 10 1671 1678 
3350 1671 1158 1678 
3351 1671 177 1158 
3352 1678 1158 183 
3353 174 1676 1174 
3354 1676 716 1174 
3355 1676 217 716 
3356 1174 716 244 
3357 88 1674 1680 
3358 1674 1160 1680 
3359 1674 178 1160 
3360 1680 1160 184 
3361 492 1108 1502 
3362 1108 529 1502 
3363 1108 502 529 
3364 1502 529 517 
$EndElements
